calculation_code,period_code,production_order_code,stock_item_code,stock_item_name,good_quantity,material_cost,direct_labor_cost,overhead_cost,adjustment_amount,total_cost,unit_cost,target_status,notes
fixture_calculation_2026_00001,fixture_cost_period_2026_01,production_order_2026_00001,fg_0001,Sữa tươi tiệt trùng Green Farm Rất ít đường - 110 ml,1800.000000,2160000.00,324000.00,252000.00,-5400.00,2730600.00,1517.000000,calculated,Mã kiểm tra fixture_calculation_2026_00001; phân bổ theo sản lượng đạt và chi phí thực tế.
fixture_calculation_2026_00002,fixture_cost_period_2026_02,production_order_2026_00002,fg_0002,Sữa tươi tiệt trùng Green Farm Rất ít đường - 180 ml,1901.000000,2442785.00,370695.00,304160.00,3802.00,3121442.00,1642.000000,approved,Mã kiểm tra fixture_calculation_2026_00002; phân bổ theo sản lượng đạt và chi phí thực tế.
fixture_calculation_2026_00003,fixture_cost_period_2026_03,production_order_2026_00003,fg_0003,Sữa tươi tiệt trùng Green Farm Rất ít đường - 220 ml,2002.000000,2742740.00,420420.00,360360.00,4004.00,3527524.00,1762.000000,locked,Mã kiểm tra fixture_calculation_2026_00003; phân bổ theo sản lượng đạt và chi phí thực tế.
fixture_calculation_2026_00004,fixture_cost_period_2026_04,production_order_2026_00004,fg_0004,Sữa tươi tiệt trùng Green Farm Rất ít đường - 400 ml,2103.000000,3059865.00,473175.00,420600.00,4206.00,3957846.00,1882.000000,cancelled,Mã kiểm tra fixture_calculation_2026_00004; phân bổ theo sản lượng đạt và chi phí thực tế.
fixture_calculation_2026_00005,fixture_cost_period_2026_05,production_order_2026_00005,fg_0005,Sữa tươi tiệt trùng Green Farm Rất ít đường - Thùng tiêu chuẩn,2204.000000,3394160.00,528960.00,308560.00,4408.00,4236088.00,1922.000000,calculated,Mã kiểm tra fixture_calculation_2026_00005; phân bổ theo sản lượng đạt và chi phí thực tế.
fixture_calculation_2026_00006,fixture_cost_period_2026_06,production_order_2026_00006,fg_0006,Sữa tươi tiệt trùng Green Farm Organic - 110 ml,2305.000000,3745625.00,414900.00,368800.00,4610.00,4533935.00,1967.000000,approved,Mã kiểm tra fixture_calculation_2026_00006; phân bổ theo sản lượng đạt và chi phí thực tế.
fixture_calculation_2026_00007,fixture_cost_period_2026_07,production_order_2026_00007,fg_0007,Sữa tươi tiệt trùng Green Farm Organic - 180 ml,2406.000000,4114260.00,469170.00,433080.00,4812.00,5021322.00,2087.000000,locked,Mã kiểm tra fixture_calculation_2026_00007; phân bổ theo sản lượng đạt và chi phí thực tế.
fixture_calculation_2026_00008,fixture_cost_period_2026_08,production_order_2026_00008,fg_0008,Sữa tươi tiệt trùng Green Farm Organic - 220 ml,2507.000000,3008400.00,526470.00,501400.00,5014.00,4041284.00,1612.000000,cancelled,Mã kiểm tra fixture_calculation_2026_00008; phân bổ theo sản lượng đạt và chi phí thực tế.
fixture_calculation_2026_00009,fixture_cost_period_2026_09,production_order_2026_00009,fg_0009,Sữa tươi tiệt trùng Green Farm Organic - 400 ml,2608.000000,3351280.00,586800.00,365120.00,5216.00,4308416.00,1652.000000,calculated,Mã kiểm tra fixture_calculation_2026_00009; phân bổ theo sản lượng đạt và chi phí thực tế.
fixture_calculation_2026_00010,fixture_cost_period_2026_10,production_order_2026_00010,fg_0010,Sữa tươi tiệt trùng Green Farm Organic - Thùng tiêu chuẩn,2709.000000,3711330.00,650160.00,433440.00,5418.00,4800348.00,1772.000000,approved,Mã kiểm tra fixture_calculation_2026_00010; phân bổ theo sản lượng đạt và chi phí thực tế.
fixture_calculation_2026_00011,fixture_cost_period_2026_11,production_order_2026_00011,fg_0011,Sữa tươi tiệt trùng Green Farm Cao đạm ít béo - 110 ml,2810.000000,4088550.00,505800.00,505800.00,-8430.00,5091720.00,1812.000000,locked,Mã kiểm tra fixture_calculation_2026_00011; phân bổ theo sản lượng đạt và chi phí thực tế.
fixture_calculation_2026_00012,fixture_cost_period_2026_12,production_order_2026_00012,fg_0012,Sữa tươi tiệt trùng Green Farm Cao đạm ít béo - 180 ml,2911.000000,4482940.00,567645.00,582200.00,5822.00,5638607.00,1937.000000,cancelled,Mã kiểm tra fixture_calculation_2026_00012; phân bổ theo sản lượng đạt và chi phí thực tế.
fixture_calculation_2026_00013,fixture_cost_period_2026_01,production_order_2026_00013,fg_0013,Sữa tươi tiệt trùng Green Farm Cao đạm ít béo - 220 ml,3012.000000,4894500.00,632520.00,421680.00,6024.00,5954724.00,1977.000000,calculated,Mã kiểm tra fixture_calculation_2026_00013; phân bổ theo sản lượng đạt và chi phí thực tế.
fixture_calculation_2026_00014,fixture_cost_period_2026_02,production_order_2026_00014,fg_0014,Sữa tươi tiệt trùng Green Farm Cao đạm ít béo - 400 ml,3113.000000,5323230.00,700425.00,498080.00,6226.00,6527961.00,2097.000000,approved,Mã kiểm tra fixture_calculation_2026_00014; phân bổ theo sản lượng đạt và chi phí thực tế.
fixture_calculation_2026_00015,fixture_cost_period_2026_03,production_order_2026_00015,fg_0015,Sữa tươi tiệt trùng Green Farm Cao đạm ít béo - Thùng tiêu chuẩn,3214.000000,3856800.00,771360.00,578520.00,6428.00,5213108.00,1622.000000,locked,Mã kiểm tra fixture_calculation_2026_00015; phân bổ theo sản lượng đạt và chi phí thực tế.
fixture_calculation_2026_00016,fixture_cost_period_2026_04,production_order_2026_00016,fg_0016,Sữa tươi tiệt trùng 100% Ít đường - 110 ml,3315.000000,4259775.00,596700.00,663000.00,6630.00,5526105.00,1667.000000,cancelled,Mã kiểm tra fixture_calculation_2026_00016; phân bổ theo sản lượng đạt và chi phí thực tế.
fixture_calculation_2026_00017,fixture_cost_period_2026_05,production_order_2026_00017,fg_0017,Sữa tươi tiệt trùng 100% Ít đường - 180 ml,3416.000000,4679920.00,666120.00,478240.00,6832.00,5831112.00,1707.000000,calculated,Mã kiểm tra fixture_calculation_2026_00017; phân bổ theo sản lượng đạt và chi phí thực tế.
fixture_calculation_2026_00018,fixture_cost_period_2026_06,production_order_2026_00018,fg_0018,Sữa tươi tiệt trùng 100% Ít đường - 220 ml,3517.000000,5117235.00,738570.00,562720.00,7034.00,6425559.00,1827.000000,approved,Mã kiểm tra fixture_calculation_2026_00018; phân bổ theo sản lượng đạt và chi phí thực tế.
fixture_calculation_2026_00019,fixture_cost_period_2026_07,production_order_2026_00019,fg_0019,Sữa tươi tiệt trùng 100% Ít đường - 400 ml,3618.000000,5571720.00,814050.00,651240.00,7236.00,7044246.00,1947.000000,locked,Mã kiểm tra fixture_calculation_2026_00019; phân bổ theo sản lượng đạt và chi phí thực tế.
fixture_calculation_2026_00020,fixture_cost_period_2026_08,production_order_2026_00020,fg_0020,Sữa tươi tiệt trùng 100% Ít đường - Thùng tiêu chuẩn,3719.000000,6043375.00,892560.00,743800.00,7438.00,7687173.00,2067.000000,cancelled,Mã kiểm tra fixture_calculation_2026_00020; phân bổ theo sản lượng đạt và chi phí thực tế.
fixture_calculation_2026_00021,fixture_cost_period_2026_09,production_order_2026_00021,fg_0021,Sữa tươi tiệt trùng 100% Không đường - 110 ml,3820.000000,6532200.00,687600.00,534800.00,-11460.00,7743140.00,2027.000000,calculated,Mã kiểm tra fixture_calculation_2026_00021; phân bổ theo sản lượng đạt và chi phí thực tế.
fixture_calculation_2026_00022,fixture_cost_period_2026_10,production_order_2026_00022,fg_0022,Sữa tươi tiệt trùng 100% Không đường - 180 ml,3921.000000,4705200.00,764595.00,627360.00,7842.00,6104997.00,1557.000000,approved,Mã kiểm tra fixture_calculation_2026_00022; phân bổ theo sản lượng đạt và chi phí thực tế.
fixture_calculation_2026_00023,fixture_cost_period_2026_11,production_order_2026_00023,fg_0023,Sữa tươi tiệt trùng 100% Không đường - 220 ml,4022.000000,5168270.00,844620.00,723960.00,8044.00,6744894.00,1677.000000,locked,Mã kiểm tra fixture_calculation_2026_00023; phân bổ theo sản lượng đạt và chi phí thực tế.
fixture_calculation_2026_00024,fixture_cost_period_2026_12,production_order_2026_00024,fg_0024,Sữa tươi tiệt trùng 100% Không đường - 400 ml,4123.000000,5648510.00,927675.00,824600.00,8246.00,7409031.00,1797.000000,cancelled,Mã kiểm tra fixture_calculation_2026_00024; phân bổ theo sản lượng đạt và chi phí thực tế.
fixture_calculation_2026_00025,fixture_cost_period_2026_01,production_order_2026_00025,fg_0025,Sữa tươi tiệt trùng 100% Không đường - Thùng tiêu chuẩn,4224.000000,6145920.00,1013760.00,591360.00,8448.00,7759488.00,1837.000000,calculated,Mã kiểm tra fixture_calculation_2026_00025; phân bổ theo sản lượng đạt và chi phí thực tế.
fixture_calculation_2026_00026,fixture_cost_period_2026_02,production_order_2026_00026,fg_0026,Sữa hạt 9 loại hạt Ít đường - 110 ml,4325.000000,6660500.00,778500.00,692000.00,8650.00,8139650.00,1882.000000,approved,Mã kiểm tra fixture_calculation_2026_00026; phân bổ theo sản lượng đạt và chi phí thực tế.
fixture_calculation_2026_00027,fixture_cost_period_2026_03,production_order_2026_00027,fg_0027,Sữa hạt 9 loại hạt Ít đường - 180 ml,4426.000000,7192250.00,863070.00,796680.00,8852.00,8860852.00,2002.000000,locked,Mã kiểm tra fixture_calculation_2026_00027; phân bổ theo sản lượng đạt và chi phí thực tế.
fixture_calculation_2026_00028,fixture_cost_period_2026_04,production_order_2026_00028,fg_0028,Sữa hạt 9 loại hạt Ít đường - 220 ml,4527.000000,7741170.00,950670.00,905400.00,9054.00,9606294.00,2122.000000,cancelled,Mã kiểm tra fixture_calculation_2026_00028; phân bổ theo sản lượng đạt và chi phí thực tế.
fixture_calculation_2026_00029,fixture_cost_period_2026_05,production_order_2026_00029,fg_0029,Sữa hạt 9 loại hạt Ít đường - 400 ml,4628.000000,5553600.00,1041300.00,647920.00,9256.00,7252076.00,1567.000000,calculated,Mã kiểm tra fixture_calculation_2026_00029; phân bổ theo sản lượng đạt và chi phí thực tế.
fixture_calculation_2026_00030,fixture_cost_period_2026_06,production_order_2026_00030,fg_0030,Sữa hạt 9 loại hạt Ít đường - Thùng tiêu chuẩn,4729.000000,6076765.00,1134960.00,756640.00,9458.00,7977823.00,1687.000000,approved,Mã kiểm tra fixture_calculation_2026_00030; phân bổ theo sản lượng đạt và chi phí thực tế.
fixture_calculation_2026_00031,fixture_cost_period_2026_07,production_order_2026_00031,fg_0031,Sữa đậu nành Hạnh nhân Ít đường - 110 ml,4830.000000,6617100.00,869400.00,869400.00,-14490.00,8341410.00,1727.000000,locked,Mã kiểm tra fixture_calculation_2026_00031; phân bổ theo sản lượng đạt và chi phí thực tế.
fixture_calculation_2026_00032,fixture_cost_period_2026_08,production_order_2026_00032,fg_0032,Sữa đậu nành Hạnh nhân Ít đường - 180 ml,4931.000000,7174605.00,961545.00,986200.00,9862.00,9132212.00,1852.000000,cancelled,Mã kiểm tra fixture_calculation_2026_00032; phân bổ theo sản lượng đạt và chi phí thực tế.
fixture_calculation_2026_00033,fixture_cost_period_2026_09,production_order_2026_00033,fg_0033,Sữa đậu nành Hạnh nhân Ít đường - 220 ml,5032.000000,7749280.00,1056720.00,704480.00,10064.00,9520544.00,1892.000000,calculated,Mã kiểm tra fixture_calculation_2026_00033; phân bổ theo sản lượng đạt và chi phí thực tế.
fixture_calculation_2026_00034,fixture_cost_period_2026_10,production_order_2026_00034,fg_0034,Sữa đậu nành Hạnh nhân Ít đường - 400 ml,5133.000000,8341125.00,1154925.00,821280.00,10266.00,10327596.00,2012.000000,approved,Mã kiểm tra fixture_calculation_2026_00034; phân bổ theo sản lượng đạt và chi phí thực tế.
fixture_calculation_2026_00035,fixture_cost_period_2026_11,production_order_2026_00035,fg_0035,Sữa đậu nành Hạnh nhân Ít đường - Thùng tiêu chuẩn,5234.000000,8950140.00,1256160.00,942120.00,10468.00,11158888.00,2132.000000,locked,Mã kiểm tra fixture_calculation_2026_00035; phân bổ theo sản lượng đạt và chi phí thực tế.
fixture_calculation_2026_00036,fixture_cost_period_2026_12,production_order_2026_00036,fg_0036,Sữa đậu nành Sữa tươi Ít đường - 110 ml,5335.000000,6402000.00,960300.00,1067000.00,10670.00,8439970.00,1582.000000,cancelled,Mã kiểm tra fixture_calculation_2026_00036; phân bổ theo sản lượng đạt và chi phí thực tế.
fixture_calculation_2026_00037,fixture_cost_period_2026_01,production_order_2026_00037,fg_0037,Sữa đậu nành Sữa tươi Ít đường - 180 ml,5436.000000,6985260.00,1060020.00,761040.00,10872.00,8817192.00,1622.000000,calculated,Mã kiểm tra fixture_calculation_2026_00037; phân bổ theo sản lượng đạt và chi phí thực tế.
fixture_calculation_2026_00038,fixture_cost_period_2026_02,production_order_2026_00038,fg_0038,Sữa đậu nành Sữa tươi Ít đường - 220 ml,5537.000000,7585690.00,1162770.00,885920.00,11074.00,9645454.00,1742.000000,approved,Mã kiểm tra fixture_calculation_2026_00038; phân bổ theo sản lượng đạt và chi phí thực tế.
fixture_calculation_2026_00039,fixture_cost_period_2026_03,production_order_2026_00039,fg_0039,Sữa đậu nành Sữa tươi Ít đường - 400 ml,5638.000000,8203290.00,1268550.00,1014840.00,11276.00,10497956.00,1862.000000,locked,Mã kiểm tra fixture_calculation_2026_00039; phân bổ theo sản lượng đạt và chi phí thực tế.
fixture_calculation_2026_00040,fixture_cost_period_2026_04,production_order_2026_00040,fg_0040,Sữa đậu nành Sữa tươi Ít đường - Thùng tiêu chuẩn,5739.000000,8838060.00,1377360.00,1147800.00,11478.00,11374698.00,1982.000000,cancelled,Mã kiểm tra fixture_calculation_2026_00040; phân bổ theo sản lượng đạt và chi phí thực tế.
fixture_calculation_2026_00041,fixture_cost_period_2026_05,production_order_2026_00041,fg_0041,Sữa bột CanxiPro - 110 ml,5840.000000,9490000.00,1051200.00,817600.00,-17520.00,11341280.00,1942.000000,calculated,Mã kiểm tra fixture_calculation_2026_00041; phân bổ theo sản lượng đạt và chi phí thực tế.
fixture_calculation_2026_00042,fixture_cost_period_2026_06,production_order_2026_00042,fg_0042,Sữa bột CanxiPro - 180 ml,5941.000000,10159110.00,1158495.00,950560.00,11882.00,12280047.00,2067.000000,approved,Mã kiểm tra fixture_calculation_2026_00042; phân bổ theo sản lượng đạt và chi phí thực tế.
fixture_calculation_2026_00043,fixture_cost_period_2026_07,production_order_2026_00043,fg_0043,Sữa bột CanxiPro - 220 ml,6042.000000,7250400.00,1268820.00,1087560.00,12084.00,9618864.00,1592.000000,locked,Mã kiểm tra fixture_calculation_2026_00043; phân bổ theo sản lượng đạt và chi phí thực tế.
fixture_calculation_2026_00044,fixture_cost_period_2026_08,production_order_2026_00044,fg_0044,Sữa bột CanxiPro - 400 ml,6143.000000,7893755.00,1382175.00,1228600.00,12286.00,10516816.00,1712.000000,cancelled,Mã kiểm tra fixture_calculation_2026_00044; phân bổ theo sản lượng đạt và chi phí thực tế.
fixture_calculation_2026_00045,fixture_cost_period_2026_09,production_order_2026_00045,fg_0045,Sữa bột CanxiPro - Thùng tiêu chuẩn,6244.000000,8554280.00,1498560.00,874160.00,12488.00,10939488.00,1752.000000,calculated,Mã kiểm tra fixture_calculation_2026_00045; phân bổ theo sản lượng đạt và chi phí thực tế.
fixture_calculation_2026_00046,fixture_cost_period_2026_10,production_order_2026_00046,fg_0046,Sữa chua uống SuSu Hương Dâu - 110 ml,6345.000000,9231975.00,1142100.00,1015200.00,12690.00,11401965.00,1797.000000,approved,Mã kiểm tra fixture_calculation_2026_00046; phân bổ theo sản lượng đạt và chi phí thực tế.
fixture_calculation_2026_00047,fixture_cost_period_2026_11,production_order_2026_00047,fg_0047,Sữa chua uống SuSu Hương Dâu - 180 ml,6446.000000,9926840.00,1256970.00,1160280.00,12892.00,12356982.00,1917.000000,locked,Mã kiểm tra fixture_calculation_2026_00047; phân bổ theo sản lượng đạt và chi phí thực tế.
fixture_calculation_2026_00048,fixture_cost_period_2026_12,production_order_2026_00048,fg_0048,Sữa chua uống SuSu Hương Dâu - 220 ml,6547.000000,10638875.00,1374870.00,1309400.00,13094.00,13336239.00,2037.000000,cancelled,Mã kiểm tra fixture_calculation_2026_00048; phân bổ theo sản lượng đạt và chi phí thực tế.
fixture_calculation_2026_00049,fixture_cost_period_2026_01,production_order_2026_00049,fg_0049,Sữa chua uống SuSu Hương Dâu - 400 ml,6648.000000,11368080.00,1495800.00,930720.00,13296.00,13807896.00,2077.000000,calculated,Mã kiểm tra fixture_calculation_2026_00049; phân bổ theo sản lượng đạt và chi phí thực tế.
fixture_calculation_2026_00050,fixture_cost_period_2026_02,production_order_2026_00050,fg_0050,Sữa chua uống SuSu Hương Dâu - Thùng tiêu chuẩn,6749.000000,8098800.00,1619760.00,1079840.00,13498.00,10811898.00,1602.000000,approved,Mã kiểm tra fixture_calculation_2026_00050; phân bổ theo sản lượng đạt và chi phí thực tế.
fixture_calculation_2026_00051,fixture_cost_period_2026_03,production_order_2026_00051,fg_0051,Sữa chua uống SuSu Hương Cam - 110 ml,6850.000000,8802250.00,1233000.00,1233000.00,-20550.00,11247700.00,1642.000000,locked,Mã kiểm tra fixture_calculation_2026_00051; phân bổ theo sản lượng đạt và chi phí thực tế.
fixture_calculation_2026_00052,fixture_cost_period_2026_04,production_order_2026_00052,fg_0052,Sữa chua uống SuSu Hương Cam - 180 ml,6951.000000,9522870.00,1355445.00,1390200.00,13902.00,12282417.00,1767.000000,cancelled,Mã kiểm tra fixture_calculation_2026_00052; phân bổ theo sản lượng đạt và chi phí thực tế.
fixture_calculation_2026_00053,fixture_cost_period_2026_05,production_order_2026_00053,fg_0053,Sữa chua uống SuSu Hương Cam - 220 ml,7052.000000,10260660.00,1480920.00,987280.00,14104.00,12742964.00,1807.000000,calculated,Mã kiểm tra fixture_calculation_2026_00053; phân bổ theo sản lượng đạt và chi phí thực tế.
fixture_calculation_2026_00054,fixture_cost_period_2026_06,production_order_2026_00054,fg_0054,Sữa chua uống SuSu Hương Cam - 400 ml,7153.000000,11015620.00,1609425.00,1144480.00,14306.00,13783831.00,1927.000000,approved,Mã kiểm tra fixture_calculation_2026_00054; phân bổ theo sản lượng đạt và chi phí thực tế.
fixture_calculation_2026_00055,fixture_cost_period_2026_07,production_order_2026_00055,fg_0055,Sữa chua uống SuSu Hương Cam - Thùng tiêu chuẩn,7254.000000,11787750.00,1740960.00,1305720.00,14508.00,14848938.00,2047.000000,locked,Mã kiểm tra fixture_calculation_2026_00055; phân bổ theo sản lượng đạt và chi phí thực tế.
fixture_calculation_2026_00056,fixture_cost_period_2026_08,production_order_2026_00056,fg_0056,Sữa chua uống SuSu Hương Táo Nho - 110 ml,7355.000000,12577050.00,1323900.00,1471000.00,14710.00,15386660.00,2092.000000,cancelled,Mã kiểm tra fixture_calculation_2026_00056; phân bổ theo sản lượng đạt và chi phí thực tế.
fixture_calculation_2026_00057,fixture_cost_period_2026_09,production_order_2026_00057,fg_0057,Sữa chua uống SuSu Hương Táo Nho - 180 ml,7456.000000,8947200.00,1453920.00,1043840.00,14912.00,11459872.00,1537.000000,calculated,Mã kiểm tra fixture_calculation_2026_00057; phân bổ theo sản lượng đạt và chi phí thực tế.
fixture_calculation_2026_00058,fixture_cost_period_2026_10,production_order_2026_00058,fg_0058,Sữa chua uống SuSu Hương Táo Nho - 220 ml,7557.000000,9710745.00,1586970.00,1209120.00,15114.00,12521949.00,1657.000000,approved,Mã kiểm tra fixture_calculation_2026_00058; phân bổ theo sản lượng đạt và chi phí thực tế.
fixture_calculation_2026_00059,fixture_cost_period_2026_11,production_order_2026_00059,fg_0059,Sữa chua uống SuSu Hương Táo Nho - 400 ml,7658.000000,10491460.00,1723050.00,1378440.00,15316.00,13608266.00,1777.000000,locked,Mã kiểm tra fixture_calculation_2026_00059; phân bổ theo sản lượng đạt và chi phí thực tế.
fixture_calculation_2026_00060,fixture_cost_period_2026_12,production_order_2026_00060,fg_0060,Sữa chua uống SuSu Hương Táo Nho - Thùng tiêu chuẩn,2075.000000,3019125.00,498000.00,415000.00,4150.00,3936275.00,1897.000000,cancelled,Mã kiểm tra fixture_calculation_2026_00060; phân bổ theo sản lượng đạt và chi phí thực tế.
fixture_calculation_2026_00061,fixture_cost_period_2026_01,production_order_2026_00061,fg_0061,Sữa chua uống SuSu Hương Việt Quất Chuối - 110 ml,2211.000000,3404940.00,397980.00,309540.00,-6633.00,4105827.00,1857.000000,calculated,Mã kiểm tra fixture_calculation_2026_00061; phân bổ theo sản lượng đạt và chi phí thực tế.
fixture_calculation_2026_00062,fixture_cost_period_2026_02,production_order_2026_00062,fg_0062,Sữa chua uống SuSu Hương Việt Quất Chuối - 180 ml,2347.000000,3813875.00,457665.00,375520.00,4694.00,4651754.00,1982.000000,approved,Mã kiểm tra fixture_calculation_2026_00062; phân bổ theo sản lượng đạt và chi phí thực tế.
fixture_calculation_2026_00063,fixture_cost_period_2026_03,production_order_2026_00063,fg_0063,Sữa chua uống SuSu Hương Việt Quất Chuối - 220 ml,2483.000000,4245930.00,521430.00,446940.00,4966.00,5219266.00,2102.000000,locked,Mã kiểm tra fixture_calculation_2026_00063; phân bổ theo sản lượng đạt và chi phí thực tế.
fixture_calculation_2026_00064,fixture_cost_period_2026_04,production_order_2026_00064,fg_0064,Sữa chua uống SuSu Hương Việt Quất Chuối - 400 ml,2619.000000,3142800.00,589275.00,523800.00,5238.00,4261113.00,1627.000000,cancelled,Mã kiểm tra fixture_calculation_2026_00064; phân bổ theo sản lượng đạt và chi phí thực tế.
fixture_calculation_2026_00065,fixture_cost_period_2026_05,production_order_2026_00065,fg_0065,Sữa chua uống SuSu Hương Việt Quất Chuối - Thùng tiêu chuẩn,2755.000000,3540175.00,661200.00,385700.00,5510.00,4592585.00,1667.000000,calculated,Mã kiểm tra fixture_calculation_2026_00065; phân bổ theo sản lượng đạt và chi phí thực tế.
fixture_calculation_2026_00066,fixture_cost_period_2026_06,production_order_2026_00066,fg_0066,Sữa trái cây Hero Hương Dâu - 110 ml,2891.000000,3960670.00,520380.00,462560.00,5782.00,4949392.00,1712.000000,approved,Mã kiểm tra fixture_calculation_2026_00066; phân bổ theo sản lượng đạt và chi phí thực tế.
fixture_calculation_2026_00067,fixture_cost_period_2026_07,production_order_2026_00067,fg_0067,Sữa trái cây Hero Hương Dâu - 180 ml,3027.000000,4404285.00,590265.00,544860.00,6054.00,5545464.00,1832.000000,locked,Mã kiểm tra fixture_calculation_2026_00067; phân bổ theo sản lượng đạt và chi phí thực tế.
fixture_calculation_2026_00068,fixture_cost_period_2026_08,production_order_2026_00068,fg_0068,Sữa trái cây Hero Hương Dâu - 220 ml,3163.000000,4871020.00,664230.00,632600.00,6326.00,6174176.00,1952.000000,cancelled,Mã kiểm tra fixture_calculation_2026_00068; phân bổ theo sản lượng đạt và chi phí thực tế.
fixture_calculation_2026_00069,fixture_cost_period_2026_09,production_order_2026_00069,fg_0069,Sữa trái cây Hero Hương Dâu - 400 ml,3316.000000,5388500.00,746100.00,464240.00,6632.00,6605472.00,1992.000000,calculated,Mã kiểm tra fixture_calculation_2026_00069; phân bổ theo sản lượng đạt và chi phí thực tế.
fixture_calculation_2026_00070,fixture_cost_period_2026_10,production_order_2026_00070,fg_0070,Sữa trái cây Hero Hương Dâu - Thùng tiêu chuẩn,3452.000000,5902920.00,828480.00,552320.00,6904.00,7290624.00,2112.000000,approved,Mã kiểm tra fixture_calculation_2026_00070; phân bổ theo sản lượng đạt và chi phí thực tế.
fixture_calculation_2026_00071,fixture_cost_period_2026_11,production_order_2026_00071,fg_0071,Sữa trái cây Hero Hương Kẹo Nho - 110 ml,1870.000000,2244000.00,336600.00,336600.00,-5610.00,2911590.00,1557.000000,locked,Mã kiểm tra fixture_calculation_2026_00071; phân bổ theo sản lượng đạt và chi phí thực tế.
fixture_calculation_2026_00072,fixture_cost_period_2026_12,production_order_2026_00072,fg_0072,Sữa trái cây Hero Hương Kẹo Nho - 180 ml,1971.000000,2532735.00,384345.00,394200.00,3942.00,3315222.00,1682.000000,cancelled,Mã kiểm tra fixture_calculation_2026_00072; phân bổ theo sản lượng đạt và chi phí thực tế.
fixture_calculation_2026_00073,fixture_cost_period_2026_01,production_order_2026_00073,fg_0073,Sữa trái cây Hero Hương Kẹo Nho - 220 ml,2072.000000,2838640.00,435120.00,290080.00,4144.00,3567984.00,1722.000000,calculated,Mã kiểm tra fixture_calculation_2026_00073; phân bổ theo sản lượng đạt và chi phí thực tế.
fixture_calculation_2026_00074,fixture_cost_period_2026_02,production_order_2026_00074,fg_0074,Sữa trái cây Hero Hương Kẹo Nho - 400 ml,2173.000000,3161715.00,488925.00,347680.00,4346.00,4002666.00,1842.000000,approved,Mã kiểm tra fixture_calculation_2026_00074; phân bổ theo sản lượng đạt và chi phí thực tế.
fixture_calculation_2026_00075,fixture_cost_period_2026_03,production_order_2026_00075,fg_0075,Sữa trái cây Hero Hương Kẹo Nho - Thùng tiêu chuẩn,2274.000000,3501960.00,545760.00,409320.00,4548.00,4461588.00,1962.000000,locked,Mã kiểm tra fixture_calculation_2026_00075; phân bổ theo sản lượng đạt và chi phí thực tế.
fixture_calculation_2026_00076,fixture_cost_period_2026_04,production_order_2026_00076,fg_0076,Sữa trái cây Hero Hương Cam - 110 ml,2375.000000,3859375.00,427500.00,475000.00,4750.00,4766625.00,2007.000000,cancelled,Mã kiểm tra fixture_calculation_2026_00076; phân bổ theo sản lượng đạt và chi phí thực tế.
fixture_calculation_2026_00077,fixture_cost_period_2026_05,production_order_2026_00077,fg_0077,Sữa trái cây Hero Hương Cam - 180 ml,2476.000000,4233960.00,482820.00,346640.00,4952.00,5068372.00,2047.000000,calculated,Mã kiểm tra fixture_calculation_2026_00077; phân bổ theo sản lượng đạt và chi phí thực tế.
fixture_calculation_2026_00078,fixture_cost_period_2026_06,production_order_2026_00078,fg_0078,Sữa trái cây Hero Hương Cam - 220 ml,2577.000000,3092400.00,541170.00,412320.00,5154.00,4051044.00,1572.000000,approved,Mã kiểm tra fixture_calculation_2026_00078; phân bổ theo sản lượng đạt và chi phí thực tế.
fixture_calculation_2026_00079,fixture_cost_period_2026_07,production_order_2026_00079,fg_0079,Sữa trái cây Hero Hương Cam - 400 ml,2678.000000,3441230.00,602550.00,482040.00,5356.00,4531176.00,1692.000000,locked,Mã kiểm tra fixture_calculation_2026_00079; phân bổ theo sản lượng đạt và chi phí thực tế.
fixture_calculation_2026_00080,fixture_cost_period_2026_08,production_order_2026_00080,fg_0080,Sữa trái cây Hero Hương Cam - Thùng tiêu chuẩn,2779.000000,3807230.00,666960.00,555800.00,5558.00,5035548.00,1812.000000,cancelled,Mã kiểm tra fixture_calculation_2026_00080; phân bổ theo sản lượng đạt và chi phí thực tế.
fixture_calculation_2026_00081,fixture_cost_period_2026_09,production_order_2026_00081,fg_0081,Sữa trái cây Hero Hương Dưa Hấu - 110 ml,2880.000000,4190400.00,518400.00,403200.00,-8640.00,5103360.00,1772.000000,calculated,Mã kiểm tra fixture_calculation_2026_00081; phân bổ theo sản lượng đạt và chi phí thực tế.
fixture_calculation_2026_00082,fixture_cost_period_2026_10,production_order_2026_00082,fg_0082,Sữa trái cây Hero Hương Dưa Hấu - 180 ml,2981.000000,4590740.00,581295.00,476960.00,5962.00,5654957.00,1897.000000,approved,Mã kiểm tra fixture_calculation_2026_00082; phân bổ theo sản lượng đạt và chi phí thực tế.
fixture_calculation_2026_00083,fixture_cost_period_2026_11,production_order_2026_00083,fg_0083,Sữa trái cây Hero Hương Dưa Hấu - 220 ml,3082.000000,5008250.00,647220.00,554760.00,6164.00,6216394.00,2017.000000,locked,Mã kiểm tra fixture_calculation_2026_00083; phân bổ theo sản lượng đạt và chi phí thực tế.
fixture_calculation_2026_00084,fixture_cost_period_2026_12,production_order_2026_00084,fg_0084,Sữa trái cây Hero Hương Dưa Hấu - 400 ml,3183.000000,5442930.00,716175.00,636600.00,6366.00,6802071.00,2137.000000,cancelled,Mã kiểm tra fixture_calculation_2026_00084; phân bổ theo sản lượng đạt và chi phí thực tế.
fixture_calculation_2026_00085,fixture_cost_period_2026_01,production_order_2026_00085,fg_0085,Sữa trái cây Hero Hương Dưa Hấu - Thùng tiêu chuẩn,3284.000000,3940800.00,788160.00,459760.00,6568.00,5195288.00,1582.000000,calculated,Mã kiểm tra fixture_calculation_2026_00085; phân bổ theo sản lượng đạt và chi phí thực tế.
fixture_calculation_2026_00086,fixture_cost_period_2026_02,production_order_2026_00086,fg_0086,Sữa trái cây SuSu Thạch Hương Kẹo Bông - 110 ml,3385.000000,4349725.00,609300.00,541600.00,6770.00,5507395.00,1627.000000,approved,Mã kiểm tra fixture_calculation_2026_00086; phân bổ theo sản lượng đạt và chi phí thực tế.
fixture_calculation_2026_00087,fixture_cost_period_2026_03,production_order_2026_00087,fg_0087,Sữa trái cây SuSu Thạch Hương Kẹo Bông - 180 ml,3486.000000,4775820.00,679770.00,627480.00,6972.00,6090042.00,1747.000000,locked,Mã kiểm tra fixture_calculation_2026_00087; phân bổ theo sản lượng đạt và chi phí thực tế.
fixture_calculation_2026_00088,fixture_cost_period_2026_04,production_order_2026_00088,fg_0088,Sữa trái cây SuSu Thạch Hương Kẹo Bông - 220 ml,3587.000000,5219085.00,753270.00,717400.00,7174.00,6696929.00,1867.000000,cancelled,Mã kiểm tra fixture_calculation_2026_00088; phân bổ theo sản lượng đạt và chi phí thực tế.
fixture_calculation_2026_00089,fixture_cost_period_2026_05,production_order_2026_00089,fg_0089,Sữa trái cây SuSu Thạch Hương Kẹo Bông - 400 ml,3688.000000,5679520.00,829800.00,516320.00,7376.00,7033016.00,1907.000000,calculated,Mã kiểm tra fixture_calculation_2026_00089; phân bổ theo sản lượng đạt và chi phí thực tế.
fixture_calculation_2026_00090,fixture_cost_period_2026_06,production_order_2026_00090,fg_0090,Sữa trái cây SuSu Thạch Hương Kẹo Bông - Thùng tiêu chuẩn,3789.000000,6157125.00,909360.00,606240.00,7578.00,7680303.00,2027.000000,approved,Mã kiểm tra fixture_calculation_2026_00090; phân bổ theo sản lượng đạt và chi phí thực tế.
fixture_calculation_2026_00091,fixture_cost_period_2026_07,production_order_2026_00091,fg_0091,Sữa trái cây SuSu Thạch Hương Marshmallow Kiwi - 110 ml,3890.000000,6651900.00,700200.00,700200.00,-11670.00,8040630.00,2067.000000,locked,Mã kiểm tra fixture_calculation_2026_00091; phân bổ theo sản lượng đạt và chi phí thực tế.
fixture_calculation_2026_00092,fixture_cost_period_2026_08,production_order_2026_00092,fg_0092,Sữa trái cây SuSu Thạch Hương Marshmallow Kiwi - 180 ml,3991.000000,4789200.00,778245.00,798200.00,7982.00,6373627.00,1597.000000,cancelled,Mã kiểm tra fixture_calculation_2026_00092; phân bổ theo sản lượng đạt và chi phí thực tế.
fixture_calculation_2026_00093,fixture_cost_period_2026_09,production_order_2026_00093,fg_0093,Sữa trái cây SuSu Thạch Hương Marshmallow Kiwi - 220 ml,4092.000000,5258220.00,859320.00,572880.00,8184.00,6698604.00,1637.000000,calculated,Mã kiểm tra fixture_calculation_2026_00093; phân bổ theo sản lượng đạt và chi phí thực tế.
fixture_calculation_2026_00094,fixture_cost_period_2026_10,production_order_2026_00094,fg_0094,Sữa trái cây SuSu Thạch Hương Marshmallow Kiwi - 400 ml,4193.000000,5744410.00,943425.00,670880.00,8386.00,7367101.00,1757.000000,approved,Mã kiểm tra fixture_calculation_2026_00094; phân bổ theo sản lượng đạt và chi phí thực tế.
fixture_calculation_2026_00095,fixture_cost_period_2026_11,production_order_2026_00095,fg_0095,Sữa trái cây SuSu Thạch Hương Marshmallow Kiwi - Thùng tiêu chuẩn,4294.000000,6247770.00,1030560.00,772920.00,8588.00,8059838.00,1877.000000,locked,Mã kiểm tra fixture_calculation_2026_00095; phân bổ theo sản lượng đạt và chi phí thực tế.
fixture_calculation_2026_00096,fixture_cost_period_2026_12,production_order_2026_00096,fg_0096,Nước ép Cam Đào Collagen - 110 ml,4395.000000,6768300.00,791100.00,879000.00,8790.00,8447190.00,1922.000000,cancelled,Mã kiểm tra fixture_calculation_2026_00096; phân bổ theo sản lượng đạt và chi phí thực tế.
fixture_calculation_2026_00097,fixture_cost_period_2026_01,production_order_2026_00097,fg_0097,Nước ép Cam Đào Collagen - 180 ml,4496.000000,7306000.00,876720.00,629440.00,8992.00,8821152.00,1962.000000,calculated,Mã kiểm tra fixture_calculation_2026_00097; phân bổ theo sản lượng đạt và chi phí thực tế.
fixture_calculation_2026_00098,fixture_cost_period_2026_02,production_order_2026_00098,fg_0098,Nước ép Cam Đào Collagen - 220 ml,4597.000000,7860870.00,965370.00,735520.00,9194.00,9570954.00,2082.000000,approved,Mã kiểm tra fixture_calculation_2026_00098; phân bổ theo sản lượng đạt và chi phí thực tế.
fixture_calculation_2026_00099,fixture_cost_period_2026_03,production_order_2026_00099,fg_0099,Nước ép Cam Đào Collagen - 400 ml,4698.000000,5637600.00,1057050.00,845640.00,9396.00,7549686.00,1607.000000,locked,Mã kiểm tra fixture_calculation_2026_00099; phân bổ theo sản lượng đạt và chi phí thực tế.
fixture_calculation_2026_00100,fixture_cost_period_2026_04,production_order_2026_00100,fg_0100,Nước ép Cam Đào Collagen - Thùng tiêu chuẩn,4799.000000,6166715.00,1151760.00,959800.00,9598.00,8287873.00,1727.000000,cancelled,Mã kiểm tra fixture_calculation_2026_00100; phân bổ theo sản lượng đạt và chi phí thực tế.
fixture_calculation_2026_00101,fixture_cost_period_2026_05,production_order_2026_00101,fg_0101,Nước ép Cam - 110 ml,4900.000000,6713000.00,882000.00,686000.00,-14700.00,8266300.00,1687.000000,calculated,Mã kiểm tra fixture_calculation_2026_00101; phân bổ theo sản lượng đạt và chi phí thực tế.
fixture_calculation_2026_00102,fixture_cost_period_2026_06,production_order_2026_00102,fg_0102,Nước ép Cam - 180 ml,5001.000000,7276455.00,975195.00,800160.00,10002.00,9061812.00,1812.000000,approved,Mã kiểm tra fixture_calculation_2026_00102; phân bổ theo sản lượng đạt và chi phí thực tế.
fixture_calculation_2026_00103,fixture_cost_period_2026_07,production_order_2026_00103,fg_0103,Nước ép Cam - 220 ml,5102.000000,7857080.00,1071420.00,918360.00,10204.00,9857064.00,1932.000000,locked,Mã kiểm tra fixture_calculation_2026_00103; phân bổ theo sản lượng đạt và chi phí thực tế.
fixture_calculation_2026_00104,fixture_cost_period_2026_08,production_order_2026_00104,fg_0104,Nước ép Cam - 400 ml,5203.000000,8454875.00,1170675.00,1040600.00,10406.00,10676556.00,2052.000000,cancelled,Mã kiểm tra fixture_calculation_2026_00104; phân bổ theo sản lượng đạt và chi phí thực tế.
fixture_calculation_2026_00105,fixture_cost_period_2026_09,production_order_2026_00105,fg_0105,Nước ép Cam - Thùng tiêu chuẩn,5304.000000,9069840.00,1272960.00,742560.00,10608.00,11095968.00,2092.000000,calculated,Mã kiểm tra fixture_calculation_2026_00105; phân bổ theo sản lượng đạt và chi phí thực tế.
fixture_calculation_2026_00106,fixture_cost_period_2026_10,production_order_2026_00106,fg_0106,Nước ép Táo - 110 ml,5405.000000,6486000.00,972900.00,864800.00,10810.00,8334510.00,1542.000000,approved,Mã kiểm tra fixture_calculation_2026_00106; phân bổ theo sản lượng đạt và chi phí thực tế.
fixture_calculation_2026_00107,fixture_cost_period_2026_11,production_order_2026_00107,fg_0107,Nước ép Táo - 180 ml,5506.000000,7075210.00,1073670.00,991080.00,11012.00,9150972.00,1662.000000,locked,Mã kiểm tra fixture_calculation_2026_00107; phân bổ theo sản lượng đạt và chi phí thực tế.
fixture_calculation_2026_00108,fixture_cost_period_2026_12,production_order_2026_00108,fg_0108,Nước ép Táo - 220 ml,5607.000000,7681590.00,1177470.00,1121400.00,11214.00,9991674.00,1782.000000,cancelled,Mã kiểm tra fixture_calculation_2026_00108; phân bổ theo sản lượng đạt và chi phí thực tế.
fixture_calculation_2026_00109,fixture_cost_period_2026_01,production_order_2026_00109,fg_0109,Nước ép Táo - 400 ml,5708.000000,8305140.00,1284300.00,799120.00,11416.00,10399976.00,1822.000000,calculated,Mã kiểm tra fixture_calculation_2026_00109; phân bổ theo sản lượng đạt và chi phí thực tế.
fixture_calculation_2026_00110,fixture_cost_period_2026_02,production_order_2026_00110,fg_0110,Nước ép Táo - Thùng tiêu chuẩn,5809.000000,8945860.00,1394160.00,929440.00,11618.00,11281078.00,1942.000000,approved,Mã kiểm tra fixture_calculation_2026_00110; phân bổ theo sản lượng đạt và chi phí thực tế.
fixture_calculation_2026_00111,fixture_cost_period_2026_03,production_order_2026_00111,fg_0111,Nước dừa tươi - 110 ml,5910.000000,9603750.00,1063800.00,1063800.00,-17730.00,11713620.00,1982.000000,locked,Mã kiểm tra fixture_calculation_2026_00111; phân bổ theo sản lượng đạt và chi phí thực tế.
fixture_calculation_2026_00112,fixture_cost_period_2026_04,production_order_2026_00112,fg_0112,Nước dừa tươi - 180 ml,6011.000000,10278810.00,1172145.00,1202200.00,12022.00,12665177.00,2107.000000,cancelled,Mã kiểm tra fixture_calculation_2026_00112; phân bổ theo sản lượng đạt và chi phí thực tế.
fixture_calculation_2026_00113,fixture_cost_period_2026_05,production_order_2026_00113,fg_0113,Nước dừa tươi - 220 ml,6112.000000,7334400.00,1283520.00,855680.00,12224.00,9485824.00,1552.000000,calculated,Mã kiểm tra fixture_calculation_2026_00113; phân bổ theo sản lượng đạt và chi phí thực tế.
fixture_calculation_2026_00114,fixture_cost_period_2026_06,production_order_2026_00114,fg_0114,Nước dừa tươi - 400 ml,6213.000000,7983705.00,1397925.00,994080.00,12426.00,10388136.00,1672.000000,approved,Mã kiểm tra fixture_calculation_2026_00114; phân bổ theo sản lượng đạt và chi phí thực tế.
fixture_calculation_2026_00115,fixture_cost_period_2026_07,production_order_2026_00115,fg_0115,Nước dừa tươi - Thùng tiêu chuẩn,6314.000000,8650180.00,1515360.00,1136520.00,12628.00,11314688.00,1792.000000,locked,Mã kiểm tra fixture_calculation_2026_00115; phân bổ theo sản lượng đạt và chi phí thực tế.
fixture_calculation_2026_00116,fixture_cost_period_2026_08,production_order_2026_00116,fg_0116,Nước dừa tắc - 110 ml,6415.000000,9333825.00,1154700.00,1283000.00,12830.00,11784355.00,1837.000000,cancelled,Mã kiểm tra fixture_calculation_2026_00116; phân bổ theo sản lượng đạt và chi phí thực tế.
fixture_calculation_2026_00117,fixture_cost_period_2026_09,production_order_2026_00117,fg_0117,Nước dừa tắc - 180 ml,6516.000000,10034640.00,1270620.00,912240.00,13032.00,12230532.00,1877.000000,calculated,Mã kiểm tra fixture_calculation_2026_00117; phân bổ theo sản lượng đạt và chi phí thực tế.
fixture_calculation_2026_00118,fixture_cost_period_2026_10,production_order_2026_00118,fg_0118,Nước dừa tắc - 220 ml,2014.000000,3272750.00,422940.00,322240.00,4028.00,4021958.00,1997.000000,approved,Mã kiểm tra fixture_calculation_2026_00118; phân bổ theo sản lượng đạt và chi phí thực tế.
fixture_calculation_2026_00119,fixture_cost_period_2026_11,production_order_2026_00119,fg_0119,Nước dừa tắc - 400 ml,2150.000000,3676500.00,483750.00,387000.00,4300.00,4551550.00,2117.000000,locked,Mã kiểm tra fixture_calculation_2026_00119; phân bổ theo sản lượng đạt và chi phí thực tế.
fixture_calculation_2026_00120,fixture_cost_period_2026_12,production_order_2026_00120,fg_0120,Nước dừa tắc - Thùng tiêu chuẩn,2303.000000,2763600.00,552720.00,460600.00,4606.00,3781526.00,1642.000000,cancelled,Mã kiểm tra fixture_calculation_2026_00120; phân bổ theo sản lượng đạt và chi phí thực tế.
fixture_calculation_2026_00121,fixture_cost_period_2026_01,production_order_2026_00121,fg_0121,Nước tinh khiết ICY Premium - 110 ml,2439.000000,3134115.00,439020.00,341460.00,-7317.00,3907278.00,1602.000000,calculated,Mã kiểm tra fixture_calculation_2026_00121; phân bổ theo sản lượng đạt và chi phí thực tế.
fixture_calculation_2026_00122,fixture_cost_period_2026_02,production_order_2026_00122,fg_0122,Nước tinh khiết ICY Premium - 180 ml,2575.000000,3527750.00,502125.00,412000.00,5150.00,4447025.00,1727.000000,approved,Mã kiểm tra fixture_calculation_2026_00122; phân bổ theo sản lượng đạt và chi phí thực tế.
fixture_calculation_2026_00123,fixture_cost_period_2026_03,production_order_2026_00123,fg_0123,Nước tinh khiết ICY Premium - 220 ml,2711.000000,3944505.00,569310.00,487980.00,5422.00,5007217.00,1847.000000,locked,Mã kiểm tra fixture_calculation_2026_00123; phân bổ theo sản lượng đạt và chi phí thực tế.
fixture_calculation_2026_00124,fixture_cost_period_2026_04,production_order_2026_00124,fg_0124,Nước tinh khiết ICY Premium - 400 ml,2847.000000,4384380.00,640575.00,569400.00,5694.00,5600049.00,1967.000000,cancelled,Mã kiểm tra fixture_calculation_2026_00124; phân bổ theo sản lượng đạt và chi phí thực tế.
fixture_calculation_2026_00125,fixture_cost_period_2026_05,production_order_2026_00125,fg_0125,Nước tinh khiết ICY Premium - Thùng tiêu chuẩn,2983.000000,4847375.00,715920.00,417620.00,5966.00,5986881.00,2007.000000,calculated,Mã kiểm tra fixture_calculation_2026_00125; phân bổ theo sản lượng đạt và chi phí thực tế.
