plan_code,line_number,item_code,unit_code,target_quantity,required_on,notes
plan_2026_0001,1,fg_0001,piece,10000,2026-01-06,Sản lượng kế hoạch theo nhu cầu phân phối và lịch dây chuyền.
plan_2026_0001,2,fg_0002,piece,11000,2026-01-07,Sản lượng kế hoạch theo nhu cầu phân phối và lịch dây chuyền.
plan_2026_0002,1,fg_0003,piece,10211,2026-02-09,Sản lượng kế hoạch theo nhu cầu phân phối và lịch dây chuyền.
plan_2026_0002,2,fg_0004,piece,11211,2026-02-10,Sản lượng kế hoạch theo nhu cầu phân phối và lịch dây chuyền.
plan_2026_0003,1,fg_0005,piece,10422,2026-03-12,Sản lượng kế hoạch theo nhu cầu phân phối và lịch dây chuyền.
plan_2026_0003,2,fg_0006,piece,11422,2026-03-13,Sản lượng kế hoạch theo nhu cầu phân phối và lịch dây chuyền.
plan_2026_0004,1,fg_0007,piece,10633,2026-04-15,Sản lượng kế hoạch theo nhu cầu phân phối và lịch dây chuyền.
plan_2026_0004,2,fg_0008,piece,11633,2026-04-16,Sản lượng kế hoạch theo nhu cầu phân phối và lịch dây chuyền.
plan_2026_0005,1,fg_0009,piece,10844,2026-05-18,Sản lượng kế hoạch theo nhu cầu phân phối và lịch dây chuyền.
plan_2026_0005,2,fg_0010,piece,11844,2026-05-19,Sản lượng kế hoạch theo nhu cầu phân phối và lịch dây chuyền.
plan_2026_0006,1,fg_0011,piece,11055,2026-06-21,Sản lượng kế hoạch theo nhu cầu phân phối và lịch dây chuyền.
plan_2026_0006,2,fg_0012,piece,12055,2026-06-22,Sản lượng kế hoạch theo nhu cầu phân phối và lịch dây chuyền.
plan_2026_0007,1,fg_0013,piece,11266,2026-07-24,Sản lượng kế hoạch theo nhu cầu phân phối và lịch dây chuyền.
plan_2026_0007,2,fg_0014,piece,12266,2026-07-25,Sản lượng kế hoạch theo nhu cầu phân phối và lịch dây chuyền.
plan_2026_0008,1,fg_0015,piece,11477,2026-08-07,Sản lượng kế hoạch theo nhu cầu phân phối và lịch dây chuyền.
plan_2026_0008,2,fg_0016,piece,12477,2026-08-08,Sản lượng kế hoạch theo nhu cầu phân phối và lịch dây chuyền.
plan_2026_0009,1,fg_0017,piece,11688,2026-09-10,Sản lượng kế hoạch theo nhu cầu phân phối và lịch dây chuyền.
plan_2026_0009,2,fg_0018,piece,12688,2026-09-11,Sản lượng kế hoạch theo nhu cầu phân phối và lịch dây chuyền.
plan_2026_0010,1,fg_0019,piece,11899,2026-01-13,Sản lượng kế hoạch theo nhu cầu phân phối và lịch dây chuyền.
plan_2026_0010,2,fg_0020,piece,12899,2026-01-14,Sản lượng kế hoạch theo nhu cầu phân phối và lịch dây chuyền.
plan_2026_0011,1,fg_0021,piece,12110,2026-02-16,Sản lượng kế hoạch theo nhu cầu phân phối và lịch dây chuyền.
plan_2026_0011,2,fg_0022,piece,13110,2026-02-17,Sản lượng kế hoạch theo nhu cầu phân phối và lịch dây chuyền.
plan_2026_0012,1,fg_0023,piece,12321,2026-03-19,Sản lượng kế hoạch theo nhu cầu phân phối và lịch dây chuyền.
plan_2026_0012,2,fg_0024,piece,13321,2026-03-20,Sản lượng kế hoạch theo nhu cầu phân phối và lịch dây chuyền.
plan_2026_0013,1,fg_0025,piece,12532,2026-04-22,Sản lượng kế hoạch theo nhu cầu phân phối và lịch dây chuyền.
plan_2026_0013,2,fg_0026,piece,13532,2026-04-23,Sản lượng kế hoạch theo nhu cầu phân phối và lịch dây chuyền.
plan_2026_0014,1,fg_0027,piece,12743,2026-05-25,Sản lượng kế hoạch theo nhu cầu phân phối và lịch dây chuyền.
plan_2026_0014,2,fg_0028,piece,13743,2026-05-26,Sản lượng kế hoạch theo nhu cầu phân phối và lịch dây chuyền.
plan_2026_0015,1,fg_0029,piece,12954,2026-06-08,Sản lượng kế hoạch theo nhu cầu phân phối và lịch dây chuyền.
plan_2026_0015,2,fg_0030,piece,13954,2026-06-09,Sản lượng kế hoạch theo nhu cầu phân phối và lịch dây chuyền.
plan_2026_0016,1,fg_0031,piece,13165,2026-07-11,Sản lượng kế hoạch theo nhu cầu phân phối và lịch dây chuyền.
plan_2026_0016,2,fg_0032,piece,14165,2026-07-12,Sản lượng kế hoạch theo nhu cầu phân phối và lịch dây chuyền.
plan_2026_0017,1,fg_0033,piece,13376,2026-08-14,Sản lượng kế hoạch theo nhu cầu phân phối và lịch dây chuyền.
plan_2026_0017,2,fg_0034,piece,14376,2026-08-15,Sản lượng kế hoạch theo nhu cầu phân phối và lịch dây chuyền.
plan_2026_0018,1,fg_0035,piece,13587,2026-09-17,Sản lượng kế hoạch theo nhu cầu phân phối và lịch dây chuyền.
plan_2026_0018,2,fg_0036,piece,14587,2026-09-18,Sản lượng kế hoạch theo nhu cầu phân phối và lịch dây chuyền.
plan_2026_0019,1,fg_0037,piece,13798,2026-01-20,Sản lượng kế hoạch theo nhu cầu phân phối và lịch dây chuyền.
plan_2026_0019,2,fg_0038,piece,14798,2026-01-21,Sản lượng kế hoạch theo nhu cầu phân phối và lịch dây chuyền.
plan_2026_0020,1,fg_0039,piece,14009,2026-02-23,Sản lượng kế hoạch theo nhu cầu phân phối và lịch dây chuyền.
plan_2026_0020,2,fg_0040,piece,15009,2026-02-24,Sản lượng kế hoạch theo nhu cầu phân phối và lịch dây chuyền.
plan_2026_0021,1,fg_0041,piece,14220,2026-03-06,Sản lượng kế hoạch theo nhu cầu phân phối và lịch dây chuyền.
plan_2026_0021,2,fg_0042,piece,15220,2026-03-07,Sản lượng kế hoạch theo nhu cầu phân phối và lịch dây chuyền.
plan_2026_0022,1,fg_0043,piece,14431,2026-04-09,Sản lượng kế hoạch theo nhu cầu phân phối và lịch dây chuyền.
plan_2026_0022,2,fg_0044,piece,15431,2026-04-10,Sản lượng kế hoạch theo nhu cầu phân phối và lịch dây chuyền.
plan_2026_0023,1,fg_0045,piece,14642,2026-05-12,Sản lượng kế hoạch theo nhu cầu phân phối và lịch dây chuyền.
plan_2026_0023,2,fg_0046,piece,15642,2026-05-13,Sản lượng kế hoạch theo nhu cầu phân phối và lịch dây chuyền.
plan_2026_0024,1,fg_0047,piece,14853,2026-06-15,Sản lượng kế hoạch theo nhu cầu phân phối và lịch dây chuyền.
plan_2026_0024,2,fg_0048,piece,15853,2026-06-16,Sản lượng kế hoạch theo nhu cầu phân phối và lịch dây chuyền.
plan_2026_0025,1,fg_0049,piece,15064,2026-07-18,Sản lượng kế hoạch theo nhu cầu phân phối và lịch dây chuyền.
plan_2026_0025,2,fg_0050,piece,16064,2026-07-19,Sản lượng kế hoạch theo nhu cầu phân phối và lịch dây chuyền.
plan_2026_0026,1,fg_0051,piece,15275,2026-08-21,Sản lượng kế hoạch theo nhu cầu phân phối và lịch dây chuyền.
plan_2026_0026,2,fg_0052,piece,16275,2026-08-22,Sản lượng kế hoạch theo nhu cầu phân phối và lịch dây chuyền.
plan_2026_0027,1,fg_0053,piece,15486,2026-09-24,Sản lượng kế hoạch theo nhu cầu phân phối và lịch dây chuyền.
plan_2026_0027,2,fg_0054,piece,16486,2026-09-25,Sản lượng kế hoạch theo nhu cầu phân phối và lịch dây chuyền.
plan_2026_0028,1,fg_0055,piece,15697,2026-01-07,Sản lượng kế hoạch theo nhu cầu phân phối và lịch dây chuyền.
plan_2026_0028,2,fg_0056,piece,16697,2026-01-08,Sản lượng kế hoạch theo nhu cầu phân phối và lịch dây chuyền.
plan_2026_0029,1,fg_0057,piece,15908,2026-02-10,Sản lượng kế hoạch theo nhu cầu phân phối và lịch dây chuyền.
plan_2026_0029,2,fg_0058,piece,16908,2026-02-11,Sản lượng kế hoạch theo nhu cầu phân phối và lịch dây chuyền.
plan_2026_0030,1,fg_0059,piece,16119,2026-03-13,Sản lượng kế hoạch theo nhu cầu phân phối và lịch dây chuyền.
plan_2026_0030,2,fg_0060,piece,17119,2026-03-14,Sản lượng kế hoạch theo nhu cầu phân phối và lịch dây chuyền.
plan_2026_0031,1,fg_0061,piece,16330,2026-04-16,Sản lượng kế hoạch theo nhu cầu phân phối và lịch dây chuyền.
plan_2026_0031,2,fg_0062,piece,17330,2026-04-17,Sản lượng kế hoạch theo nhu cầu phân phối và lịch dây chuyền.
plan_2026_0032,1,fg_0063,piece,16541,2026-05-19,Sản lượng kế hoạch theo nhu cầu phân phối và lịch dây chuyền.
plan_2026_0032,2,fg_0064,piece,17541,2026-05-20,Sản lượng kế hoạch theo nhu cầu phân phối và lịch dây chuyền.
plan_2026_0033,1,fg_0065,piece,16752,2026-06-22,Sản lượng kế hoạch theo nhu cầu phân phối và lịch dây chuyền.
plan_2026_0033,2,fg_0066,piece,17752,2026-06-23,Sản lượng kế hoạch theo nhu cầu phân phối và lịch dây chuyền.
plan_2026_0034,1,fg_0067,piece,16963,2026-07-25,Sản lượng kế hoạch theo nhu cầu phân phối và lịch dây chuyền.
plan_2026_0034,2,fg_0068,piece,17963,2026-07-26,Sản lượng kế hoạch theo nhu cầu phân phối và lịch dây chuyền.
plan_2026_0035,1,fg_0069,piece,17174,2026-08-08,Sản lượng kế hoạch theo nhu cầu phân phối và lịch dây chuyền.
plan_2026_0035,2,fg_0070,piece,18174,2026-08-09,Sản lượng kế hoạch theo nhu cầu phân phối và lịch dây chuyền.
plan_2026_0036,1,fg_0071,piece,17385,2026-09-11,Sản lượng kế hoạch theo nhu cầu phân phối và lịch dây chuyền.
plan_2026_0036,2,fg_0072,piece,18385,2026-09-12,Sản lượng kế hoạch theo nhu cầu phân phối và lịch dây chuyền.
plan_2026_0037,1,fg_0073,piece,17596,2026-01-14,Sản lượng kế hoạch theo nhu cầu phân phối và lịch dây chuyền.
plan_2026_0037,2,fg_0074,piece,18596,2026-01-15,Sản lượng kế hoạch theo nhu cầu phân phối và lịch dây chuyền.
plan_2026_0038,1,fg_0075,piece,17807,2026-02-17,Sản lượng kế hoạch theo nhu cầu phân phối và lịch dây chuyền.
plan_2026_0038,2,fg_0076,piece,18807,2026-02-18,Sản lượng kế hoạch theo nhu cầu phân phối và lịch dây chuyền.
plan_2026_0039,1,fg_0077,piece,18018,2026-03-20,Sản lượng kế hoạch theo nhu cầu phân phối và lịch dây chuyền.
plan_2026_0039,2,fg_0078,piece,19018,2026-03-21,Sản lượng kế hoạch theo nhu cầu phân phối và lịch dây chuyền.
plan_2026_0040,1,fg_0079,piece,18229,2026-04-23,Sản lượng kế hoạch theo nhu cầu phân phối và lịch dây chuyền.
plan_2026_0040,2,fg_0080,piece,19229,2026-04-24,Sản lượng kế hoạch theo nhu cầu phân phối và lịch dây chuyền.
plan_2026_0041,1,fg_0081,piece,18440,2026-05-06,Sản lượng kế hoạch theo nhu cầu phân phối và lịch dây chuyền.
plan_2026_0041,2,fg_0082,piece,19440,2026-05-07,Sản lượng kế hoạch theo nhu cầu phân phối và lịch dây chuyền.
plan_2026_0042,1,fg_0083,piece,18651,2026-06-09,Sản lượng kế hoạch theo nhu cầu phân phối và lịch dây chuyền.
plan_2026_0042,2,fg_0084,piece,19651,2026-06-10,Sản lượng kế hoạch theo nhu cầu phân phối và lịch dây chuyền.
plan_2026_0043,1,fg_0085,piece,18862,2026-07-12,Sản lượng kế hoạch theo nhu cầu phân phối và lịch dây chuyền.
plan_2026_0043,2,fg_0086,piece,19862,2026-07-13,Sản lượng kế hoạch theo nhu cầu phân phối và lịch dây chuyền.
plan_2026_0044,1,fg_0087,piece,19073,2026-08-15,Sản lượng kế hoạch theo nhu cầu phân phối và lịch dây chuyền.
plan_2026_0044,2,fg_0088,piece,20073,2026-08-16,Sản lượng kế hoạch theo nhu cầu phân phối và lịch dây chuyền.
plan_2026_0045,1,fg_0089,piece,19284,2026-09-18,Sản lượng kế hoạch theo nhu cầu phân phối và lịch dây chuyền.
plan_2026_0045,2,fg_0090,piece,20284,2026-09-19,Sản lượng kế hoạch theo nhu cầu phân phối và lịch dây chuyền.
plan_2026_0046,1,fg_0091,piece,19495,2026-01-21,Sản lượng kế hoạch theo nhu cầu phân phối và lịch dây chuyền.
plan_2026_0046,2,fg_0092,piece,20495,2026-01-22,Sản lượng kế hoạch theo nhu cầu phân phối và lịch dây chuyền.
plan_2026_0047,1,fg_0093,piece,19706,2026-02-24,Sản lượng kế hoạch theo nhu cầu phân phối và lịch dây chuyền.
plan_2026_0047,2,fg_0094,piece,20706,2026-02-25,Sản lượng kế hoạch theo nhu cầu phân phối và lịch dây chuyền.
plan_2026_0048,1,fg_0095,piece,19917,2026-03-07,Sản lượng kế hoạch theo nhu cầu phân phối và lịch dây chuyền.
plan_2026_0048,2,fg_0096,piece,20917,2026-03-08,Sản lượng kế hoạch theo nhu cầu phân phối và lịch dây chuyền.
plan_2026_0049,1,fg_0097,piece,20128,2026-04-10,Sản lượng kế hoạch theo nhu cầu phân phối và lịch dây chuyền.
plan_2026_0049,2,fg_0098,piece,21128,2026-04-11,Sản lượng kế hoạch theo nhu cầu phân phối và lịch dây chuyền.
plan_2026_0050,1,fg_0099,piece,20339,2026-05-13,Sản lượng kế hoạch theo nhu cầu phân phối và lịch dây chuyền.
plan_2026_0050,2,fg_0100,piece,21339,2026-05-14,Sản lượng kế hoạch theo nhu cầu phân phối và lịch dây chuyền.
plan_2026_0051,1,fg_0101,piece,20550,2026-06-16,Sản lượng kế hoạch theo nhu cầu phân phối và lịch dây chuyền.
plan_2026_0051,2,fg_0102,piece,21550,2026-06-17,Sản lượng kế hoạch theo nhu cầu phân phối và lịch dây chuyền.
plan_2026_0052,1,fg_0103,piece,20761,2026-07-19,Sản lượng kế hoạch theo nhu cầu phân phối và lịch dây chuyền.
plan_2026_0052,2,fg_0104,piece,21761,2026-07-20,Sản lượng kế hoạch theo nhu cầu phân phối và lịch dây chuyền.
plan_2026_0053,1,fg_0105,piece,20972,2026-08-22,Sản lượng kế hoạch theo nhu cầu phân phối và lịch dây chuyền.
plan_2026_0053,2,fg_0106,piece,21972,2026-08-23,Sản lượng kế hoạch theo nhu cầu phân phối và lịch dây chuyền.
plan_2026_0054,1,fg_0107,piece,21183,2026-09-25,Sản lượng kế hoạch theo nhu cầu phân phối và lịch dây chuyền.
plan_2026_0054,2,fg_0108,piece,22183,2026-09-26,Sản lượng kế hoạch theo nhu cầu phân phối và lịch dây chuyền.
plan_2026_0055,1,fg_0109,piece,21394,2026-01-08,Sản lượng kế hoạch theo nhu cầu phân phối và lịch dây chuyền.
plan_2026_0055,2,fg_0110,piece,22394,2026-01-09,Sản lượng kế hoạch theo nhu cầu phân phối và lịch dây chuyền.
plan_2026_0056,1,fg_0111,piece,21605,2026-02-11,Sản lượng kế hoạch theo nhu cầu phân phối và lịch dây chuyền.
plan_2026_0056,2,fg_0112,piece,22605,2026-02-12,Sản lượng kế hoạch theo nhu cầu phân phối và lịch dây chuyền.
plan_2026_0057,1,fg_0113,piece,21816,2026-03-14,Sản lượng kế hoạch theo nhu cầu phân phối và lịch dây chuyền.
plan_2026_0057,2,fg_0114,piece,22816,2026-03-15,Sản lượng kế hoạch theo nhu cầu phân phối và lịch dây chuyền.
plan_2026_0058,1,fg_0115,piece,22027,2026-04-17,Sản lượng kế hoạch theo nhu cầu phân phối và lịch dây chuyền.
plan_2026_0058,2,fg_0116,piece,23027,2026-04-18,Sản lượng kế hoạch theo nhu cầu phân phối và lịch dây chuyền.
plan_2026_0059,1,fg_0117,piece,22238,2026-05-20,Sản lượng kế hoạch theo nhu cầu phân phối và lịch dây chuyền.
plan_2026_0059,2,fg_0118,piece,23238,2026-05-21,Sản lượng kế hoạch theo nhu cầu phân phối và lịch dây chuyền.
plan_2026_0060,1,fg_0119,piece,22449,2026-06-23,Sản lượng kế hoạch theo nhu cầu phân phối và lịch dây chuyền.
plan_2026_0060,2,fg_0120,piece,23449,2026-06-24,Sản lượng kế hoạch theo nhu cầu phân phối và lịch dây chuyền.
plan_2026_0061,1,fg_0121,piece,22660,2026-07-06,Sản lượng kế hoạch theo nhu cầu phân phối và lịch dây chuyền.
plan_2026_0061,2,fg_0122,piece,23660,2026-07-07,Sản lượng kế hoạch theo nhu cầu phân phối và lịch dây chuyền.
plan_2026_0062,1,fg_0123,piece,22871,2026-08-09,Sản lượng kế hoạch theo nhu cầu phân phối và lịch dây chuyền.
plan_2026_0062,2,fg_0124,piece,23871,2026-08-10,Sản lượng kế hoạch theo nhu cầu phân phối và lịch dây chuyền.
plan_2026_0063,1,fg_0125,piece,23082,2026-09-12,Sản lượng kế hoạch theo nhu cầu phân phối và lịch dây chuyền.
plan_2026_0063,2,fg_0126,piece,24082,2026-09-13,Sản lượng kế hoạch theo nhu cầu phân phối và lịch dây chuyền.
plan_2026_0064,1,fg_0127,piece,23293,2026-01-15,Sản lượng kế hoạch theo nhu cầu phân phối và lịch dây chuyền.
plan_2026_0064,2,fg_0128,piece,24293,2026-01-16,Sản lượng kế hoạch theo nhu cầu phân phối và lịch dây chuyền.
plan_2026_0065,1,fg_0129,piece,23504,2026-02-18,Sản lượng kế hoạch theo nhu cầu phân phối và lịch dây chuyền.
plan_2026_0065,2,fg_0130,piece,24504,2026-02-19,Sản lượng kế hoạch theo nhu cầu phân phối và lịch dây chuyền.
plan_2026_0066,1,fg_0131,piece,23715,2026-03-21,Sản lượng kế hoạch theo nhu cầu phân phối và lịch dây chuyền.
plan_2026_0066,2,fg_0132,piece,24715,2026-03-22,Sản lượng kế hoạch theo nhu cầu phân phối và lịch dây chuyền.
plan_2026_0067,1,fg_0133,piece,23926,2026-04-24,Sản lượng kế hoạch theo nhu cầu phân phối và lịch dây chuyền.
plan_2026_0067,2,fg_0134,piece,24926,2026-04-25,Sản lượng kế hoạch theo nhu cầu phân phối và lịch dây chuyền.
plan_2026_0068,1,fg_0135,piece,24137,2026-05-07,Sản lượng kế hoạch theo nhu cầu phân phối và lịch dây chuyền.
plan_2026_0068,2,fg_0136,piece,25137,2026-05-08,Sản lượng kế hoạch theo nhu cầu phân phối và lịch dây chuyền.
plan_2026_0069,1,fg_0137,piece,24348,2026-06-10,Sản lượng kế hoạch theo nhu cầu phân phối và lịch dây chuyền.
plan_2026_0069,2,fg_0138,piece,25348,2026-06-11,Sản lượng kế hoạch theo nhu cầu phân phối và lịch dây chuyền.
plan_2026_0070,1,fg_0139,piece,24559,2026-07-13,Sản lượng kế hoạch theo nhu cầu phân phối và lịch dây chuyền.
plan_2026_0070,2,fg_0140,piece,25559,2026-07-14,Sản lượng kế hoạch theo nhu cầu phân phối và lịch dây chuyền.
plan_2026_0071,1,fg_0141,piece,24770,2026-08-16,Sản lượng kế hoạch theo nhu cầu phân phối và lịch dây chuyền.
plan_2026_0071,2,fg_0142,piece,25770,2026-08-17,Sản lượng kế hoạch theo nhu cầu phân phối và lịch dây chuyền.
plan_2026_0072,1,fg_0143,piece,24981,2026-09-19,Sản lượng kế hoạch theo nhu cầu phân phối và lịch dây chuyền.
plan_2026_0072,2,fg_0144,piece,25981,2026-09-20,Sản lượng kế hoạch theo nhu cầu phân phối và lịch dây chuyền.
plan_2026_0073,1,fg_0145,piece,25192,2026-01-22,Sản lượng kế hoạch theo nhu cầu phân phối và lịch dây chuyền.
plan_2026_0073,2,fg_0146,piece,26192,2026-01-23,Sản lượng kế hoạch theo nhu cầu phân phối và lịch dây chuyền.
plan_2026_0074,1,fg_0147,piece,25403,2026-02-25,Sản lượng kế hoạch theo nhu cầu phân phối và lịch dây chuyền.
plan_2026_0074,2,fg_0148,piece,26403,2026-02-26,Sản lượng kế hoạch theo nhu cầu phân phối và lịch dây chuyền.
plan_2026_0075,1,fg_0149,piece,25614,2026-03-08,Sản lượng kế hoạch theo nhu cầu phân phối và lịch dây chuyền.
plan_2026_0075,2,fg_0150,piece,26614,2026-03-09,Sản lượng kế hoạch theo nhu cầu phân phối và lịch dây chuyền.
plan_2026_0076,1,fg_0151,piece,25825,2026-04-11,Sản lượng kế hoạch theo nhu cầu phân phối và lịch dây chuyền.
plan_2026_0076,2,fg_0152,piece,26825,2026-04-12,Sản lượng kế hoạch theo nhu cầu phân phối và lịch dây chuyền.
plan_2026_0077,1,fg_0153,piece,26036,2026-05-14,Sản lượng kế hoạch theo nhu cầu phân phối và lịch dây chuyền.
plan_2026_0077,2,fg_0154,piece,27036,2026-05-15,Sản lượng kế hoạch theo nhu cầu phân phối và lịch dây chuyền.
plan_2026_0078,1,fg_0155,piece,26247,2026-06-17,Sản lượng kế hoạch theo nhu cầu phân phối và lịch dây chuyền.
plan_2026_0078,2,fg_0156,piece,27247,2026-06-18,Sản lượng kế hoạch theo nhu cầu phân phối và lịch dây chuyền.
plan_2026_0079,1,fg_0157,piece,26458,2026-07-20,Sản lượng kế hoạch theo nhu cầu phân phối và lịch dây chuyền.
plan_2026_0079,2,fg_0158,piece,27458,2026-07-21,Sản lượng kế hoạch theo nhu cầu phân phối và lịch dây chuyền.
plan_2026_0080,1,fg_0159,piece,26669,2026-08-23,Sản lượng kế hoạch theo nhu cầu phân phối và lịch dây chuyền.
plan_2026_0080,2,fg_0160,piece,27669,2026-08-24,Sản lượng kế hoạch theo nhu cầu phân phối và lịch dây chuyền.
plan_2026_0081,1,fg_0161,piece,26880,2026-09-06,Sản lượng kế hoạch theo nhu cầu phân phối và lịch dây chuyền.
plan_2026_0081,2,fg_0162,piece,27880,2026-09-07,Sản lượng kế hoạch theo nhu cầu phân phối và lịch dây chuyền.
plan_2026_0082,1,fg_0163,piece,27091,2026-01-09,Sản lượng kế hoạch theo nhu cầu phân phối và lịch dây chuyền.
plan_2026_0082,2,fg_0164,piece,28091,2026-01-10,Sản lượng kế hoạch theo nhu cầu phân phối và lịch dây chuyền.
plan_2026_0083,1,fg_0165,piece,27302,2026-02-12,Sản lượng kế hoạch theo nhu cầu phân phối và lịch dây chuyền.
plan_2026_0083,2,fg_0166,piece,28302,2026-02-13,Sản lượng kế hoạch theo nhu cầu phân phối và lịch dây chuyền.
plan_2026_0084,1,fg_0167,piece,27513,2026-03-15,Sản lượng kế hoạch theo nhu cầu phân phối và lịch dây chuyền.
plan_2026_0084,2,fg_0168,piece,28513,2026-03-16,Sản lượng kế hoạch theo nhu cầu phân phối và lịch dây chuyền.
plan_2026_0085,1,fg_0169,piece,27724,2026-04-18,Sản lượng kế hoạch theo nhu cầu phân phối và lịch dây chuyền.
plan_2026_0085,2,fg_0170,piece,28724,2026-04-19,Sản lượng kế hoạch theo nhu cầu phân phối và lịch dây chuyền.
plan_2026_0086,1,fg_0171,piece,27935,2026-05-21,Sản lượng kế hoạch theo nhu cầu phân phối và lịch dây chuyền.
plan_2026_0086,2,fg_0172,piece,28935,2026-05-22,Sản lượng kế hoạch theo nhu cầu phân phối và lịch dây chuyền.
plan_2026_0087,1,fg_0173,piece,28146,2026-06-24,Sản lượng kế hoạch theo nhu cầu phân phối và lịch dây chuyền.
plan_2026_0087,2,fg_0174,piece,29146,2026-06-25,Sản lượng kế hoạch theo nhu cầu phân phối và lịch dây chuyền.
plan_2026_0088,1,fg_0175,piece,28357,2026-07-07,Sản lượng kế hoạch theo nhu cầu phân phối và lịch dây chuyền.
plan_2026_0088,2,fg_0176,piece,29357,2026-07-08,Sản lượng kế hoạch theo nhu cầu phân phối và lịch dây chuyền.
plan_2026_0089,1,fg_0177,piece,28568,2026-08-10,Sản lượng kế hoạch theo nhu cầu phân phối và lịch dây chuyền.
plan_2026_0089,2,fg_0178,piece,29568,2026-08-11,Sản lượng kế hoạch theo nhu cầu phân phối và lịch dây chuyền.
plan_2026_0090,1,fg_0179,piece,28779,2026-09-13,Sản lượng kế hoạch theo nhu cầu phân phối và lịch dây chuyền.
plan_2026_0090,2,fg_0180,piece,29779,2026-09-14,Sản lượng kế hoạch theo nhu cầu phân phối và lịch dây chuyền.
plan_2026_0091,1,fg_0181,piece,28990,2026-01-16,Sản lượng kế hoạch theo nhu cầu phân phối và lịch dây chuyền.
plan_2026_0091,2,fg_0182,piece,29990,2026-01-17,Sản lượng kế hoạch theo nhu cầu phân phối và lịch dây chuyền.
plan_2026_0092,1,fg_0183,piece,29201,2026-02-19,Sản lượng kế hoạch theo nhu cầu phân phối và lịch dây chuyền.
plan_2026_0092,2,fg_0184,piece,30201,2026-02-20,Sản lượng kế hoạch theo nhu cầu phân phối và lịch dây chuyền.
plan_2026_0093,1,fg_0185,piece,29412,2026-03-22,Sản lượng kế hoạch theo nhu cầu phân phối và lịch dây chuyền.
plan_2026_0093,2,fg_0186,piece,30412,2026-03-23,Sản lượng kế hoạch theo nhu cầu phân phối và lịch dây chuyền.
plan_2026_0094,1,fg_0187,piece,29623,2026-04-25,Sản lượng kế hoạch theo nhu cầu phân phối và lịch dây chuyền.
plan_2026_0094,2,fg_0188,piece,30623,2026-04-26,Sản lượng kế hoạch theo nhu cầu phân phối và lịch dây chuyền.
plan_2026_0095,1,fg_0189,piece,29834,2026-05-08,Sản lượng kế hoạch theo nhu cầu phân phối và lịch dây chuyền.
plan_2026_0095,2,fg_0190,piece,30834,2026-05-09,Sản lượng kế hoạch theo nhu cầu phân phối và lịch dây chuyền.
plan_2026_0096,1,fg_0191,piece,30045,2026-06-11,Sản lượng kế hoạch theo nhu cầu phân phối và lịch dây chuyền.
plan_2026_0096,2,fg_0192,piece,31045,2026-06-12,Sản lượng kế hoạch theo nhu cầu phân phối và lịch dây chuyền.
plan_2026_0097,1,fg_0193,piece,30256,2026-07-14,Sản lượng kế hoạch theo nhu cầu phân phối và lịch dây chuyền.
plan_2026_0097,2,fg_0194,piece,31256,2026-07-15,Sản lượng kế hoạch theo nhu cầu phân phối và lịch dây chuyền.
plan_2026_0098,1,fg_0195,piece,30467,2026-08-17,Sản lượng kế hoạch theo nhu cầu phân phối và lịch dây chuyền.
plan_2026_0098,2,fg_0196,piece,31467,2026-08-18,Sản lượng kế hoạch theo nhu cầu phân phối và lịch dây chuyền.
plan_2026_0099,1,fg_0197,piece,30678,2026-09-20,Sản lượng kế hoạch theo nhu cầu phân phối và lịch dây chuyền.
plan_2026_0099,2,fg_0198,piece,31678,2026-09-21,Sản lượng kế hoạch theo nhu cầu phân phối và lịch dây chuyền.
plan_2026_0100,1,fg_0199,piece,30889,2026-01-23,Sản lượng kế hoạch theo nhu cầu phân phối và lịch dây chuyền.
plan_2026_0100,2,fg_0200,piece,31889,2026-01-24,Sản lượng kế hoạch theo nhu cầu phân phối và lịch dây chuyền.
plan_2026_0101,1,fg_0001,piece,31100,2026-02-06,Sản lượng kế hoạch theo nhu cầu phân phối và lịch dây chuyền.
plan_2026_0101,2,fg_0002,piece,32100,2026-02-07,Sản lượng kế hoạch theo nhu cầu phân phối và lịch dây chuyền.
plan_2026_0102,1,fg_0003,piece,31311,2026-03-09,Sản lượng kế hoạch theo nhu cầu phân phối và lịch dây chuyền.
plan_2026_0102,2,fg_0004,piece,32311,2026-03-10,Sản lượng kế hoạch theo nhu cầu phân phối và lịch dây chuyền.
plan_2026_0103,1,fg_0005,piece,31522,2026-04-12,Sản lượng kế hoạch theo nhu cầu phân phối và lịch dây chuyền.
plan_2026_0103,2,fg_0006,piece,32522,2026-04-13,Sản lượng kế hoạch theo nhu cầu phân phối và lịch dây chuyền.
plan_2026_0104,1,fg_0007,piece,31733,2026-05-15,Sản lượng kế hoạch theo nhu cầu phân phối và lịch dây chuyền.
plan_2026_0104,2,fg_0008,piece,32733,2026-05-16,Sản lượng kế hoạch theo nhu cầu phân phối và lịch dây chuyền.
plan_2026_0105,1,fg_0009,piece,31944,2026-06-18,Sản lượng kế hoạch theo nhu cầu phân phối và lịch dây chuyền.
plan_2026_0105,2,fg_0010,piece,32944,2026-06-19,Sản lượng kế hoạch theo nhu cầu phân phối và lịch dây chuyền.
plan_2026_0106,1,fg_0011,piece,32155,2026-07-21,Sản lượng kế hoạch theo nhu cầu phân phối và lịch dây chuyền.
plan_2026_0106,2,fg_0012,piece,33155,2026-07-22,Sản lượng kế hoạch theo nhu cầu phân phối và lịch dây chuyền.
plan_2026_0107,1,fg_0013,piece,32366,2026-08-24,Sản lượng kế hoạch theo nhu cầu phân phối và lịch dây chuyền.
plan_2026_0107,2,fg_0014,piece,33366,2026-08-25,Sản lượng kế hoạch theo nhu cầu phân phối và lịch dây chuyền.
plan_2026_0108,1,fg_0015,piece,32577,2026-09-07,Sản lượng kế hoạch theo nhu cầu phân phối và lịch dây chuyền.
plan_2026_0108,2,fg_0016,piece,33577,2026-09-08,Sản lượng kế hoạch theo nhu cầu phân phối và lịch dây chuyền.
plan_2026_0109,1,fg_0017,piece,32788,2026-01-10,Sản lượng kế hoạch theo nhu cầu phân phối và lịch dây chuyền.
plan_2026_0109,2,fg_0018,piece,33788,2026-01-11,Sản lượng kế hoạch theo nhu cầu phân phối và lịch dây chuyền.
plan_2026_0110,1,fg_0019,piece,32999,2026-02-13,Sản lượng kế hoạch theo nhu cầu phân phối và lịch dây chuyền.
plan_2026_0110,2,fg_0020,piece,33999,2026-02-14,Sản lượng kế hoạch theo nhu cầu phân phối và lịch dây chuyền.
plan_2026_0111,1,fg_0021,piece,33210,2026-03-16,Sản lượng kế hoạch theo nhu cầu phân phối và lịch dây chuyền.
plan_2026_0111,2,fg_0022,piece,34210,2026-03-17,Sản lượng kế hoạch theo nhu cầu phân phối và lịch dây chuyền.
plan_2026_0112,1,fg_0023,piece,33421,2026-04-19,Sản lượng kế hoạch theo nhu cầu phân phối và lịch dây chuyền.
plan_2026_0112,2,fg_0024,piece,34421,2026-04-20,Sản lượng kế hoạch theo nhu cầu phân phối và lịch dây chuyền.
plan_2026_0113,1,fg_0025,piece,33632,2026-05-22,Sản lượng kế hoạch theo nhu cầu phân phối và lịch dây chuyền.
plan_2026_0113,2,fg_0026,piece,34632,2026-05-23,Sản lượng kế hoạch theo nhu cầu phân phối và lịch dây chuyền.
plan_2026_0114,1,fg_0027,piece,33843,2026-06-25,Sản lượng kế hoạch theo nhu cầu phân phối và lịch dây chuyền.
plan_2026_0114,2,fg_0028,piece,34843,2026-06-26,Sản lượng kế hoạch theo nhu cầu phân phối và lịch dây chuyền.
plan_2026_0115,1,fg_0029,piece,34054,2026-07-08,Sản lượng kế hoạch theo nhu cầu phân phối và lịch dây chuyền.
plan_2026_0115,2,fg_0030,piece,35054,2026-07-09,Sản lượng kế hoạch theo nhu cầu phân phối và lịch dây chuyền.
plan_2026_0116,1,fg_0031,piece,34265,2026-08-11,Sản lượng kế hoạch theo nhu cầu phân phối và lịch dây chuyền.
plan_2026_0116,2,fg_0032,piece,35265,2026-08-12,Sản lượng kế hoạch theo nhu cầu phân phối và lịch dây chuyền.
plan_2026_0117,1,fg_0033,piece,34476,2026-09-14,Sản lượng kế hoạch theo nhu cầu phân phối và lịch dây chuyền.
plan_2026_0117,2,fg_0034,piece,35476,2026-09-15,Sản lượng kế hoạch theo nhu cầu phân phối và lịch dây chuyền.
plan_2026_0118,1,fg_0035,piece,34687,2026-01-17,Sản lượng kế hoạch theo nhu cầu phân phối và lịch dây chuyền.
plan_2026_0118,2,fg_0036,piece,35687,2026-01-18,Sản lượng kế hoạch theo nhu cầu phân phối và lịch dây chuyền.
plan_2026_0119,1,fg_0037,piece,34898,2026-02-20,Sản lượng kế hoạch theo nhu cầu phân phối và lịch dây chuyền.
plan_2026_0119,2,fg_0038,piece,35898,2026-02-21,Sản lượng kế hoạch theo nhu cầu phân phối và lịch dây chuyền.
plan_2026_0120,1,fg_0039,piece,35109,2026-03-23,Sản lượng kế hoạch theo nhu cầu phân phối và lịch dây chuyền.
plan_2026_0120,2,fg_0040,piece,36109,2026-03-24,Sản lượng kế hoạch theo nhu cầu phân phối và lịch dây chuyền.
plan_2026_0121,1,fg_0041,piece,35320,2026-04-06,Sản lượng kế hoạch theo nhu cầu phân phối và lịch dây chuyền.
plan_2026_0121,2,fg_0042,piece,36320,2026-04-07,Sản lượng kế hoạch theo nhu cầu phân phối và lịch dây chuyền.
plan_2026_0122,1,fg_0043,piece,35531,2026-05-09,Sản lượng kế hoạch theo nhu cầu phân phối và lịch dây chuyền.
plan_2026_0122,2,fg_0044,piece,36531,2026-05-10,Sản lượng kế hoạch theo nhu cầu phân phối và lịch dây chuyền.
plan_2026_0123,1,fg_0045,piece,35742,2026-06-12,Sản lượng kế hoạch theo nhu cầu phân phối và lịch dây chuyền.
plan_2026_0123,2,fg_0046,piece,36742,2026-06-13,Sản lượng kế hoạch theo nhu cầu phân phối và lịch dây chuyền.
plan_2026_0124,1,fg_0047,piece,35953,2026-07-15,Sản lượng kế hoạch theo nhu cầu phân phối và lịch dây chuyền.
plan_2026_0124,2,fg_0048,piece,36953,2026-07-16,Sản lượng kế hoạch theo nhu cầu phân phối và lịch dây chuyền.
plan_2026_0125,1,fg_0049,piece,36164,2026-08-18,Sản lượng kế hoạch theo nhu cầu phân phối và lịch dây chuyền.
plan_2026_0125,2,fg_0050,piece,37164,2026-08-19,Sản lượng kế hoạch theo nhu cầu phân phối và lịch dây chuyền.
plan_2026_0126,1,fg_0051,piece,36375,2026-09-21,Sản lượng kế hoạch theo nhu cầu phân phối và lịch dây chuyền.
plan_2026_0126,2,fg_0052,piece,37375,2026-09-22,Sản lượng kế hoạch theo nhu cầu phân phối và lịch dây chuyền.
plan_2026_0127,1,fg_0053,piece,36586,2026-01-24,Sản lượng kế hoạch theo nhu cầu phân phối và lịch dây chuyền.
plan_2026_0127,2,fg_0054,piece,37586,2026-01-25,Sản lượng kế hoạch theo nhu cầu phân phối và lịch dây chuyền.
plan_2026_0128,1,fg_0055,piece,36797,2026-02-07,Sản lượng kế hoạch theo nhu cầu phân phối và lịch dây chuyền.
plan_2026_0128,2,fg_0056,piece,37797,2026-02-08,Sản lượng kế hoạch theo nhu cầu phân phối và lịch dây chuyền.
plan_2026_0129,1,fg_0057,piece,37008,2026-03-10,Sản lượng kế hoạch theo nhu cầu phân phối và lịch dây chuyền.
plan_2026_0129,2,fg_0058,piece,38008,2026-03-11,Sản lượng kế hoạch theo nhu cầu phân phối và lịch dây chuyền.
plan_2026_0130,1,fg_0059,piece,37219,2026-04-13,Sản lượng kế hoạch theo nhu cầu phân phối và lịch dây chuyền.
plan_2026_0130,2,fg_0060,piece,38219,2026-04-14,Sản lượng kế hoạch theo nhu cầu phân phối và lịch dây chuyền.
plan_2026_0131,1,fg_0061,piece,37430,2026-05-16,Sản lượng kế hoạch theo nhu cầu phân phối và lịch dây chuyền.
plan_2026_0131,2,fg_0062,piece,38430,2026-05-17,Sản lượng kế hoạch theo nhu cầu phân phối và lịch dây chuyền.
plan_2026_0132,1,fg_0063,piece,37641,2026-06-19,Sản lượng kế hoạch theo nhu cầu phân phối và lịch dây chuyền.
plan_2026_0132,2,fg_0064,piece,38641,2026-06-20,Sản lượng kế hoạch theo nhu cầu phân phối và lịch dây chuyền.
plan_2026_0133,1,fg_0065,piece,37852,2026-07-22,Sản lượng kế hoạch theo nhu cầu phân phối và lịch dây chuyền.
plan_2026_0133,2,fg_0066,piece,38852,2026-07-23,Sản lượng kế hoạch theo nhu cầu phân phối và lịch dây chuyền.
plan_2026_0134,1,fg_0067,piece,38063,2026-08-25,Sản lượng kế hoạch theo nhu cầu phân phối và lịch dây chuyền.
plan_2026_0134,2,fg_0068,piece,39063,2026-08-26,Sản lượng kế hoạch theo nhu cầu phân phối và lịch dây chuyền.
plan_2026_0135,1,fg_0069,piece,38274,2026-09-08,Sản lượng kế hoạch theo nhu cầu phân phối và lịch dây chuyền.
plan_2026_0135,2,fg_0070,piece,39274,2026-09-09,Sản lượng kế hoạch theo nhu cầu phân phối và lịch dây chuyền.
plan_2026_0136,1,fg_0071,piece,38485,2026-01-11,Sản lượng kế hoạch theo nhu cầu phân phối và lịch dây chuyền.
plan_2026_0136,2,fg_0072,piece,39485,2026-01-12,Sản lượng kế hoạch theo nhu cầu phân phối và lịch dây chuyền.
plan_2026_0137,1,fg_0073,piece,38696,2026-02-14,Sản lượng kế hoạch theo nhu cầu phân phối và lịch dây chuyền.
plan_2026_0137,2,fg_0074,piece,39696,2026-02-15,Sản lượng kế hoạch theo nhu cầu phân phối và lịch dây chuyền.
plan_2026_0138,1,fg_0075,piece,38907,2026-03-17,Sản lượng kế hoạch theo nhu cầu phân phối và lịch dây chuyền.
plan_2026_0138,2,fg_0076,piece,39907,2026-03-18,Sản lượng kế hoạch theo nhu cầu phân phối và lịch dây chuyền.
plan_2026_0139,1,fg_0077,piece,39118,2026-04-20,Sản lượng kế hoạch theo nhu cầu phân phối và lịch dây chuyền.
plan_2026_0139,2,fg_0078,piece,10118,2026-04-21,Sản lượng kế hoạch theo nhu cầu phân phối và lịch dây chuyền.
plan_2026_0140,1,fg_0079,piece,39329,2026-05-23,Sản lượng kế hoạch theo nhu cầu phân phối và lịch dây chuyền.
plan_2026_0140,2,fg_0080,piece,10329,2026-05-24,Sản lượng kế hoạch theo nhu cầu phân phối và lịch dây chuyền.
plan_2026_0141,1,fg_0081,piece,39540,2026-06-06,Sản lượng kế hoạch theo nhu cầu phân phối và lịch dây chuyền.
plan_2026_0141,2,fg_0082,piece,10540,2026-06-07,Sản lượng kế hoạch theo nhu cầu phân phối và lịch dây chuyền.
plan_2026_0142,1,fg_0083,piece,39751,2026-07-09,Sản lượng kế hoạch theo nhu cầu phân phối và lịch dây chuyền.
plan_2026_0142,2,fg_0084,piece,10751,2026-07-10,Sản lượng kế hoạch theo nhu cầu phân phối và lịch dây chuyền.
plan_2026_0143,1,fg_0085,piece,39962,2026-08-12,Sản lượng kế hoạch theo nhu cầu phân phối và lịch dây chuyền.
plan_2026_0143,2,fg_0086,piece,10962,2026-08-13,Sản lượng kế hoạch theo nhu cầu phân phối và lịch dây chuyền.
plan_2026_0144,1,fg_0087,piece,10173,2026-09-15,Sản lượng kế hoạch theo nhu cầu phân phối và lịch dây chuyền.
plan_2026_0144,2,fg_0088,piece,11173,2026-09-16,Sản lượng kế hoạch theo nhu cầu phân phối và lịch dây chuyền.
plan_2026_0145,1,fg_0089,piece,10384,2026-01-18,Sản lượng kế hoạch theo nhu cầu phân phối và lịch dây chuyền.
plan_2026_0145,2,fg_0090,piece,11384,2026-01-19,Sản lượng kế hoạch theo nhu cầu phân phối và lịch dây chuyền.
plan_2026_0146,1,fg_0091,piece,10595,2026-02-21,Sản lượng kế hoạch theo nhu cầu phân phối và lịch dây chuyền.
plan_2026_0146,2,fg_0092,piece,11595,2026-02-22,Sản lượng kế hoạch theo nhu cầu phân phối và lịch dây chuyền.
plan_2026_0147,1,fg_0093,piece,10806,2026-03-24,Sản lượng kế hoạch theo nhu cầu phân phối và lịch dây chuyền.
plan_2026_0147,2,fg_0094,piece,11806,2026-03-25,Sản lượng kế hoạch theo nhu cầu phân phối và lịch dây chuyền.
plan_2026_0148,1,fg_0095,piece,11017,2026-04-07,Sản lượng kế hoạch theo nhu cầu phân phối và lịch dây chuyền.
plan_2026_0148,2,fg_0096,piece,12017,2026-04-08,Sản lượng kế hoạch theo nhu cầu phân phối và lịch dây chuyền.
plan_2026_0149,1,fg_0097,piece,11228,2026-05-10,Sản lượng kế hoạch theo nhu cầu phân phối và lịch dây chuyền.
plan_2026_0149,2,fg_0098,piece,12228,2026-05-11,Sản lượng kế hoạch theo nhu cầu phân phối và lịch dây chuyền.
plan_2026_0150,1,fg_0099,piece,11439,2026-06-13,Sản lượng kế hoạch theo nhu cầu phân phối và lịch dây chuyền.
plan_2026_0150,2,fg_0100,piece,12439,2026-06-14,Sản lượng kế hoạch theo nhu cầu phân phối và lịch dây chuyền.
plan_2026_0151,1,fg_0101,piece,11650,2026-07-16,Sản lượng kế hoạch theo nhu cầu phân phối và lịch dây chuyền.
plan_2026_0151,2,fg_0102,piece,12650,2026-07-17,Sản lượng kế hoạch theo nhu cầu phân phối và lịch dây chuyền.
plan_2026_0152,1,fg_0103,piece,11861,2026-08-19,Sản lượng kế hoạch theo nhu cầu phân phối và lịch dây chuyền.
plan_2026_0152,2,fg_0104,piece,12861,2026-08-20,Sản lượng kế hoạch theo nhu cầu phân phối và lịch dây chuyền.
plan_2026_0153,1,fg_0105,piece,12072,2026-09-22,Sản lượng kế hoạch theo nhu cầu phân phối và lịch dây chuyền.
plan_2026_0153,2,fg_0106,piece,13072,2026-09-23,Sản lượng kế hoạch theo nhu cầu phân phối và lịch dây chuyền.
plan_2026_0154,1,fg_0107,piece,12283,2026-01-25,Sản lượng kế hoạch theo nhu cầu phân phối và lịch dây chuyền.
plan_2026_0154,2,fg_0108,piece,13283,2026-01-26,Sản lượng kế hoạch theo nhu cầu phân phối và lịch dây chuyền.
plan_2026_0155,1,fg_0109,piece,12494,2026-02-08,Sản lượng kế hoạch theo nhu cầu phân phối và lịch dây chuyền.
plan_2026_0155,2,fg_0110,piece,13494,2026-02-09,Sản lượng kế hoạch theo nhu cầu phân phối và lịch dây chuyền.
plan_2026_0156,1,fg_0111,piece,12705,2026-03-11,Sản lượng kế hoạch theo nhu cầu phân phối và lịch dây chuyền.
plan_2026_0156,2,fg_0112,piece,13705,2026-03-12,Sản lượng kế hoạch theo nhu cầu phân phối và lịch dây chuyền.
plan_2026_0157,1,fg_0113,piece,12916,2026-04-14,Sản lượng kế hoạch theo nhu cầu phân phối và lịch dây chuyền.
plan_2026_0157,2,fg_0114,piece,13916,2026-04-15,Sản lượng kế hoạch theo nhu cầu phân phối và lịch dây chuyền.
plan_2026_0158,1,fg_0115,piece,13127,2026-05-17,Sản lượng kế hoạch theo nhu cầu phân phối và lịch dây chuyền.
plan_2026_0158,2,fg_0116,piece,14127,2026-05-18,Sản lượng kế hoạch theo nhu cầu phân phối và lịch dây chuyền.
plan_2026_0159,1,fg_0117,piece,13338,2026-06-20,Sản lượng kế hoạch theo nhu cầu phân phối và lịch dây chuyền.
plan_2026_0159,2,fg_0118,piece,14338,2026-06-21,Sản lượng kế hoạch theo nhu cầu phân phối và lịch dây chuyền.
plan_2026_0160,1,fg_0119,piece,13549,2026-07-23,Sản lượng kế hoạch theo nhu cầu phân phối và lịch dây chuyền.
plan_2026_0160,2,fg_0120,piece,14549,2026-07-24,Sản lượng kế hoạch theo nhu cầu phân phối và lịch dây chuyền.
plan_2026_0161,1,fg_0121,piece,13760,2026-08-06,Sản lượng kế hoạch theo nhu cầu phân phối và lịch dây chuyền.
plan_2026_0161,2,fg_0122,piece,14760,2026-08-07,Sản lượng kế hoạch theo nhu cầu phân phối và lịch dây chuyền.
plan_2026_0162,1,fg_0123,piece,13971,2026-09-09,Sản lượng kế hoạch theo nhu cầu phân phối và lịch dây chuyền.
plan_2026_0162,2,fg_0124,piece,14971,2026-09-10,Sản lượng kế hoạch theo nhu cầu phân phối và lịch dây chuyền.
plan_2026_0163,1,fg_0125,piece,14182,2026-01-12,Sản lượng kế hoạch theo nhu cầu phân phối và lịch dây chuyền.
plan_2026_0163,2,fg_0126,piece,15182,2026-01-13,Sản lượng kế hoạch theo nhu cầu phân phối và lịch dây chuyền.
plan_2026_0164,1,fg_0127,piece,14393,2026-02-15,Sản lượng kế hoạch theo nhu cầu phân phối và lịch dây chuyền.
plan_2026_0164,2,fg_0128,piece,15393,2026-02-16,Sản lượng kế hoạch theo nhu cầu phân phối và lịch dây chuyền.
plan_2026_0165,1,fg_0129,piece,14604,2026-03-18,Sản lượng kế hoạch theo nhu cầu phân phối và lịch dây chuyền.
plan_2026_0165,2,fg_0130,piece,15604,2026-03-19,Sản lượng kế hoạch theo nhu cầu phân phối và lịch dây chuyền.
plan_2026_0166,1,fg_0131,piece,14815,2026-04-21,Sản lượng kế hoạch theo nhu cầu phân phối và lịch dây chuyền.
plan_2026_0166,2,fg_0132,piece,15815,2026-04-22,Sản lượng kế hoạch theo nhu cầu phân phối và lịch dây chuyền.
plan_2026_0167,1,fg_0133,piece,15026,2026-05-24,Sản lượng kế hoạch theo nhu cầu phân phối và lịch dây chuyền.
plan_2026_0167,2,fg_0134,piece,16026,2026-05-25,Sản lượng kế hoạch theo nhu cầu phân phối và lịch dây chuyền.
plan_2026_0168,1,fg_0135,piece,15237,2026-06-07,Sản lượng kế hoạch theo nhu cầu phân phối và lịch dây chuyền.
plan_2026_0168,2,fg_0136,piece,16237,2026-06-08,Sản lượng kế hoạch theo nhu cầu phân phối và lịch dây chuyền.
plan_2026_0169,1,fg_0137,piece,15448,2026-07-10,Sản lượng kế hoạch theo nhu cầu phân phối và lịch dây chuyền.
plan_2026_0169,2,fg_0138,piece,16448,2026-07-11,Sản lượng kế hoạch theo nhu cầu phân phối và lịch dây chuyền.
plan_2026_0170,1,fg_0139,piece,15659,2026-08-13,Sản lượng kế hoạch theo nhu cầu phân phối và lịch dây chuyền.
plan_2026_0170,2,fg_0140,piece,16659,2026-08-14,Sản lượng kế hoạch theo nhu cầu phân phối và lịch dây chuyền.
plan_2026_0171,1,fg_0141,piece,15870,2026-09-16,Sản lượng kế hoạch theo nhu cầu phân phối và lịch dây chuyền.
plan_2026_0171,2,fg_0142,piece,16870,2026-09-17,Sản lượng kế hoạch theo nhu cầu phân phối và lịch dây chuyền.
plan_2026_0172,1,fg_0143,piece,16081,2026-01-19,Sản lượng kế hoạch theo nhu cầu phân phối và lịch dây chuyền.
plan_2026_0172,2,fg_0144,piece,17081,2026-01-20,Sản lượng kế hoạch theo nhu cầu phân phối và lịch dây chuyền.
plan_2026_0173,1,fg_0145,piece,16292,2026-02-22,Sản lượng kế hoạch theo nhu cầu phân phối và lịch dây chuyền.
plan_2026_0173,2,fg_0146,piece,17292,2026-02-23,Sản lượng kế hoạch theo nhu cầu phân phối và lịch dây chuyền.
plan_2026_0174,1,fg_0147,piece,16503,2026-03-25,Sản lượng kế hoạch theo nhu cầu phân phối và lịch dây chuyền.
plan_2026_0174,2,fg_0148,piece,17503,2026-03-26,Sản lượng kế hoạch theo nhu cầu phân phối và lịch dây chuyền.
plan_2026_0175,1,fg_0149,piece,16714,2026-04-08,Sản lượng kế hoạch theo nhu cầu phân phối và lịch dây chuyền.
plan_2026_0175,2,fg_0150,piece,17714,2026-04-09,Sản lượng kế hoạch theo nhu cầu phân phối và lịch dây chuyền.
plan_2026_0176,1,fg_0151,piece,16925,2026-05-11,Sản lượng kế hoạch theo nhu cầu phân phối và lịch dây chuyền.
plan_2026_0176,2,fg_0152,piece,17925,2026-05-12,Sản lượng kế hoạch theo nhu cầu phân phối và lịch dây chuyền.
plan_2026_0177,1,fg_0153,piece,17136,2026-06-14,Sản lượng kế hoạch theo nhu cầu phân phối và lịch dây chuyền.
plan_2026_0177,2,fg_0154,piece,18136,2026-06-15,Sản lượng kế hoạch theo nhu cầu phân phối và lịch dây chuyền.
plan_2026_0178,1,fg_0155,piece,17347,2026-07-17,Sản lượng kế hoạch theo nhu cầu phân phối và lịch dây chuyền.
plan_2026_0178,2,fg_0156,piece,18347,2026-07-18,Sản lượng kế hoạch theo nhu cầu phân phối và lịch dây chuyền.
plan_2026_0179,1,fg_0157,piece,17558,2026-08-20,Sản lượng kế hoạch theo nhu cầu phân phối và lịch dây chuyền.
plan_2026_0179,2,fg_0158,piece,18558,2026-08-21,Sản lượng kế hoạch theo nhu cầu phân phối và lịch dây chuyền.
plan_2026_0180,1,fg_0159,piece,17769,2026-09-23,Sản lượng kế hoạch theo nhu cầu phân phối và lịch dây chuyền.
plan_2026_0180,2,fg_0160,piece,18769,2026-09-24,Sản lượng kế hoạch theo nhu cầu phân phối và lịch dây chuyền.
plan_2026_0181,1,fg_0161,piece,17980,2026-01-06,Sản lượng kế hoạch theo nhu cầu phân phối và lịch dây chuyền.
plan_2026_0181,2,fg_0162,piece,18980,2026-01-07,Sản lượng kế hoạch theo nhu cầu phân phối và lịch dây chuyền.
plan_2026_0182,1,fg_0163,piece,18191,2026-02-09,Sản lượng kế hoạch theo nhu cầu phân phối và lịch dây chuyền.
plan_2026_0182,2,fg_0164,piece,19191,2026-02-10,Sản lượng kế hoạch theo nhu cầu phân phối và lịch dây chuyền.
plan_2026_0183,1,fg_0165,piece,18402,2026-03-12,Sản lượng kế hoạch theo nhu cầu phân phối và lịch dây chuyền.
plan_2026_0183,2,fg_0166,piece,19402,2026-03-13,Sản lượng kế hoạch theo nhu cầu phân phối và lịch dây chuyền.
plan_2026_0184,1,fg_0167,piece,18613,2026-04-15,Sản lượng kế hoạch theo nhu cầu phân phối và lịch dây chuyền.
plan_2026_0184,2,fg_0168,piece,19613,2026-04-16,Sản lượng kế hoạch theo nhu cầu phân phối và lịch dây chuyền.
plan_2026_0185,1,fg_0169,piece,18824,2026-05-18,Sản lượng kế hoạch theo nhu cầu phân phối và lịch dây chuyền.
plan_2026_0185,2,fg_0170,piece,19824,2026-05-19,Sản lượng kế hoạch theo nhu cầu phân phối và lịch dây chuyền.
plan_2026_0186,1,fg_0171,piece,19035,2026-06-21,Sản lượng kế hoạch theo nhu cầu phân phối và lịch dây chuyền.
plan_2026_0186,2,fg_0172,piece,20035,2026-06-22,Sản lượng kế hoạch theo nhu cầu phân phối và lịch dây chuyền.
plan_2026_0187,1,fg_0173,piece,19246,2026-07-24,Sản lượng kế hoạch theo nhu cầu phân phối và lịch dây chuyền.
plan_2026_0187,2,fg_0174,piece,20246,2026-07-25,Sản lượng kế hoạch theo nhu cầu phân phối và lịch dây chuyền.
plan_2026_0188,1,fg_0175,piece,19457,2026-08-07,Sản lượng kế hoạch theo nhu cầu phân phối và lịch dây chuyền.
plan_2026_0188,2,fg_0176,piece,20457,2026-08-08,Sản lượng kế hoạch theo nhu cầu phân phối và lịch dây chuyền.
plan_2026_0189,1,fg_0177,piece,19668,2026-09-10,Sản lượng kế hoạch theo nhu cầu phân phối và lịch dây chuyền.
plan_2026_0189,2,fg_0178,piece,20668,2026-09-11,Sản lượng kế hoạch theo nhu cầu phân phối và lịch dây chuyền.
plan_2026_0190,1,fg_0179,piece,19879,2026-01-13,Sản lượng kế hoạch theo nhu cầu phân phối và lịch dây chuyền.
plan_2026_0190,2,fg_0180,piece,20879,2026-01-14,Sản lượng kế hoạch theo nhu cầu phân phối và lịch dây chuyền.
plan_2026_0191,1,fg_0181,piece,20090,2026-02-16,Sản lượng kế hoạch theo nhu cầu phân phối và lịch dây chuyền.
plan_2026_0191,2,fg_0182,piece,21090,2026-02-17,Sản lượng kế hoạch theo nhu cầu phân phối và lịch dây chuyền.
plan_2026_0192,1,fg_0183,piece,20301,2026-03-19,Sản lượng kế hoạch theo nhu cầu phân phối và lịch dây chuyền.
plan_2026_0192,2,fg_0184,piece,21301,2026-03-20,Sản lượng kế hoạch theo nhu cầu phân phối và lịch dây chuyền.
plan_2026_0193,1,fg_0185,piece,20512,2026-04-22,Sản lượng kế hoạch theo nhu cầu phân phối và lịch dây chuyền.
plan_2026_0193,2,fg_0186,piece,21512,2026-04-23,Sản lượng kế hoạch theo nhu cầu phân phối và lịch dây chuyền.
plan_2026_0194,1,fg_0187,piece,20723,2026-05-25,Sản lượng kế hoạch theo nhu cầu phân phối và lịch dây chuyền.
plan_2026_0194,2,fg_0188,piece,21723,2026-05-26,Sản lượng kế hoạch theo nhu cầu phân phối và lịch dây chuyền.
plan_2026_0195,1,fg_0189,piece,20934,2026-06-08,Sản lượng kế hoạch theo nhu cầu phân phối và lịch dây chuyền.
plan_2026_0195,2,fg_0190,piece,21934,2026-06-09,Sản lượng kế hoạch theo nhu cầu phân phối và lịch dây chuyền.
plan_2026_0196,1,fg_0191,piece,21145,2026-07-11,Sản lượng kế hoạch theo nhu cầu phân phối và lịch dây chuyền.
plan_2026_0196,2,fg_0192,piece,22145,2026-07-12,Sản lượng kế hoạch theo nhu cầu phân phối và lịch dây chuyền.
plan_2026_0197,1,fg_0193,piece,21356,2026-08-14,Sản lượng kế hoạch theo nhu cầu phân phối và lịch dây chuyền.
plan_2026_0197,2,fg_0194,piece,22356,2026-08-15,Sản lượng kế hoạch theo nhu cầu phân phối và lịch dây chuyền.
plan_2026_0198,1,fg_0195,piece,21567,2026-09-17,Sản lượng kế hoạch theo nhu cầu phân phối và lịch dây chuyền.
plan_2026_0198,2,fg_0196,piece,22567,2026-09-18,Sản lượng kế hoạch theo nhu cầu phân phối và lịch dây chuyền.
plan_2026_0199,1,fg_0197,piece,21778,2026-01-20,Sản lượng kế hoạch theo nhu cầu phân phối và lịch dây chuyền.
plan_2026_0199,2,fg_0198,piece,22778,2026-01-21,Sản lượng kế hoạch theo nhu cầu phân phối và lịch dây chuyền.
plan_2026_0200,1,fg_0199,piece,21989,2026-02-23,Sản lượng kế hoạch theo nhu cầu phân phối và lịch dây chuyền.
plan_2026_0200,2,fg_0200,piece,22989,2026-02-24,Sản lượng kế hoạch theo nhu cầu phân phối và lịch dây chuyền.
plan_2026_0201,1,fg_0001,piece,22200,2026-03-06,Sản lượng kế hoạch theo nhu cầu phân phối và lịch dây chuyền.
plan_2026_0201,2,fg_0002,piece,23200,2026-03-07,Sản lượng kế hoạch theo nhu cầu phân phối và lịch dây chuyền.
plan_2026_0202,1,fg_0003,piece,22411,2026-04-09,Sản lượng kế hoạch theo nhu cầu phân phối và lịch dây chuyền.
plan_2026_0202,2,fg_0004,piece,23411,2026-04-10,Sản lượng kế hoạch theo nhu cầu phân phối và lịch dây chuyền.
plan_2026_0203,1,fg_0005,piece,22622,2026-05-12,Sản lượng kế hoạch theo nhu cầu phân phối và lịch dây chuyền.
plan_2026_0203,2,fg_0006,piece,23622,2026-05-13,Sản lượng kế hoạch theo nhu cầu phân phối và lịch dây chuyền.
plan_2026_0204,1,fg_0007,piece,22833,2026-06-15,Sản lượng kế hoạch theo nhu cầu phân phối và lịch dây chuyền.
plan_2026_0204,2,fg_0008,piece,23833,2026-06-16,Sản lượng kế hoạch theo nhu cầu phân phối và lịch dây chuyền.
plan_2026_0205,1,fg_0009,piece,23044,2026-07-18,Sản lượng kế hoạch theo nhu cầu phân phối và lịch dây chuyền.
plan_2026_0205,2,fg_0010,piece,24044,2026-07-19,Sản lượng kế hoạch theo nhu cầu phân phối và lịch dây chuyền.
plan_2026_0206,1,fg_0011,piece,23255,2026-08-21,Sản lượng kế hoạch theo nhu cầu phân phối và lịch dây chuyền.
plan_2026_0206,2,fg_0012,piece,24255,2026-08-22,Sản lượng kế hoạch theo nhu cầu phân phối và lịch dây chuyền.
plan_2026_0207,1,fg_0013,piece,23466,2026-09-24,Sản lượng kế hoạch theo nhu cầu phân phối và lịch dây chuyền.
plan_2026_0207,2,fg_0014,piece,24466,2026-09-25,Sản lượng kế hoạch theo nhu cầu phân phối và lịch dây chuyền.
plan_2026_0208,1,fg_0015,piece,23677,2026-01-07,Sản lượng kế hoạch theo nhu cầu phân phối và lịch dây chuyền.
plan_2026_0208,2,fg_0016,piece,24677,2026-01-08,Sản lượng kế hoạch theo nhu cầu phân phối và lịch dây chuyền.
plan_2026_0209,1,fg_0017,piece,23888,2026-02-10,Sản lượng kế hoạch theo nhu cầu phân phối và lịch dây chuyền.
plan_2026_0209,2,fg_0018,piece,24888,2026-02-11,Sản lượng kế hoạch theo nhu cầu phân phối và lịch dây chuyền.
plan_2026_0210,1,fg_0019,piece,24099,2026-03-13,Sản lượng kế hoạch theo nhu cầu phân phối và lịch dây chuyền.
plan_2026_0210,2,fg_0020,piece,25099,2026-03-14,Sản lượng kế hoạch theo nhu cầu phân phối và lịch dây chuyền.
plan_2026_0211,1,fg_0021,piece,24310,2026-04-16,Sản lượng kế hoạch theo nhu cầu phân phối và lịch dây chuyền.
plan_2026_0211,2,fg_0022,piece,25310,2026-04-17,Sản lượng kế hoạch theo nhu cầu phân phối và lịch dây chuyền.
plan_2026_0212,1,fg_0023,piece,24521,2026-05-19,Sản lượng kế hoạch theo nhu cầu phân phối và lịch dây chuyền.
plan_2026_0212,2,fg_0024,piece,25521,2026-05-20,Sản lượng kế hoạch theo nhu cầu phân phối và lịch dây chuyền.
plan_2026_0213,1,fg_0025,piece,24732,2026-06-22,Sản lượng kế hoạch theo nhu cầu phân phối và lịch dây chuyền.
plan_2026_0213,2,fg_0026,piece,25732,2026-06-23,Sản lượng kế hoạch theo nhu cầu phân phối và lịch dây chuyền.
plan_2026_0214,1,fg_0027,piece,24943,2026-07-25,Sản lượng kế hoạch theo nhu cầu phân phối và lịch dây chuyền.
plan_2026_0214,2,fg_0028,piece,25943,2026-07-26,Sản lượng kế hoạch theo nhu cầu phân phối và lịch dây chuyền.
plan_2026_0215,1,fg_0029,piece,25154,2026-08-08,Sản lượng kế hoạch theo nhu cầu phân phối và lịch dây chuyền.
plan_2026_0215,2,fg_0030,piece,26154,2026-08-09,Sản lượng kế hoạch theo nhu cầu phân phối và lịch dây chuyền.
plan_2026_0216,1,fg_0031,piece,25365,2026-09-11,Sản lượng kế hoạch theo nhu cầu phân phối và lịch dây chuyền.
plan_2026_0216,2,fg_0032,piece,26365,2026-09-12,Sản lượng kế hoạch theo nhu cầu phân phối và lịch dây chuyền.
plan_2026_0217,1,fg_0033,piece,25576,2026-01-14,Sản lượng kế hoạch theo nhu cầu phân phối và lịch dây chuyền.
plan_2026_0217,2,fg_0034,piece,26576,2026-01-15,Sản lượng kế hoạch theo nhu cầu phân phối và lịch dây chuyền.
plan_2026_0218,1,fg_0035,piece,25787,2026-02-17,Sản lượng kế hoạch theo nhu cầu phân phối và lịch dây chuyền.
plan_2026_0218,2,fg_0036,piece,26787,2026-02-18,Sản lượng kế hoạch theo nhu cầu phân phối và lịch dây chuyền.
plan_2026_0219,1,fg_0037,piece,25998,2026-03-20,Sản lượng kế hoạch theo nhu cầu phân phối và lịch dây chuyền.
plan_2026_0219,2,fg_0038,piece,26998,2026-03-21,Sản lượng kế hoạch theo nhu cầu phân phối và lịch dây chuyền.
plan_2026_0220,1,fg_0039,piece,26209,2026-04-23,Sản lượng kế hoạch theo nhu cầu phân phối và lịch dây chuyền.
plan_2026_0220,2,fg_0040,piece,27209,2026-04-24,Sản lượng kế hoạch theo nhu cầu phân phối và lịch dây chuyền.
plan_2026_0221,1,fg_0041,piece,26420,2026-05-06,Sản lượng kế hoạch theo nhu cầu phân phối và lịch dây chuyền.
plan_2026_0221,2,fg_0042,piece,27420,2026-05-07,Sản lượng kế hoạch theo nhu cầu phân phối và lịch dây chuyền.
plan_2026_0222,1,fg_0043,piece,26631,2026-06-09,Sản lượng kế hoạch theo nhu cầu phân phối và lịch dây chuyền.
plan_2026_0222,2,fg_0044,piece,27631,2026-06-10,Sản lượng kế hoạch theo nhu cầu phân phối và lịch dây chuyền.
plan_2026_0223,1,fg_0045,piece,26842,2026-07-12,Sản lượng kế hoạch theo nhu cầu phân phối và lịch dây chuyền.
plan_2026_0223,2,fg_0046,piece,27842,2026-07-13,Sản lượng kế hoạch theo nhu cầu phân phối và lịch dây chuyền.
plan_2026_0224,1,fg_0047,piece,27053,2026-08-15,Sản lượng kế hoạch theo nhu cầu phân phối và lịch dây chuyền.
plan_2026_0224,2,fg_0048,piece,28053,2026-08-16,Sản lượng kế hoạch theo nhu cầu phân phối và lịch dây chuyền.
plan_2026_0225,1,fg_0049,piece,27264,2026-09-18,Sản lượng kế hoạch theo nhu cầu phân phối và lịch dây chuyền.
plan_2026_0225,2,fg_0050,piece,28264,2026-09-19,Sản lượng kế hoạch theo nhu cầu phân phối và lịch dây chuyền.
plan_2026_0226,1,fg_0051,piece,27475,2026-01-21,Sản lượng kế hoạch theo nhu cầu phân phối và lịch dây chuyền.
plan_2026_0226,2,fg_0052,piece,28475,2026-01-22,Sản lượng kế hoạch theo nhu cầu phân phối và lịch dây chuyền.
plan_2026_0227,1,fg_0053,piece,27686,2026-02-24,Sản lượng kế hoạch theo nhu cầu phân phối và lịch dây chuyền.
plan_2026_0227,2,fg_0054,piece,28686,2026-02-25,Sản lượng kế hoạch theo nhu cầu phân phối và lịch dây chuyền.
plan_2026_0228,1,fg_0055,piece,27897,2026-03-07,Sản lượng kế hoạch theo nhu cầu phân phối và lịch dây chuyền.
plan_2026_0228,2,fg_0056,piece,28897,2026-03-08,Sản lượng kế hoạch theo nhu cầu phân phối và lịch dây chuyền.
plan_2026_0229,1,fg_0057,piece,28108,2026-04-10,Sản lượng kế hoạch theo nhu cầu phân phối và lịch dây chuyền.
plan_2026_0229,2,fg_0058,piece,29108,2026-04-11,Sản lượng kế hoạch theo nhu cầu phân phối và lịch dây chuyền.
plan_2026_0230,1,fg_0059,piece,28319,2026-05-13,Sản lượng kế hoạch theo nhu cầu phân phối và lịch dây chuyền.
plan_2026_0230,2,fg_0060,piece,29319,2026-05-14,Sản lượng kế hoạch theo nhu cầu phân phối và lịch dây chuyền.
plan_2026_0231,1,fg_0061,piece,28530,2026-06-16,Sản lượng kế hoạch theo nhu cầu phân phối và lịch dây chuyền.
plan_2026_0231,2,fg_0062,piece,29530,2026-06-17,Sản lượng kế hoạch theo nhu cầu phân phối và lịch dây chuyền.
plan_2026_0232,1,fg_0063,piece,28741,2026-07-19,Sản lượng kế hoạch theo nhu cầu phân phối và lịch dây chuyền.
plan_2026_0232,2,fg_0064,piece,29741,2026-07-20,Sản lượng kế hoạch theo nhu cầu phân phối và lịch dây chuyền.
plan_2026_0233,1,fg_0065,piece,28952,2026-08-22,Sản lượng kế hoạch theo nhu cầu phân phối và lịch dây chuyền.
plan_2026_0233,2,fg_0066,piece,29952,2026-08-23,Sản lượng kế hoạch theo nhu cầu phân phối và lịch dây chuyền.
plan_2026_0234,1,fg_0067,piece,29163,2026-09-25,Sản lượng kế hoạch theo nhu cầu phân phối và lịch dây chuyền.
plan_2026_0234,2,fg_0068,piece,30163,2026-09-26,Sản lượng kế hoạch theo nhu cầu phân phối và lịch dây chuyền.
plan_2026_0235,1,fg_0069,piece,29374,2026-01-08,Sản lượng kế hoạch theo nhu cầu phân phối và lịch dây chuyền.
plan_2026_0235,2,fg_0070,piece,30374,2026-01-09,Sản lượng kế hoạch theo nhu cầu phân phối và lịch dây chuyền.
plan_2026_0236,1,fg_0071,piece,29585,2026-02-11,Sản lượng kế hoạch theo nhu cầu phân phối và lịch dây chuyền.
plan_2026_0236,2,fg_0072,piece,30585,2026-02-12,Sản lượng kế hoạch theo nhu cầu phân phối và lịch dây chuyền.
plan_2026_0237,1,fg_0073,piece,29796,2026-03-14,Sản lượng kế hoạch theo nhu cầu phân phối và lịch dây chuyền.
plan_2026_0237,2,fg_0074,piece,30796,2026-03-15,Sản lượng kế hoạch theo nhu cầu phân phối và lịch dây chuyền.
plan_2026_0238,1,fg_0075,piece,30007,2026-04-17,Sản lượng kế hoạch theo nhu cầu phân phối và lịch dây chuyền.
plan_2026_0238,2,fg_0076,piece,31007,2026-04-18,Sản lượng kế hoạch theo nhu cầu phân phối và lịch dây chuyền.
plan_2026_0239,1,fg_0077,piece,30218,2026-05-20,Sản lượng kế hoạch theo nhu cầu phân phối và lịch dây chuyền.
plan_2026_0239,2,fg_0078,piece,31218,2026-05-21,Sản lượng kế hoạch theo nhu cầu phân phối và lịch dây chuyền.
plan_2026_0240,1,fg_0079,piece,30429,2026-06-23,Sản lượng kế hoạch theo nhu cầu phân phối và lịch dây chuyền.
plan_2026_0240,2,fg_0080,piece,31429,2026-06-24,Sản lượng kế hoạch theo nhu cầu phân phối và lịch dây chuyền.
plan_2026_0241,1,fg_0081,piece,30640,2026-07-06,Sản lượng kế hoạch theo nhu cầu phân phối và lịch dây chuyền.
plan_2026_0241,2,fg_0082,piece,31640,2026-07-07,Sản lượng kế hoạch theo nhu cầu phân phối và lịch dây chuyền.
plan_2026_0242,1,fg_0083,piece,30851,2026-08-09,Sản lượng kế hoạch theo nhu cầu phân phối và lịch dây chuyền.
plan_2026_0242,2,fg_0084,piece,31851,2026-08-10,Sản lượng kế hoạch theo nhu cầu phân phối và lịch dây chuyền.
plan_2026_0243,1,fg_0085,piece,31062,2026-09-12,Sản lượng kế hoạch theo nhu cầu phân phối và lịch dây chuyền.
plan_2026_0243,2,fg_0086,piece,32062,2026-09-13,Sản lượng kế hoạch theo nhu cầu phân phối và lịch dây chuyền.
plan_2026_0244,1,fg_0087,piece,31273,2026-01-15,Sản lượng kế hoạch theo nhu cầu phân phối và lịch dây chuyền.
plan_2026_0244,2,fg_0088,piece,32273,2026-01-16,Sản lượng kế hoạch theo nhu cầu phân phối và lịch dây chuyền.
plan_2026_0245,1,fg_0089,piece,31484,2026-02-18,Sản lượng kế hoạch theo nhu cầu phân phối và lịch dây chuyền.
plan_2026_0245,2,fg_0090,piece,32484,2026-02-19,Sản lượng kế hoạch theo nhu cầu phân phối và lịch dây chuyền.
plan_2026_0246,1,fg_0091,piece,31695,2026-03-21,Sản lượng kế hoạch theo nhu cầu phân phối và lịch dây chuyền.
plan_2026_0246,2,fg_0092,piece,32695,2026-03-22,Sản lượng kế hoạch theo nhu cầu phân phối và lịch dây chuyền.
plan_2026_0247,1,fg_0093,piece,31906,2026-04-24,Sản lượng kế hoạch theo nhu cầu phân phối và lịch dây chuyền.
plan_2026_0247,2,fg_0094,piece,32906,2026-04-25,Sản lượng kế hoạch theo nhu cầu phân phối và lịch dây chuyền.
plan_2026_0248,1,fg_0095,piece,32117,2026-05-07,Sản lượng kế hoạch theo nhu cầu phân phối và lịch dây chuyền.
plan_2026_0248,2,fg_0096,piece,33117,2026-05-08,Sản lượng kế hoạch theo nhu cầu phân phối và lịch dây chuyền.
plan_2026_0249,1,fg_0097,piece,32328,2026-06-10,Sản lượng kế hoạch theo nhu cầu phân phối và lịch dây chuyền.
plan_2026_0249,2,fg_0098,piece,33328,2026-06-11,Sản lượng kế hoạch theo nhu cầu phân phối và lịch dây chuyền.
plan_2026_0250,1,fg_0099,piece,32539,2026-07-13,Sản lượng kế hoạch theo nhu cầu phân phối và lịch dây chuyền.
plan_2026_0250,2,fg_0100,piece,33539,2026-07-14,Sản lượng kế hoạch theo nhu cầu phân phối và lịch dây chuyền.
