issue_code,warehouse_code,source_module,source_document_code,reason_code,status,idempotency_key,posted_at,notes
issue_2026_00001,wh_finished_south,production,production_order_2026_00001,production_consumption,draft,issue_2026_00001,2026-01-01T07:00:00+07:00,Xuất nguyên liệu cho sản xuất.
issue_2026_00002,wh_finished_south,production,production_order_2026_00002,production_consumption,pending,issue_2026_00002,2026-08-14T07:00:00+07:00,Xuất nguyên liệu cho sản xuất.
issue_2026_00003,wh_raw_south,production,production_order_2026_00003,production_consumption,posted,issue_2026_00003,2026-06-03T07:00:00+07:00,Xuất nguyên liệu cho sản xuất.
issue_2026_00004,wh_cold,production,production_order_2026_00004,production_consumption,cancelled,issue_2026_00004,2026-04-16T07:00:00+07:00,Xuất nguyên liệu cho sản xuất.
issue_2026_00005,wh_cold,production,production_order_2026_00005,production_consumption,draft,issue_2026_00005,2026-02-05T07:00:00+07:00,Xuất nguyên liệu cho sản xuất.
issue_2026_00006,wh_finished_south,production,production_order_2026_00006,production_consumption,pending,issue_2026_00006,2026-09-18T07:00:00+07:00,Xuất nguyên liệu cho sản xuất.
issue_2026_00007,wh_raw_south,production,production_order_2026_00007,production_consumption,posted,issue_2026_00007,2026-07-07T07:00:00+07:00,Xuất nguyên liệu cho sản xuất.
issue_2026_00008,wh_raw_south,production,production_order_2026_00008,production_consumption,cancelled,issue_2026_00008,2026-05-20T07:00:00+07:00,Xuất nguyên liệu cho sản xuất.
issue_2026_00009,wh_cold,production,production_order_2026_00009,production_consumption,draft,issue_2026_00009,2026-03-09T07:00:00+07:00,Xuất nguyên liệu cho sản xuất.
issue_2026_00010,wh_finished_south,production,production_order_2026_00010,production_consumption,pending,issue_2026_00010,2026-01-22T07:00:00+07:00,Xuất nguyên liệu cho sản xuất.
issue_2026_00011,wh_finished_south,production,production_order_2026_00011,production_consumption,posted,issue_2026_00011,2026-08-11T07:00:00+07:00,Xuất nguyên liệu cho sản xuất.
issue_2026_00012,wh_raw_south,production,production_order_2026_00012,production_consumption,cancelled,issue_2026_00012,2026-06-24T07:00:00+07:00,Xuất nguyên liệu cho sản xuất.
issue_2026_00013,wh_cold,production,production_order_2026_00013,production_consumption,draft,issue_2026_00013,2026-04-13T07:00:00+07:00,Xuất nguyên liệu cho sản xuất.
issue_2026_00014,wh_cold,production,production_order_2026_00014,production_consumption,pending,issue_2026_00014,2026-02-02T07:00:00+07:00,Xuất nguyên liệu cho sản xuất.
issue_2026_00015,wh_finished_south,production,production_order_2026_00015,production_consumption,posted,issue_2026_00015,2026-09-15T07:00:00+07:00,Xuất nguyên liệu cho sản xuất.
issue_2026_00016,wh_raw_south,production,production_order_2026_00016,production_consumption,cancelled,issue_2026_00016,2026-07-04T07:00:00+07:00,Xuất nguyên liệu cho sản xuất.
issue_2026_00017,wh_raw_south,production,production_order_2026_00017,production_consumption,draft,issue_2026_00017,2026-05-17T07:00:00+07:00,Xuất nguyên liệu cho sản xuất.
issue_2026_00018,wh_cold,production,production_order_2026_00018,production_consumption,pending,issue_2026_00018,2026-03-06T07:00:00+07:00,Xuất nguyên liệu cho sản xuất.
issue_2026_00019,wh_finished_south,production,production_order_2026_00019,production_consumption,posted,issue_2026_00019,2026-01-19T07:00:00+07:00,Xuất nguyên liệu cho sản xuất.
issue_2026_00020,wh_finished_south,production,production_order_2026_00020,production_consumption,cancelled,issue_2026_00020,2026-08-08T07:00:00+07:00,Xuất nguyên liệu cho sản xuất.
issue_2026_00021,wh_raw_south,production,production_order_2026_00021,production_consumption,draft,issue_2026_00021,2026-06-21T07:00:00+07:00,Xuất nguyên liệu cho sản xuất.
issue_2026_00022,wh_cold,production,production_order_2026_00022,production_consumption,pending,issue_2026_00022,2026-04-10T07:00:00+07:00,Xuất nguyên liệu cho sản xuất.
issue_2026_00023,wh_cold,production,production_order_2026_00023,production_consumption,posted,issue_2026_00023,2026-02-23T07:00:00+07:00,Xuất nguyên liệu cho sản xuất.
issue_2026_00024,wh_finished_south,production,production_order_2026_00024,production_consumption,cancelled,issue_2026_00024,2026-09-12T07:00:00+07:00,Xuất nguyên liệu cho sản xuất.
issue_2026_00025,wh_raw_south,production,production_order_2026_00025,production_consumption,draft,issue_2026_00025,2026-07-01T07:00:00+07:00,Xuất nguyên liệu cho sản xuất.
issue_2026_00026,wh_raw_south,production,production_order_2026_00026,production_consumption,pending,issue_2026_00026,2026-05-14T07:00:00+07:00,Xuất nguyên liệu cho sản xuất.
issue_2026_00027,wh_cold,production,production_order_2026_00027,production_consumption,posted,issue_2026_00027,2026-03-03T07:00:00+07:00,Xuất nguyên liệu cho sản xuất.
issue_2026_00028,wh_finished_south,production,production_order_2026_00028,production_consumption,cancelled,issue_2026_00028,2026-01-16T07:00:00+07:00,Xuất nguyên liệu cho sản xuất.
issue_2026_00029,wh_finished_south,production,production_order_2026_00029,production_consumption,draft,issue_2026_00029,2026-08-05T07:00:00+07:00,Xuất nguyên liệu cho sản xuất.
issue_2026_00030,wh_raw_south,production,production_order_2026_00030,production_consumption,pending,issue_2026_00030,2026-06-18T07:00:00+07:00,Xuất nguyên liệu cho sản xuất.
issue_2026_00031,wh_cold,production,production_order_2026_00031,production_consumption,posted,issue_2026_00031,2026-04-07T07:00:00+07:00,Xuất nguyên liệu cho sản xuất.
issue_2026_00032,wh_cold,production,production_order_2026_00032,production_consumption,cancelled,issue_2026_00032,2026-02-20T07:00:00+07:00,Xuất nguyên liệu cho sản xuất.
issue_2026_00033,wh_finished_south,production,production_order_2026_00033,production_consumption,draft,issue_2026_00033,2026-09-09T07:00:00+07:00,Xuất nguyên liệu cho sản xuất.
issue_2026_00034,wh_raw_south,production,production_order_2026_00034,production_consumption,pending,issue_2026_00034,2026-07-22T07:00:00+07:00,Xuất nguyên liệu cho sản xuất.
issue_2026_00035,wh_raw_south,production,production_order_2026_00035,production_consumption,posted,issue_2026_00035,2026-05-11T07:00:00+07:00,Xuất nguyên liệu cho sản xuất.
issue_2026_00036,wh_cold,production,production_order_2026_00036,production_consumption,cancelled,issue_2026_00036,2026-03-24T07:00:00+07:00,Xuất nguyên liệu cho sản xuất.
issue_2026_00037,wh_finished_south,production,production_order_2026_00037,production_consumption,draft,issue_2026_00037,2026-01-13T07:00:00+07:00,Xuất nguyên liệu cho sản xuất.
issue_2026_00038,wh_finished_south,production,production_order_2026_00038,production_consumption,pending,issue_2026_00038,2026-08-02T07:00:00+07:00,Xuất nguyên liệu cho sản xuất.
issue_2026_00039,wh_raw_south,production,production_order_2026_00039,production_consumption,posted,issue_2026_00039,2026-06-15T07:00:00+07:00,Xuất nguyên liệu cho sản xuất.
issue_2026_00040,wh_cold,production,production_order_2026_00040,production_consumption,cancelled,issue_2026_00040,2026-04-04T07:00:00+07:00,Xuất nguyên liệu cho sản xuất.
issue_2026_00041,wh_raw_south,production,production_order_2026_00041,production_consumption,draft,issue_2026_00041,2026-02-17T07:00:00+07:00,Xuất nguyên liệu cho sản xuất.
issue_2026_00042,wh_raw_south,production,production_order_2026_00042,production_consumption,pending,issue_2026_00042,2026-09-06T07:00:00+07:00,Xuất nguyên liệu cho sản xuất.
issue_2026_00043,wh_cold,production,production_order_2026_00043,production_consumption,posted,issue_2026_00043,2026-07-19T07:00:00+07:00,Xuất nguyên liệu cho sản xuất.
issue_2026_00044,wh_finished_south,production,production_order_2026_00044,production_consumption,cancelled,issue_2026_00044,2026-05-08T07:00:00+07:00,Xuất nguyên liệu cho sản xuất.
issue_2026_00045,wh_finished_south,production,production_order_2026_00045,production_consumption,draft,issue_2026_00045,2026-03-21T07:00:00+07:00,Xuất nguyên liệu cho sản xuất.
issue_2026_00046,wh_raw_south,production,production_order_2026_00046,production_consumption,pending,issue_2026_00046,2026-01-10T07:00:00+07:00,Xuất nguyên liệu cho sản xuất.
issue_2026_00047,wh_cold,production,production_order_2026_00047,production_consumption,posted,issue_2026_00047,2026-08-23T07:00:00+07:00,Xuất nguyên liệu cho sản xuất.
issue_2026_00048,wh_cold,production,production_order_2026_00048,production_consumption,cancelled,issue_2026_00048,2026-06-12T07:00:00+07:00,Xuất nguyên liệu cho sản xuất.
issue_2026_00049,wh_finished_south,production,production_order_2026_00049,production_consumption,draft,issue_2026_00049,2026-04-01T07:00:00+07:00,Xuất nguyên liệu cho sản xuất.
issue_2026_00050,wh_raw_south,production,production_order_2026_00050,production_consumption,pending,issue_2026_00050,2026-02-14T07:00:00+07:00,Xuất nguyên liệu cho sản xuất.
issue_2026_00051,wh_raw_south,production,production_order_2026_00051,production_consumption,posted,issue_2026_00051,2026-09-03T07:00:00+07:00,Xuất nguyên liệu cho sản xuất.
issue_2026_00052,wh_cold,production,production_order_2026_00052,production_consumption,cancelled,issue_2026_00052,2026-07-16T07:00:00+07:00,Xuất nguyên liệu cho sản xuất.
issue_2026_00053,wh_finished_south,production,production_order_2026_00053,production_consumption,draft,issue_2026_00053,2026-05-05T07:00:00+07:00,Xuất nguyên liệu cho sản xuất.
issue_2026_00054,wh_finished_south,production,production_order_2026_00054,production_consumption,pending,issue_2026_00054,2026-03-18T07:00:00+07:00,Xuất nguyên liệu cho sản xuất.
issue_2026_00055,wh_raw_south,production,production_order_2026_00055,production_consumption,posted,issue_2026_00055,2026-01-07T07:00:00+07:00,Xuất nguyên liệu cho sản xuất.
issue_2026_00056,wh_cold,production,production_order_2026_00056,production_consumption,cancelled,issue_2026_00056,2026-08-20T07:00:00+07:00,Xuất nguyên liệu cho sản xuất.
issue_2026_00057,wh_cold,production,production_order_2026_00057,production_consumption,draft,issue_2026_00057,2026-06-09T07:00:00+07:00,Xuất nguyên liệu cho sản xuất.
issue_2026_00058,wh_finished_south,production,production_order_2026_00058,production_consumption,pending,issue_2026_00058,2026-04-22T07:00:00+07:00,Xuất nguyên liệu cho sản xuất.
issue_2026_00059,wh_raw_south,production,production_order_2026_00059,production_consumption,posted,issue_2026_00059,2026-02-11T07:00:00+07:00,Xuất nguyên liệu cho sản xuất.
issue_2026_00060,wh_raw_south,production,production_order_2026_00060,production_consumption,cancelled,issue_2026_00060,2026-09-24T07:00:00+07:00,Xuất nguyên liệu cho sản xuất.
issue_2026_00061,wh_cold,production,production_order_2026_00061,production_consumption,draft,issue_2026_00061,2026-07-13T07:00:00+07:00,Xuất nguyên liệu cho sản xuất.
issue_2026_00062,wh_finished_south,production,production_order_2026_00062,production_consumption,pending,issue_2026_00062,2026-05-02T07:00:00+07:00,Xuất nguyên liệu cho sản xuất.
issue_2026_00063,wh_finished_south,production,production_order_2026_00063,production_consumption,posted,issue_2026_00063,2026-03-15T07:00:00+07:00,Xuất nguyên liệu cho sản xuất.
issue_2026_00064,wh_raw_south,production,production_order_2026_00064,production_consumption,cancelled,issue_2026_00064,2026-01-04T07:00:00+07:00,Xuất nguyên liệu cho sản xuất.
issue_2026_00065,wh_cold,production,production_order_2026_00065,production_consumption,draft,issue_2026_00065,2026-08-17T07:00:00+07:00,Xuất nguyên liệu cho sản xuất.
issue_2026_00066,wh_cold,production,production_order_2026_00066,production_consumption,pending,issue_2026_00066,2026-06-06T07:00:00+07:00,Xuất nguyên liệu cho sản xuất.
issue_2026_00067,wh_finished_south,production,production_order_2026_00067,production_consumption,posted,issue_2026_00067,2026-04-19T07:00:00+07:00,Xuất nguyên liệu cho sản xuất.
issue_2026_00068,wh_raw_south,production,production_order_2026_00068,production_consumption,cancelled,issue_2026_00068,2026-02-08T07:00:00+07:00,Xuất nguyên liệu cho sản xuất.
issue_2026_00069,wh_raw_south,production,production_order_2026_00069,production_consumption,draft,issue_2026_00069,2026-09-21T07:00:00+07:00,Xuất nguyên liệu cho sản xuất.
issue_2026_00070,wh_cold,production,production_order_2026_00070,production_consumption,pending,issue_2026_00070,2026-07-10T07:00:00+07:00,Xuất nguyên liệu cho sản xuất.
issue_2026_00071,wh_finished_south,production,production_order_2026_00071,production_consumption,posted,issue_2026_00071,2026-05-23T07:00:00+07:00,Xuất nguyên liệu cho sản xuất.
issue_2026_00072,wh_finished_south,production,production_order_2026_00072,production_consumption,cancelled,issue_2026_00072,2026-03-12T07:00:00+07:00,Xuất nguyên liệu cho sản xuất.
issue_2026_00073,wh_raw_south,production,production_order_2026_00073,production_consumption,draft,issue_2026_00073,2026-01-01T07:00:00+07:00,Xuất nguyên liệu cho sản xuất.
issue_2026_00074,wh_cold,production,production_order_2026_00074,production_consumption,pending,issue_2026_00074,2026-08-14T07:00:00+07:00,Xuất nguyên liệu cho sản xuất.
issue_2026_00075,wh_cold,production,production_order_2026_00075,production_consumption,posted,issue_2026_00075,2026-06-03T07:00:00+07:00,Xuất nguyên liệu cho sản xuất.
issue_2026_00076,wh_finished_south,production,production_order_2026_00076,production_consumption,cancelled,issue_2026_00076,2026-04-16T07:00:00+07:00,Xuất nguyên liệu cho sản xuất.
issue_2026_00077,wh_raw_south,production,production_order_2026_00077,production_consumption,draft,issue_2026_00077,2026-02-05T07:00:00+07:00,Xuất nguyên liệu cho sản xuất.
issue_2026_00078,wh_raw_south,production,production_order_2026_00078,production_consumption,pending,issue_2026_00078,2026-09-18T07:00:00+07:00,Xuất nguyên liệu cho sản xuất.
issue_2026_00079,wh_cold,production,production_order_2026_00079,production_consumption,posted,issue_2026_00079,2026-07-07T07:00:00+07:00,Xuất nguyên liệu cho sản xuất.
issue_2026_00080,wh_finished_south,production,production_order_2026_00080,production_consumption,cancelled,issue_2026_00080,2026-05-20T07:00:00+07:00,Xuất nguyên liệu cho sản xuất.
issue_2026_00081,wh_finished_south,production,production_order_2026_00081,production_consumption,draft,issue_2026_00081,2026-03-09T07:00:00+07:00,Xuất nguyên liệu cho sản xuất.
issue_2026_00082,wh_finished_south,production,production_order_2026_00082,production_consumption,pending,issue_2026_00082,2026-01-22T07:00:00+07:00,Xuất nguyên liệu cho sản xuất.
issue_2026_00083,wh_finished_south,production,production_order_2026_00083,production_consumption,posted,issue_2026_00083,2026-08-11T07:00:00+07:00,Xuất nguyên liệu cho sản xuất.
issue_2026_00084,wh_raw_south,production,production_order_2026_00084,production_consumption,cancelled,issue_2026_00084,2026-06-24T07:00:00+07:00,Xuất nguyên liệu cho sản xuất.
issue_2026_00085,wh_cold,production,production_order_2026_00085,production_consumption,draft,issue_2026_00085,2026-04-13T07:00:00+07:00,Xuất nguyên liệu cho sản xuất.
issue_2026_00086,wh_cold,production,production_order_2026_00086,production_consumption,pending,issue_2026_00086,2026-02-02T07:00:00+07:00,Xuất nguyên liệu cho sản xuất.
issue_2026_00087,wh_finished_south,production,production_order_2026_00087,production_consumption,posted,issue_2026_00087,2026-09-15T07:00:00+07:00,Xuất nguyên liệu cho sản xuất.
issue_2026_00088,wh_raw_south,production,production_order_2026_00088,production_consumption,cancelled,issue_2026_00088,2026-07-04T07:00:00+07:00,Xuất nguyên liệu cho sản xuất.
issue_2026_00089,wh_raw_south,production,production_order_2026_00089,production_consumption,draft,issue_2026_00089,2026-05-17T07:00:00+07:00,Xuất nguyên liệu cho sản xuất.
issue_2026_00090,wh_cold,production,production_order_2026_00090,production_consumption,pending,issue_2026_00090,2026-03-06T07:00:00+07:00,Xuất nguyên liệu cho sản xuất.
issue_2026_00091,wh_finished_south,production,production_order_2026_00091,production_consumption,posted,issue_2026_00091,2026-01-19T07:00:00+07:00,Xuất nguyên liệu cho sản xuất.
issue_2026_00092,wh_finished_south,production,production_order_2026_00092,production_consumption,cancelled,issue_2026_00092,2026-08-08T07:00:00+07:00,Xuất nguyên liệu cho sản xuất.
issue_2026_00093,wh_raw_south,production,production_order_2026_00093,production_consumption,draft,issue_2026_00093,2026-06-21T07:00:00+07:00,Xuất nguyên liệu cho sản xuất.
issue_2026_00094,wh_cold,production,production_order_2026_00094,production_consumption,pending,issue_2026_00094,2026-04-10T07:00:00+07:00,Xuất nguyên liệu cho sản xuất.
issue_2026_00095,wh_cold,production,production_order_2026_00095,production_consumption,posted,issue_2026_00095,2026-02-23T07:00:00+07:00,Xuất nguyên liệu cho sản xuất.
issue_2026_00096,wh_finished_south,production,production_order_2026_00096,production_consumption,cancelled,issue_2026_00096,2026-09-12T07:00:00+07:00,Xuất nguyên liệu cho sản xuất.
issue_2026_00097,wh_raw_south,production,production_order_2026_00097,production_consumption,draft,issue_2026_00097,2026-07-01T07:00:00+07:00,Xuất nguyên liệu cho sản xuất.
issue_2026_00098,wh_raw_south,production,production_order_2026_00098,production_consumption,pending,issue_2026_00098,2026-05-14T07:00:00+07:00,Xuất nguyên liệu cho sản xuất.
issue_2026_00099,wh_cold,production,production_order_2026_00099,production_consumption,posted,issue_2026_00099,2026-03-03T07:00:00+07:00,Xuất nguyên liệu cho sản xuất.
issue_2026_00100,wh_finished_south,production,production_order_2026_00100,production_consumption,cancelled,issue_2026_00100,2026-01-16T07:00:00+07:00,Xuất nguyên liệu cho sản xuất.
issue_2026_00101,wh_finished_south,production,production_order_2026_00101,production_consumption,draft,issue_2026_00101,2026-08-05T07:00:00+07:00,Xuất nguyên liệu cho sản xuất.
issue_2026_00102,wh_raw_south,production,production_order_2026_00102,production_consumption,pending,issue_2026_00102,2026-06-18T07:00:00+07:00,Xuất nguyên liệu cho sản xuất.
issue_2026_00103,wh_cold,production,production_order_2026_00103,production_consumption,posted,issue_2026_00103,2026-04-07T07:00:00+07:00,Xuất nguyên liệu cho sản xuất.
issue_2026_00104,wh_cold,production,production_order_2026_00104,production_consumption,cancelled,issue_2026_00104,2026-02-20T07:00:00+07:00,Xuất nguyên liệu cho sản xuất.
issue_2026_00105,wh_finished_south,production,production_order_2026_00105,production_consumption,draft,issue_2026_00105,2026-09-09T07:00:00+07:00,Xuất nguyên liệu cho sản xuất.
issue_2026_00106,wh_raw_south,production,production_order_2026_00106,production_consumption,pending,issue_2026_00106,2026-07-22T07:00:00+07:00,Xuất nguyên liệu cho sản xuất.
issue_2026_00107,wh_raw_south,production,production_order_2026_00107,production_consumption,posted,issue_2026_00107,2026-05-11T07:00:00+07:00,Xuất nguyên liệu cho sản xuất.
issue_2026_00108,wh_cold,production,production_order_2026_00108,production_consumption,cancelled,issue_2026_00108,2026-03-24T07:00:00+07:00,Xuất nguyên liệu cho sản xuất.
issue_2026_00109,wh_finished_south,production,production_order_2026_00109,production_consumption,draft,issue_2026_00109,2026-01-13T07:00:00+07:00,Xuất nguyên liệu cho sản xuất.
issue_2026_00110,wh_finished_south,production,production_order_2026_00110,production_consumption,pending,issue_2026_00110,2026-08-02T07:00:00+07:00,Xuất nguyên liệu cho sản xuất.
issue_2026_00111,wh_raw_south,production,production_order_2026_00111,production_consumption,posted,issue_2026_00111,2026-06-15T07:00:00+07:00,Xuất nguyên liệu cho sản xuất.
issue_2026_00112,wh_cold,production,production_order_2026_00112,production_consumption,cancelled,issue_2026_00112,2026-04-04T07:00:00+07:00,Xuất nguyên liệu cho sản xuất.
issue_2026_00113,wh_cold,production,production_order_2026_00113,production_consumption,draft,issue_2026_00113,2026-02-17T07:00:00+07:00,Xuất nguyên liệu cho sản xuất.
issue_2026_00114,wh_finished_south,production,production_order_2026_00114,production_consumption,pending,issue_2026_00114,2026-09-06T07:00:00+07:00,Xuất nguyên liệu cho sản xuất.
issue_2026_00115,wh_raw_south,production,production_order_2026_00115,production_consumption,posted,issue_2026_00115,2026-07-19T07:00:00+07:00,Xuất nguyên liệu cho sản xuất.
issue_2026_00116,wh_raw_south,production,production_order_2026_00116,production_consumption,cancelled,issue_2026_00116,2026-05-08T07:00:00+07:00,Xuất nguyên liệu cho sản xuất.
issue_2026_00117,wh_cold,production,production_order_2026_00117,production_consumption,draft,issue_2026_00117,2026-03-21T07:00:00+07:00,Xuất nguyên liệu cho sản xuất.
issue_2026_00118,wh_finished_south,production,production_order_2026_00118,production_consumption,pending,issue_2026_00118,2026-01-10T07:00:00+07:00,Xuất nguyên liệu cho sản xuất.
issue_2026_00119,wh_finished_south,production,production_order_2026_00119,production_consumption,posted,issue_2026_00119,2026-08-23T07:00:00+07:00,Xuất nguyên liệu cho sản xuất.
issue_2026_00120,wh_raw_south,production,production_order_2026_00120,production_consumption,cancelled,issue_2026_00120,2026-06-12T07:00:00+07:00,Xuất nguyên liệu cho sản xuất.
issue_2026_00121,wh_raw_south,production,production_order_2026_00121,production_consumption,draft,issue_2026_00121,2026-04-01T07:00:00+07:00,Xuất nguyên liệu cho sản xuất.
issue_2026_00122,wh_raw_south,production,production_order_2026_00122,production_consumption,pending,issue_2026_00122,2026-02-14T07:00:00+07:00,Xuất nguyên liệu cho sản xuất.
issue_2026_00123,wh_cold,production,production_order_2026_00123,production_consumption,posted,issue_2026_00123,2026-09-03T07:00:00+07:00,Xuất nguyên liệu cho sản xuất.
issue_2026_00124,wh_finished_south,production,production_order_2026_00124,production_consumption,cancelled,issue_2026_00124,2026-07-16T07:00:00+07:00,Xuất nguyên liệu cho sản xuất.
issue_2026_00125,wh_finished_south,production,production_order_2026_00125,production_consumption,draft,issue_2026_00125,2026-05-05T07:00:00+07:00,Xuất nguyên liệu cho sản xuất.
issue_2026_00126,wh_raw_south,production,production_order_2026_00126,production_consumption,pending,issue_2026_00126,2026-03-18T07:00:00+07:00,Xuất nguyên liệu cho sản xuất.
issue_2026_00127,wh_cold,production,production_order_2026_00127,production_consumption,posted,issue_2026_00127,2026-01-07T07:00:00+07:00,Xuất nguyên liệu cho sản xuất.
issue_2026_00128,wh_cold,production,production_order_2026_00128,production_consumption,cancelled,issue_2026_00128,2026-08-20T07:00:00+07:00,Xuất nguyên liệu cho sản xuất.
issue_2026_00129,wh_finished_south,production,production_order_2026_00129,production_consumption,draft,issue_2026_00129,2026-06-09T07:00:00+07:00,Xuất nguyên liệu cho sản xuất.
issue_2026_00130,wh_raw_south,production,production_order_2026_00130,production_consumption,pending,issue_2026_00130,2026-04-22T07:00:00+07:00,Xuất nguyên liệu cho sản xuất.
issue_2026_00131,wh_raw_south,production,production_order_2026_00131,production_consumption,posted,issue_2026_00131,2026-02-11T07:00:00+07:00,Xuất nguyên liệu cho sản xuất.
issue_2026_00132,wh_cold,production,production_order_2026_00132,production_consumption,cancelled,issue_2026_00132,2026-09-24T07:00:00+07:00,Xuất nguyên liệu cho sản xuất.
issue_2026_00133,wh_finished_south,production,production_order_2026_00133,production_consumption,draft,issue_2026_00133,2026-07-13T07:00:00+07:00,Xuất nguyên liệu cho sản xuất.
issue_2026_00134,wh_finished_south,production,production_order_2026_00134,production_consumption,pending,issue_2026_00134,2026-05-02T07:00:00+07:00,Xuất nguyên liệu cho sản xuất.
issue_2026_00135,wh_raw_south,production,production_order_2026_00135,production_consumption,posted,issue_2026_00135,2026-03-15T07:00:00+07:00,Xuất nguyên liệu cho sản xuất.
issue_2026_00136,wh_cold,production,production_order_2026_00136,production_consumption,cancelled,issue_2026_00136,2026-01-04T07:00:00+07:00,Xuất nguyên liệu cho sản xuất.
issue_2026_00137,wh_cold,production,production_order_2026_00137,production_consumption,draft,issue_2026_00137,2026-08-17T07:00:00+07:00,Xuất nguyên liệu cho sản xuất.
issue_2026_00138,wh_finished_south,production,production_order_2026_00138,production_consumption,pending,issue_2026_00138,2026-06-06T07:00:00+07:00,Xuất nguyên liệu cho sản xuất.
issue_2026_00139,wh_raw_south,production,production_order_2026_00139,production_consumption,posted,issue_2026_00139,2026-04-19T07:00:00+07:00,Xuất nguyên liệu cho sản xuất.
issue_2026_00140,wh_raw_south,production,production_order_2026_00140,production_consumption,cancelled,issue_2026_00140,2026-02-08T07:00:00+07:00,Xuất nguyên liệu cho sản xuất.
issue_2026_00141,wh_cold,production,production_order_2026_00141,production_consumption,draft,issue_2026_00141,2026-09-21T07:00:00+07:00,Xuất nguyên liệu cho sản xuất.
issue_2026_00142,wh_finished_south,production,production_order_2026_00142,production_consumption,pending,issue_2026_00142,2026-07-10T07:00:00+07:00,Xuất nguyên liệu cho sản xuất.
issue_2026_00143,wh_finished_south,production,production_order_2026_00143,production_consumption,posted,issue_2026_00143,2026-05-23T07:00:00+07:00,Xuất nguyên liệu cho sản xuất.
issue_2026_00144,wh_raw_south,production,production_order_2026_00144,production_consumption,cancelled,issue_2026_00144,2026-03-12T07:00:00+07:00,Xuất nguyên liệu cho sản xuất.
issue_2026_00145,wh_cold,production,production_order_2026_00145,production_consumption,draft,issue_2026_00145,2026-01-01T07:00:00+07:00,Xuất nguyên liệu cho sản xuất.
issue_2026_00146,wh_cold,production,production_order_2026_00146,production_consumption,pending,issue_2026_00146,2026-08-14T07:00:00+07:00,Xuất nguyên liệu cho sản xuất.
issue_2026_00147,wh_finished_south,production,production_order_2026_00147,production_consumption,posted,issue_2026_00147,2026-06-03T07:00:00+07:00,Xuất nguyên liệu cho sản xuất.
issue_2026_00148,wh_raw_south,production,production_order_2026_00148,production_consumption,cancelled,issue_2026_00148,2026-04-16T07:00:00+07:00,Xuất nguyên liệu cho sản xuất.
issue_2026_00149,wh_raw_south,production,production_order_2026_00149,production_consumption,draft,issue_2026_00149,2026-02-05T07:00:00+07:00,Xuất nguyên liệu cho sản xuất.
issue_2026_00150,wh_cold,production,production_order_2026_00150,production_consumption,pending,issue_2026_00150,2026-09-18T07:00:00+07:00,Xuất nguyên liệu cho sản xuất.
issue_2026_00151,wh_finished_south,production,production_order_2026_00151,production_consumption,posted,issue_2026_00151,2026-07-07T07:00:00+07:00,Xuất nguyên liệu cho sản xuất.
issue_2026_00152,wh_finished_south,production,production_order_2026_00152,production_consumption,cancelled,issue_2026_00152,2026-05-20T07:00:00+07:00,Xuất nguyên liệu cho sản xuất.
issue_2026_00153,wh_raw_south,production,production_order_2026_00153,production_consumption,draft,issue_2026_00153,2026-03-09T07:00:00+07:00,Xuất nguyên liệu cho sản xuất.
issue_2026_00154,wh_cold,production,production_order_2026_00154,production_consumption,pending,issue_2026_00154,2026-01-22T07:00:00+07:00,Xuất nguyên liệu cho sản xuất.
issue_2026_00155,wh_cold,production,production_order_2026_00155,production_consumption,posted,issue_2026_00155,2026-08-11T07:00:00+07:00,Xuất nguyên liệu cho sản xuất.
issue_2026_00156,wh_finished_south,production,production_order_2026_00156,production_consumption,cancelled,issue_2026_00156,2026-06-24T07:00:00+07:00,Xuất nguyên liệu cho sản xuất.
issue_2026_00157,wh_raw_south,production,production_order_2026_00157,production_consumption,draft,issue_2026_00157,2026-04-13T07:00:00+07:00,Xuất nguyên liệu cho sản xuất.
issue_2026_00158,wh_raw_south,production,production_order_2026_00158,production_consumption,pending,issue_2026_00158,2026-02-02T07:00:00+07:00,Xuất nguyên liệu cho sản xuất.
issue_2026_00159,wh_cold,production,production_order_2026_00159,production_consumption,posted,issue_2026_00159,2026-09-15T07:00:00+07:00,Xuất nguyên liệu cho sản xuất.
issue_2026_00160,wh_finished_south,production,production_order_2026_00160,production_consumption,cancelled,issue_2026_00160,2026-07-04T07:00:00+07:00,Xuất nguyên liệu cho sản xuất.
issue_2026_00161,wh_finished_south,production,production_order_2026_00161,production_consumption,draft,issue_2026_00161,2026-05-17T07:00:00+07:00,Xuất nguyên liệu cho sản xuất.
issue_2026_00162,wh_finished_south,production,production_order_2026_00162,production_consumption,pending,issue_2026_00162,2026-03-06T07:00:00+07:00,Xuất nguyên liệu cho sản xuất.
issue_2026_00163,wh_raw_south,production,production_order_2026_00163,production_consumption,posted,issue_2026_00163,2026-01-19T07:00:00+07:00,Xuất nguyên liệu cho sản xuất.
issue_2026_00164,wh_cold,production,production_order_2026_00164,production_consumption,cancelled,issue_2026_00164,2026-08-08T07:00:00+07:00,Xuất nguyên liệu cho sản xuất.
issue_2026_00165,wh_cold,production,production_order_2026_00165,production_consumption,draft,issue_2026_00165,2026-06-21T07:00:00+07:00,Xuất nguyên liệu cho sản xuất.
issue_2026_00166,wh_finished_south,production,production_order_2026_00166,production_consumption,pending,issue_2026_00166,2026-04-10T07:00:00+07:00,Xuất nguyên liệu cho sản xuất.
issue_2026_00167,wh_raw_south,production,production_order_2026_00167,production_consumption,posted,issue_2026_00167,2026-02-23T07:00:00+07:00,Xuất nguyên liệu cho sản xuất.
issue_2026_00168,wh_raw_south,production,production_order_2026_00168,production_consumption,cancelled,issue_2026_00168,2026-09-12T07:00:00+07:00,Xuất nguyên liệu cho sản xuất.
issue_2026_00169,wh_cold,production,production_order_2026_00169,production_consumption,draft,issue_2026_00169,2026-07-01T07:00:00+07:00,Xuất nguyên liệu cho sản xuất.
issue_2026_00170,wh_finished_south,production,production_order_2026_00170,production_consumption,pending,issue_2026_00170,2026-05-14T07:00:00+07:00,Xuất nguyên liệu cho sản xuất.
issue_2026_00171,wh_finished_south,production,production_order_2026_00171,production_consumption,posted,issue_2026_00171,2026-03-03T07:00:00+07:00,Xuất nguyên liệu cho sản xuất.
issue_2026_00172,wh_raw_south,production,production_order_2026_00172,production_consumption,cancelled,issue_2026_00172,2026-01-16T07:00:00+07:00,Xuất nguyên liệu cho sản xuất.
issue_2026_00173,wh_cold,production,production_order_2026_00173,production_consumption,draft,issue_2026_00173,2026-08-05T07:00:00+07:00,Xuất nguyên liệu cho sản xuất.
issue_2026_00174,wh_cold,production,production_order_2026_00174,production_consumption,pending,issue_2026_00174,2026-06-18T07:00:00+07:00,Xuất nguyên liệu cho sản xuất.
issue_2026_00175,wh_finished_south,production,production_order_2026_00175,production_consumption,posted,issue_2026_00175,2026-04-07T07:00:00+07:00,Xuất nguyên liệu cho sản xuất.
issue_2026_00176,wh_raw_south,production,production_order_2026_00176,production_consumption,cancelled,issue_2026_00176,2026-02-20T07:00:00+07:00,Xuất nguyên liệu cho sản xuất.
issue_2026_00177,wh_raw_south,production,production_order_2026_00177,production_consumption,draft,issue_2026_00177,2026-09-09T07:00:00+07:00,Xuất nguyên liệu cho sản xuất.
issue_2026_00178,wh_cold,production,production_order_2026_00178,production_consumption,pending,issue_2026_00178,2026-07-22T07:00:00+07:00,Xuất nguyên liệu cho sản xuất.
issue_2026_00179,wh_finished_south,production,production_order_2026_00179,production_consumption,posted,issue_2026_00179,2026-05-11T07:00:00+07:00,Xuất nguyên liệu cho sản xuất.
issue_2026_00180,wh_finished_south,production,production_order_2026_00180,production_consumption,cancelled,issue_2026_00180,2026-03-24T07:00:00+07:00,Xuất nguyên liệu cho sản xuất.
issue_2026_00181,wh_raw_south,production,production_order_2026_00181,production_consumption,draft,issue_2026_00181,2026-01-13T07:00:00+07:00,Xuất nguyên liệu cho sản xuất.
issue_2026_00182,wh_cold,production,production_order_2026_00182,production_consumption,pending,issue_2026_00182,2026-08-02T07:00:00+07:00,Xuất nguyên liệu cho sản xuất.
issue_2026_00183,wh_cold,production,production_order_2026_00183,production_consumption,posted,issue_2026_00183,2026-06-15T07:00:00+07:00,Xuất nguyên liệu cho sản xuất.
issue_2026_00184,wh_finished_south,production,production_order_2026_00184,production_consumption,cancelled,issue_2026_00184,2026-04-04T07:00:00+07:00,Xuất nguyên liệu cho sản xuất.
issue_2026_00185,wh_raw_south,production,production_order_2026_00185,production_consumption,draft,issue_2026_00185,2026-02-17T07:00:00+07:00,Xuất nguyên liệu cho sản xuất.
issue_2026_00186,wh_raw_south,production,production_order_2026_00186,production_consumption,pending,issue_2026_00186,2026-09-06T07:00:00+07:00,Xuất nguyên liệu cho sản xuất.
issue_2026_00187,wh_cold,production,production_order_2026_00187,production_consumption,posted,issue_2026_00187,2026-07-19T07:00:00+07:00,Xuất nguyên liệu cho sản xuất.
issue_2026_00188,wh_finished_south,production,production_order_2026_00188,production_consumption,cancelled,issue_2026_00188,2026-05-08T07:00:00+07:00,Xuất nguyên liệu cho sản xuất.
issue_2026_00189,wh_finished_south,production,production_order_2026_00189,production_consumption,draft,issue_2026_00189,2026-03-21T07:00:00+07:00,Xuất nguyên liệu cho sản xuất.
issue_2026_00190,wh_raw_south,production,production_order_2026_00190,production_consumption,pending,issue_2026_00190,2026-01-10T07:00:00+07:00,Xuất nguyên liệu cho sản xuất.
issue_2026_00191,wh_cold,production,production_order_2026_00191,production_consumption,posted,issue_2026_00191,2026-08-23T07:00:00+07:00,Xuất nguyên liệu cho sản xuất.
issue_2026_00192,wh_cold,production,production_order_2026_00192,production_consumption,cancelled,issue_2026_00192,2026-06-12T07:00:00+07:00,Xuất nguyên liệu cho sản xuất.
issue_2026_00193,wh_finished_south,production,production_order_2026_00193,production_consumption,draft,issue_2026_00193,2026-04-01T07:00:00+07:00,Xuất nguyên liệu cho sản xuất.
issue_2026_00194,wh_raw_south,production,production_order_2026_00194,production_consumption,pending,issue_2026_00194,2026-02-14T07:00:00+07:00,Xuất nguyên liệu cho sản xuất.
issue_2026_00195,wh_raw_south,production,production_order_2026_00195,production_consumption,posted,issue_2026_00195,2026-09-03T07:00:00+07:00,Xuất nguyên liệu cho sản xuất.
issue_2026_00196,wh_cold,production,production_order_2026_00196,production_consumption,cancelled,issue_2026_00196,2026-07-16T07:00:00+07:00,Xuất nguyên liệu cho sản xuất.
issue_2026_00197,wh_finished_south,production,production_order_2026_00197,production_consumption,draft,issue_2026_00197,2026-05-05T07:00:00+07:00,Xuất nguyên liệu cho sản xuất.
issue_2026_00198,wh_finished_south,production,production_order_2026_00198,production_consumption,pending,issue_2026_00198,2026-03-18T07:00:00+07:00,Xuất nguyên liệu cho sản xuất.
issue_2026_00199,wh_raw_south,production,production_order_2026_00199,production_consumption,posted,issue_2026_00199,2026-01-07T07:00:00+07:00,Xuất nguyên liệu cho sản xuất.
issue_2026_00200,wh_cold,production,production_order_2026_00200,production_consumption,cancelled,issue_2026_00200,2026-08-20T07:00:00+07:00,Xuất nguyên liệu cho sản xuất.
issue_2026_00201,wh_raw_south,production,production_order_2026_00201,production_consumption,draft,issue_2026_00201,2026-06-09T07:00:00+07:00,Xuất nguyên liệu cho sản xuất.
issue_2026_00202,wh_raw_south,production,production_order_2026_00202,production_consumption,pending,issue_2026_00202,2026-04-22T07:00:00+07:00,Xuất nguyên liệu cho sản xuất.
issue_2026_00203,wh_cold,production,production_order_2026_00203,production_consumption,posted,issue_2026_00203,2026-02-11T07:00:00+07:00,Xuất nguyên liệu cho sản xuất.
issue_2026_00204,wh_finished_south,production,production_order_2026_00204,production_consumption,cancelled,issue_2026_00204,2026-09-24T07:00:00+07:00,Xuất nguyên liệu cho sản xuất.
issue_2026_00205,wh_finished_south,production,production_order_2026_00205,production_consumption,draft,issue_2026_00205,2026-07-13T07:00:00+07:00,Xuất nguyên liệu cho sản xuất.
issue_2026_00206,wh_raw_south,production,production_order_2026_00206,production_consumption,pending,issue_2026_00206,2026-05-02T07:00:00+07:00,Xuất nguyên liệu cho sản xuất.
issue_2026_00207,wh_cold,production,production_order_2026_00207,production_consumption,posted,issue_2026_00207,2026-03-15T07:00:00+07:00,Xuất nguyên liệu cho sản xuất.
issue_2026_00208,wh_cold,production,production_order_2026_00208,production_consumption,cancelled,issue_2026_00208,2026-01-04T07:00:00+07:00,Xuất nguyên liệu cho sản xuất.
issue_2026_00209,wh_finished_south,production,production_order_2026_00209,production_consumption,draft,issue_2026_00209,2026-08-17T07:00:00+07:00,Xuất nguyên liệu cho sản xuất.
issue_2026_00210,wh_raw_south,production,production_order_2026_00210,production_consumption,pending,issue_2026_00210,2026-06-06T07:00:00+07:00,Xuất nguyên liệu cho sản xuất.
issue_2026_00211,wh_raw_south,production,production_order_2026_00211,production_consumption,posted,issue_2026_00211,2026-04-19T07:00:00+07:00,Xuất nguyên liệu cho sản xuất.
issue_2026_00212,wh_cold,production,production_order_2026_00212,production_consumption,cancelled,issue_2026_00212,2026-02-08T07:00:00+07:00,Xuất nguyên liệu cho sản xuất.
issue_2026_00213,wh_finished_south,production,production_order_2026_00213,production_consumption,draft,issue_2026_00213,2026-09-21T07:00:00+07:00,Xuất nguyên liệu cho sản xuất.
issue_2026_00214,wh_finished_south,production,production_order_2026_00214,production_consumption,pending,issue_2026_00214,2026-07-10T07:00:00+07:00,Xuất nguyên liệu cho sản xuất.
issue_2026_00215,wh_raw_south,production,production_order_2026_00215,production_consumption,posted,issue_2026_00215,2026-05-23T07:00:00+07:00,Xuất nguyên liệu cho sản xuất.
issue_2026_00216,wh_cold,production,production_order_2026_00216,production_consumption,cancelled,issue_2026_00216,2026-03-12T07:00:00+07:00,Xuất nguyên liệu cho sản xuất.
issue_2026_00217,wh_cold,production,production_order_2026_00217,production_consumption,draft,issue_2026_00217,2026-01-01T07:00:00+07:00,Xuất nguyên liệu cho sản xuất.
issue_2026_00218,wh_finished_south,production,production_order_2026_00218,production_consumption,pending,issue_2026_00218,2026-08-14T07:00:00+07:00,Xuất nguyên liệu cho sản xuất.
issue_2026_00219,wh_raw_south,production,production_order_2026_00219,production_consumption,posted,issue_2026_00219,2026-06-03T07:00:00+07:00,Xuất nguyên liệu cho sản xuất.
issue_2026_00220,wh_raw_south,production,production_order_2026_00220,production_consumption,cancelled,issue_2026_00220,2026-04-16T07:00:00+07:00,Xuất nguyên liệu cho sản xuất.
issue_2026_00221,wh_cold,production,production_order_2026_00221,production_consumption,draft,issue_2026_00221,2026-02-05T07:00:00+07:00,Xuất nguyên liệu cho sản xuất.
issue_2026_00222,wh_finished_south,production,production_order_2026_00222,production_consumption,pending,issue_2026_00222,2026-09-18T07:00:00+07:00,Xuất nguyên liệu cho sản xuất.
issue_2026_00223,wh_finished_south,production,production_order_2026_00223,production_consumption,posted,issue_2026_00223,2026-07-07T07:00:00+07:00,Xuất nguyên liệu cho sản xuất.
issue_2026_00224,wh_raw_south,production,production_order_2026_00224,production_consumption,cancelled,issue_2026_00224,2026-05-20T07:00:00+07:00,Xuất nguyên liệu cho sản xuất.
issue_2026_00225,wh_cold,production,production_order_2026_00225,production_consumption,draft,issue_2026_00225,2026-03-09T07:00:00+07:00,Xuất nguyên liệu cho sản xuất.
issue_2026_00226,wh_cold,production,production_order_2026_00226,production_consumption,pending,issue_2026_00226,2026-01-22T07:00:00+07:00,Xuất nguyên liệu cho sản xuất.
issue_2026_00227,wh_finished_south,production,production_order_2026_00227,production_consumption,posted,issue_2026_00227,2026-08-11T07:00:00+07:00,Xuất nguyên liệu cho sản xuất.
issue_2026_00228,wh_raw_south,production,production_order_2026_00228,production_consumption,cancelled,issue_2026_00228,2026-06-24T07:00:00+07:00,Xuất nguyên liệu cho sản xuất.
issue_2026_00229,wh_raw_south,production,production_order_2026_00229,production_consumption,draft,issue_2026_00229,2026-04-13T07:00:00+07:00,Xuất nguyên liệu cho sản xuất.
issue_2026_00230,wh_cold,production,production_order_2026_00230,production_consumption,pending,issue_2026_00230,2026-02-02T07:00:00+07:00,Xuất nguyên liệu cho sản xuất.
issue_2026_00231,wh_finished_south,production,production_order_2026_00231,production_consumption,posted,issue_2026_00231,2026-09-15T07:00:00+07:00,Xuất nguyên liệu cho sản xuất.
issue_2026_00232,wh_finished_south,production,production_order_2026_00232,production_consumption,cancelled,issue_2026_00232,2026-07-04T07:00:00+07:00,Xuất nguyên liệu cho sản xuất.
issue_2026_00233,wh_raw_south,production,production_order_2026_00233,production_consumption,draft,issue_2026_00233,2026-05-17T07:00:00+07:00,Xuất nguyên liệu cho sản xuất.
issue_2026_00234,wh_cold,production,production_order_2026_00234,production_consumption,pending,issue_2026_00234,2026-03-06T07:00:00+07:00,Xuất nguyên liệu cho sản xuất.
issue_2026_00235,wh_cold,production,production_order_2026_00235,production_consumption,posted,issue_2026_00235,2026-01-19T07:00:00+07:00,Xuất nguyên liệu cho sản xuất.
issue_2026_00236,wh_finished_south,production,production_order_2026_00236,production_consumption,cancelled,issue_2026_00236,2026-08-08T07:00:00+07:00,Xuất nguyên liệu cho sản xuất.
issue_2026_00237,wh_raw_south,production,production_order_2026_00237,production_consumption,draft,issue_2026_00237,2026-06-21T07:00:00+07:00,Xuất nguyên liệu cho sản xuất.
issue_2026_00238,wh_raw_south,production,production_order_2026_00238,production_consumption,pending,issue_2026_00238,2026-04-10T07:00:00+07:00,Xuất nguyên liệu cho sản xuất.
issue_2026_00239,wh_cold,production,production_order_2026_00239,production_consumption,posted,issue_2026_00239,2026-02-23T07:00:00+07:00,Xuất nguyên liệu cho sản xuất.
issue_2026_00240,wh_finished_south,production,production_order_2026_00240,production_consumption,cancelled,issue_2026_00240,2026-09-12T07:00:00+07:00,Xuất nguyên liệu cho sản xuất.
issue_2026_00241,wh_finished_south,production,production_order_2026_00241,production_consumption,draft,issue_2026_00241,2026-07-01T07:00:00+07:00,Xuất nguyên liệu cho sản xuất.
issue_2026_00242,wh_finished_south,production,production_order_2026_00242,production_consumption,pending,issue_2026_00242,2026-05-14T07:00:00+07:00,Xuất nguyên liệu cho sản xuất.
issue_2026_00243,wh_finished_south,production,production_order_2026_00243,production_consumption,posted,issue_2026_00243,2026-03-03T07:00:00+07:00,Xuất nguyên liệu cho sản xuất.
issue_2026_00244,wh_raw_south,production,production_order_2026_00244,production_consumption,cancelled,issue_2026_00244,2026-01-16T07:00:00+07:00,Xuất nguyên liệu cho sản xuất.
issue_2026_00245,wh_cold,production,production_order_2026_00245,production_consumption,draft,issue_2026_00245,2026-08-05T07:00:00+07:00,Xuất nguyên liệu cho sản xuất.
issue_2026_00246,wh_cold,production,production_order_2026_00246,production_consumption,pending,issue_2026_00246,2026-06-18T07:00:00+07:00,Xuất nguyên liệu cho sản xuất.
issue_2026_00247,wh_finished_south,production,production_order_2026_00247,production_consumption,posted,issue_2026_00247,2026-04-07T07:00:00+07:00,Xuất nguyên liệu cho sản xuất.
issue_2026_00248,wh_raw_south,production,production_order_2026_00248,production_consumption,cancelled,issue_2026_00248,2026-02-20T07:00:00+07:00,Xuất nguyên liệu cho sản xuất.
issue_2026_00249,wh_raw_south,production,production_order_2026_00249,production_consumption,draft,issue_2026_00249,2026-09-09T07:00:00+07:00,Xuất nguyên liệu cho sản xuất.
issue_2026_00250,wh_cold,production,production_order_2026_00250,production_consumption,pending,issue_2026_00250,2026-07-22T07:00:00+07:00,Xuất nguyên liệu cho sản xuất.
issue_2026_00251,wh_finished_south,production,production_order_2026_00251,production_consumption,posted,issue_2026_00251,2026-05-11T07:00:00+07:00,Xuất nguyên liệu cho sản xuất.
issue_2026_00252,wh_finished_south,production,production_order_2026_00252,production_consumption,cancelled,issue_2026_00252,2026-03-24T07:00:00+07:00,Xuất nguyên liệu cho sản xuất.
issue_2026_00253,wh_raw_south,production,production_order_2026_00253,production_consumption,draft,issue_2026_00253,2026-01-13T07:00:00+07:00,Xuất nguyên liệu cho sản xuất.
issue_2026_00254,wh_cold,production,production_order_2026_00254,production_consumption,pending,issue_2026_00254,2026-08-02T07:00:00+07:00,Xuất nguyên liệu cho sản xuất.
issue_2026_00255,wh_cold,production,production_order_2026_00255,production_consumption,posted,issue_2026_00255,2026-06-15T07:00:00+07:00,Xuất nguyên liệu cho sản xuất.
issue_2026_00256,wh_finished_south,production,production_order_2026_00256,production_consumption,cancelled,issue_2026_00256,2026-04-04T07:00:00+07:00,Xuất nguyên liệu cho sản xuất.
issue_2026_00257,wh_raw_south,production,production_order_2026_00257,production_consumption,draft,issue_2026_00257,2026-02-17T07:00:00+07:00,Xuất nguyên liệu cho sản xuất.
issue_2026_00258,wh_raw_south,production,production_order_2026_00258,production_consumption,pending,issue_2026_00258,2026-09-06T07:00:00+07:00,Xuất nguyên liệu cho sản xuất.
issue_2026_00259,wh_cold,production,production_order_2026_00259,production_consumption,posted,issue_2026_00259,2026-07-19T07:00:00+07:00,Xuất nguyên liệu cho sản xuất.
issue_2026_00260,wh_finished_south,production,production_order_2026_00260,production_consumption,cancelled,issue_2026_00260,2026-05-08T07:00:00+07:00,Xuất nguyên liệu cho sản xuất.
issue_2026_00261,wh_finished_south,production,production_order_2026_00261,production_consumption,draft,issue_2026_00261,2026-03-21T07:00:00+07:00,Xuất nguyên liệu cho sản xuất.
issue_2026_00262,wh_raw_south,production,production_order_2026_00262,production_consumption,pending,issue_2026_00262,2026-01-10T07:00:00+07:00,Xuất nguyên liệu cho sản xuất.
issue_2026_00263,wh_cold,production,production_order_2026_00263,production_consumption,posted,issue_2026_00263,2026-08-23T07:00:00+07:00,Xuất nguyên liệu cho sản xuất.
issue_2026_00264,wh_cold,production,production_order_2026_00264,production_consumption,cancelled,issue_2026_00264,2026-06-12T07:00:00+07:00,Xuất nguyên liệu cho sản xuất.
issue_2026_00265,wh_finished_south,production,production_order_2026_00265,production_consumption,draft,issue_2026_00265,2026-04-01T07:00:00+07:00,Xuất nguyên liệu cho sản xuất.
issue_2026_00266,wh_raw_south,production,production_order_2026_00266,production_consumption,pending,issue_2026_00266,2026-02-14T07:00:00+07:00,Xuất nguyên liệu cho sản xuất.
issue_2026_00267,wh_raw_south,production,production_order_2026_00267,production_consumption,posted,issue_2026_00267,2026-09-03T07:00:00+07:00,Xuất nguyên liệu cho sản xuất.
issue_2026_00268,wh_cold,production,production_order_2026_00268,production_consumption,cancelled,issue_2026_00268,2026-07-16T07:00:00+07:00,Xuất nguyên liệu cho sản xuất.
issue_2026_00269,wh_finished_south,production,production_order_2026_00269,production_consumption,draft,issue_2026_00269,2026-05-05T07:00:00+07:00,Xuất nguyên liệu cho sản xuất.
issue_2026_00270,wh_finished_south,production,production_order_2026_00270,production_consumption,pending,issue_2026_00270,2026-03-18T07:00:00+07:00,Xuất nguyên liệu cho sản xuất.
issue_2026_00271,wh_raw_south,production,production_order_2026_00271,production_consumption,posted,issue_2026_00271,2026-01-07T07:00:00+07:00,Xuất nguyên liệu cho sản xuất.
issue_2026_00272,wh_cold,production,production_order_2026_00272,production_consumption,cancelled,issue_2026_00272,2026-08-20T07:00:00+07:00,Xuất nguyên liệu cho sản xuất.
issue_2026_00273,wh_cold,production,production_order_2026_00273,production_consumption,draft,issue_2026_00273,2026-06-09T07:00:00+07:00,Xuất nguyên liệu cho sản xuất.
issue_2026_00274,wh_finished_south,production,production_order_2026_00274,production_consumption,pending,issue_2026_00274,2026-04-22T07:00:00+07:00,Xuất nguyên liệu cho sản xuất.
issue_2026_00275,wh_raw_south,production,production_order_2026_00275,production_consumption,posted,issue_2026_00275,2026-02-11T07:00:00+07:00,Xuất nguyên liệu cho sản xuất.
issue_2026_00276,wh_raw_south,production,production_order_2026_00276,production_consumption,cancelled,issue_2026_00276,2026-09-24T07:00:00+07:00,Xuất nguyên liệu cho sản xuất.
issue_2026_00277,wh_cold,production,production_order_2026_00277,production_consumption,draft,issue_2026_00277,2026-07-13T07:00:00+07:00,Xuất nguyên liệu cho sản xuất.
issue_2026_00278,wh_finished_south,production,production_order_2026_00278,production_consumption,pending,issue_2026_00278,2026-05-02T07:00:00+07:00,Xuất nguyên liệu cho sản xuất.
issue_2026_00279,wh_finished_south,production,production_order_2026_00279,production_consumption,posted,issue_2026_00279,2026-03-15T07:00:00+07:00,Xuất nguyên liệu cho sản xuất.
issue_2026_00280,wh_raw_south,production,production_order_2026_00280,production_consumption,cancelled,issue_2026_00280,2026-01-04T07:00:00+07:00,Xuất nguyên liệu cho sản xuất.
issue_2026_00281,wh_raw_south,production,production_order_2026_00281,production_consumption,draft,issue_2026_00281,2026-08-17T07:00:00+07:00,Xuất nguyên liệu cho sản xuất.
issue_2026_00282,wh_raw_south,production,production_order_2026_00282,production_consumption,pending,issue_2026_00282,2026-06-06T07:00:00+07:00,Xuất nguyên liệu cho sản xuất.
issue_2026_00283,wh_cold,production,production_order_2026_00283,production_consumption,posted,issue_2026_00283,2026-04-19T07:00:00+07:00,Xuất nguyên liệu cho sản xuất.
issue_2026_00284,wh_finished_south,production,production_order_2026_00284,production_consumption,cancelled,issue_2026_00284,2026-02-08T07:00:00+07:00,Xuất nguyên liệu cho sản xuất.
issue_2026_00285,wh_finished_south,production,production_order_2026_00285,production_consumption,draft,issue_2026_00285,2026-09-21T07:00:00+07:00,Xuất nguyên liệu cho sản xuất.
issue_2026_00286,wh_raw_south,production,production_order_2026_00286,production_consumption,pending,issue_2026_00286,2026-07-10T07:00:00+07:00,Xuất nguyên liệu cho sản xuất.
issue_2026_00287,wh_cold,production,production_order_2026_00287,production_consumption,posted,issue_2026_00287,2026-05-23T07:00:00+07:00,Xuất nguyên liệu cho sản xuất.
issue_2026_00288,wh_cold,production,production_order_2026_00288,production_consumption,cancelled,issue_2026_00288,2026-03-12T07:00:00+07:00,Xuất nguyên liệu cho sản xuất.
issue_2026_00289,wh_finished_south,production,production_order_2026_00289,production_consumption,draft,issue_2026_00289,2026-01-01T07:00:00+07:00,Xuất nguyên liệu cho sản xuất.
issue_2026_00290,wh_raw_south,production,production_order_2026_00290,production_consumption,pending,issue_2026_00290,2026-08-14T07:00:00+07:00,Xuất nguyên liệu cho sản xuất.
issue_2026_00291,wh_raw_south,production,production_order_2026_00291,production_consumption,posted,issue_2026_00291,2026-06-03T07:00:00+07:00,Xuất nguyên liệu cho sản xuất.
issue_2026_00292,wh_cold,production,production_order_2026_00292,production_consumption,cancelled,issue_2026_00292,2026-04-16T07:00:00+07:00,Xuất nguyên liệu cho sản xuất.
issue_2026_00293,wh_finished_south,production,production_order_2026_00293,production_consumption,draft,issue_2026_00293,2026-02-05T07:00:00+07:00,Xuất nguyên liệu cho sản xuất.
issue_2026_00294,wh_finished_south,production,production_order_2026_00294,production_consumption,pending,issue_2026_00294,2026-09-18T07:00:00+07:00,Xuất nguyên liệu cho sản xuất.
issue_2026_00295,wh_raw_south,production,production_order_2026_00295,production_consumption,posted,issue_2026_00295,2026-07-07T07:00:00+07:00,Xuất nguyên liệu cho sản xuất.
issue_2026_00296,wh_cold,production,production_order_2026_00296,production_consumption,cancelled,issue_2026_00296,2026-05-20T07:00:00+07:00,Xuất nguyên liệu cho sản xuất.
issue_2026_00297,wh_cold,production,production_order_2026_00297,production_consumption,draft,issue_2026_00297,2026-03-09T07:00:00+07:00,Xuất nguyên liệu cho sản xuất.
issue_2026_00298,wh_finished_south,production,production_order_2026_00298,production_consumption,pending,issue_2026_00298,2026-01-22T07:00:00+07:00,Xuất nguyên liệu cho sản xuất.
issue_2026_00299,wh_raw_south,production,production_order_2026_00299,production_consumption,posted,issue_2026_00299,2026-08-11T07:00:00+07:00,Xuất nguyên liệu cho sản xuất.
issue_2026_00300,wh_raw_south,production,production_order_2026_00300,production_consumption,cancelled,issue_2026_00300,2026-06-24T07:00:00+07:00,Xuất nguyên liệu cho sản xuất.
issue_2026_00301,wh_cold,production,production_order_2026_00301,production_consumption,draft,issue_2026_00301,2026-04-13T07:00:00+07:00,Xuất nguyên liệu cho sản xuất.
issue_2026_00302,wh_finished_south,production,production_order_2026_00302,production_consumption,pending,issue_2026_00302,2026-02-02T07:00:00+07:00,Xuất nguyên liệu cho sản xuất.
issue_2026_00303,wh_finished_south,production,production_order_2026_00303,production_consumption,posted,issue_2026_00303,2026-09-15T07:00:00+07:00,Xuất nguyên liệu cho sản xuất.
issue_2026_00304,wh_raw_south,production,production_order_2026_00304,production_consumption,cancelled,issue_2026_00304,2026-07-04T07:00:00+07:00,Xuất nguyên liệu cho sản xuất.
issue_2026_00305,wh_cold,production,production_order_2026_00305,production_consumption,draft,issue_2026_00305,2026-05-17T07:00:00+07:00,Xuất nguyên liệu cho sản xuất.
issue_2026_00306,wh_cold,production,production_order_2026_00306,production_consumption,pending,issue_2026_00306,2026-03-06T07:00:00+07:00,Xuất nguyên liệu cho sản xuất.
issue_2026_00307,wh_finished_south,production,production_order_2026_00307,production_consumption,posted,issue_2026_00307,2026-01-19T07:00:00+07:00,Xuất nguyên liệu cho sản xuất.
issue_2026_00308,wh_raw_south,production,production_order_2026_00308,production_consumption,cancelled,issue_2026_00308,2026-08-08T07:00:00+07:00,Xuất nguyên liệu cho sản xuất.
issue_2026_00309,wh_raw_south,production,production_order_2026_00309,production_consumption,draft,issue_2026_00309,2026-06-21T07:00:00+07:00,Xuất nguyên liệu cho sản xuất.
issue_2026_00310,wh_cold,production,production_order_2026_00310,production_consumption,pending,issue_2026_00310,2026-04-10T07:00:00+07:00,Xuất nguyên liệu cho sản xuất.
issue_2026_00311,wh_finished_south,production,production_order_2026_00311,production_consumption,posted,issue_2026_00311,2026-02-23T07:00:00+07:00,Xuất nguyên liệu cho sản xuất.
issue_2026_00312,wh_finished_south,production,production_order_2026_00312,production_consumption,cancelled,issue_2026_00312,2026-09-12T07:00:00+07:00,Xuất nguyên liệu cho sản xuất.
issue_2026_00313,wh_raw_south,production,production_order_2026_00313,production_consumption,draft,issue_2026_00313,2026-07-01T07:00:00+07:00,Xuất nguyên liệu cho sản xuất.
issue_2026_00314,wh_cold,production,production_order_2026_00314,production_consumption,pending,issue_2026_00314,2026-05-14T07:00:00+07:00,Xuất nguyên liệu cho sản xuất.
issue_2026_00315,wh_cold,production,production_order_2026_00315,production_consumption,posted,issue_2026_00315,2026-03-03T07:00:00+07:00,Xuất nguyên liệu cho sản xuất.
issue_2026_00316,wh_finished_south,production,production_order_2026_00316,production_consumption,cancelled,issue_2026_00316,2026-01-16T07:00:00+07:00,Xuất nguyên liệu cho sản xuất.
issue_2026_00317,wh_raw_south,production,production_order_2026_00317,production_consumption,draft,issue_2026_00317,2026-08-05T07:00:00+07:00,Xuất nguyên liệu cho sản xuất.
issue_2026_00318,wh_raw_south,production,production_order_2026_00318,production_consumption,pending,issue_2026_00318,2026-06-18T07:00:00+07:00,Xuất nguyên liệu cho sản xuất.
issue_2026_00319,wh_cold,production,production_order_2026_00319,production_consumption,posted,issue_2026_00319,2026-04-07T07:00:00+07:00,Xuất nguyên liệu cho sản xuất.
issue_2026_00320,wh_finished_south,production,production_order_2026_00320,production_consumption,cancelled,issue_2026_00320,2026-02-20T07:00:00+07:00,Xuất nguyên liệu cho sản xuất.
issue_2026_00321,wh_finished_south,production,production_order_2026_00321,production_consumption,draft,issue_2026_00321,2026-09-09T07:00:00+07:00,Xuất nguyên liệu cho sản xuất.
issue_2026_00322,wh_finished_south,production,production_order_2026_00322,production_consumption,pending,issue_2026_00322,2026-07-22T07:00:00+07:00,Xuất nguyên liệu cho sản xuất.
issue_2026_00323,wh_raw_south,production,production_order_2026_00323,production_consumption,posted,issue_2026_00323,2026-05-11T07:00:00+07:00,Xuất nguyên liệu cho sản xuất.
issue_2026_00324,wh_cold,production,production_order_2026_00324,production_consumption,cancelled,issue_2026_00324,2026-03-24T07:00:00+07:00,Xuất nguyên liệu cho sản xuất.
issue_2026_00325,wh_cold,production,production_order_2026_00325,production_consumption,draft,issue_2026_00325,2026-01-13T07:00:00+07:00,Xuất nguyên liệu cho sản xuất.
issue_2026_00326,wh_finished_south,production,production_order_2026_00326,production_consumption,pending,issue_2026_00326,2026-08-02T07:00:00+07:00,Xuất nguyên liệu cho sản xuất.
issue_2026_00327,wh_raw_south,production,production_order_2026_00327,production_consumption,posted,issue_2026_00327,2026-06-15T07:00:00+07:00,Xuất nguyên liệu cho sản xuất.
issue_2026_00328,wh_raw_south,production,production_order_2026_00328,production_consumption,cancelled,issue_2026_00328,2026-04-04T07:00:00+07:00,Xuất nguyên liệu cho sản xuất.
issue_2026_00329,wh_cold,production,production_order_2026_00329,production_consumption,draft,issue_2026_00329,2026-02-17T07:00:00+07:00,Xuất nguyên liệu cho sản xuất.
issue_2026_00330,wh_finished_south,production,production_order_2026_00330,production_consumption,pending,issue_2026_00330,2026-09-06T07:00:00+07:00,Xuất nguyên liệu cho sản xuất.
issue_2026_00331,wh_finished_south,production,production_order_2026_00331,production_consumption,posted,issue_2026_00331,2026-07-19T07:00:00+07:00,Xuất nguyên liệu cho sản xuất.
issue_2026_00332,wh_raw_south,production,production_order_2026_00332,production_consumption,cancelled,issue_2026_00332,2026-05-08T07:00:00+07:00,Xuất nguyên liệu cho sản xuất.
issue_2026_00333,wh_cold,production,production_order_2026_00333,production_consumption,draft,issue_2026_00333,2026-03-21T07:00:00+07:00,Xuất nguyên liệu cho sản xuất.
issue_2026_00334,wh_cold,production,production_order_2026_00334,production_consumption,pending,issue_2026_00334,2026-01-10T07:00:00+07:00,Xuất nguyên liệu cho sản xuất.
issue_2026_00335,wh_finished_south,production,production_order_2026_00335,production_consumption,posted,issue_2026_00335,2026-08-23T07:00:00+07:00,Xuất nguyên liệu cho sản xuất.
issue_2026_00336,wh_raw_south,production,production_order_2026_00336,production_consumption,cancelled,issue_2026_00336,2026-06-12T07:00:00+07:00,Xuất nguyên liệu cho sản xuất.
issue_2026_00337,wh_raw_south,production,production_order_2026_00337,production_consumption,draft,issue_2026_00337,2026-04-01T07:00:00+07:00,Xuất nguyên liệu cho sản xuất.
issue_2026_00338,wh_cold,production,production_order_2026_00338,production_consumption,pending,issue_2026_00338,2026-02-14T07:00:00+07:00,Xuất nguyên liệu cho sản xuất.
issue_2026_00339,wh_finished_south,production,production_order_2026_00339,production_consumption,posted,issue_2026_00339,2026-09-03T07:00:00+07:00,Xuất nguyên liệu cho sản xuất.
issue_2026_00340,wh_finished_south,production,production_order_2026_00340,production_consumption,cancelled,issue_2026_00340,2026-07-16T07:00:00+07:00,Xuất nguyên liệu cho sản xuất.
issue_2026_00341,wh_raw_south,production,production_order_2026_00341,production_consumption,draft,issue_2026_00341,2026-05-05T07:00:00+07:00,Xuất nguyên liệu cho sản xuất.
issue_2026_00342,wh_cold,production,production_order_2026_00342,production_consumption,pending,issue_2026_00342,2026-03-18T07:00:00+07:00,Xuất nguyên liệu cho sản xuất.
issue_2026_00343,wh_cold,production,production_order_2026_00343,production_consumption,posted,issue_2026_00343,2026-01-07T07:00:00+07:00,Xuất nguyên liệu cho sản xuất.
issue_2026_00344,wh_finished_south,production,production_order_2026_00344,production_consumption,cancelled,issue_2026_00344,2026-08-20T07:00:00+07:00,Xuất nguyên liệu cho sản xuất.
issue_2026_00345,wh_raw_south,production,production_order_2026_00345,production_consumption,draft,issue_2026_00345,2026-06-09T07:00:00+07:00,Xuất nguyên liệu cho sản xuất.
issue_2026_00346,wh_raw_south,production,production_order_2026_00346,production_consumption,pending,issue_2026_00346,2026-04-22T07:00:00+07:00,Xuất nguyên liệu cho sản xuất.
issue_2026_00347,wh_cold,production,production_order_2026_00347,production_consumption,posted,issue_2026_00347,2026-02-11T07:00:00+07:00,Xuất nguyên liệu cho sản xuất.
issue_2026_00348,wh_finished_south,production,production_order_2026_00348,production_consumption,cancelled,issue_2026_00348,2026-09-24T07:00:00+07:00,Xuất nguyên liệu cho sản xuất.
issue_2026_00349,wh_finished_south,production,production_order_2026_00349,production_consumption,draft,issue_2026_00349,2026-07-13T07:00:00+07:00,Xuất nguyên liệu cho sản xuất.
issue_2026_00350,wh_raw_south,production,production_order_2026_00350,production_consumption,pending,issue_2026_00350,2026-05-02T07:00:00+07:00,Xuất nguyên liệu cho sản xuất.
issue_2026_00351,wh_cold,production,production_order_2026_00351,production_consumption,posted,issue_2026_00351,2026-03-15T07:00:00+07:00,Xuất nguyên liệu cho sản xuất.
issue_2026_00352,wh_cold,production,production_order_2026_00352,production_consumption,cancelled,issue_2026_00352,2026-01-04T07:00:00+07:00,Xuất nguyên liệu cho sản xuất.
issue_2026_00353,wh_finished_south,production,production_order_2026_00353,production_consumption,draft,issue_2026_00353,2026-08-17T07:00:00+07:00,Xuất nguyên liệu cho sản xuất.
issue_2026_00354,wh_raw_south,production,production_order_2026_00354,production_consumption,pending,issue_2026_00354,2026-06-06T07:00:00+07:00,Xuất nguyên liệu cho sản xuất.
issue_2026_00355,wh_raw_south,production,production_order_2026_00355,production_consumption,posted,issue_2026_00355,2026-04-19T07:00:00+07:00,Xuất nguyên liệu cho sản xuất.
issue_2026_00356,wh_cold,production,production_order_2026_00356,production_consumption,cancelled,issue_2026_00356,2026-02-08T07:00:00+07:00,Xuất nguyên liệu cho sản xuất.
issue_2026_00357,wh_finished_south,production,production_order_2026_00357,production_consumption,draft,issue_2026_00357,2026-09-21T07:00:00+07:00,Xuất nguyên liệu cho sản xuất.
issue_2026_00358,wh_finished_south,production,production_order_2026_00358,production_consumption,pending,issue_2026_00358,2026-07-10T07:00:00+07:00,Xuất nguyên liệu cho sản xuất.
issue_2026_00359,wh_raw_south,production,production_order_2026_00359,production_consumption,posted,issue_2026_00359,2026-05-23T07:00:00+07:00,Xuất nguyên liệu cho sản xuất.
issue_2026_00360,wh_cold,production,production_order_2026_00360,production_consumption,cancelled,issue_2026_00360,2026-03-12T07:00:00+07:00,Xuất nguyên liệu cho sản xuất.
issue_2026_00361,wh_raw_south,production,production_order_2026_00361,production_consumption,draft,issue_2026_00361,2026-01-01T07:00:00+07:00,Xuất nguyên liệu cho sản xuất.
issue_2026_00362,wh_raw_south,production,production_order_2026_00362,production_consumption,pending,issue_2026_00362,2026-08-14T07:00:00+07:00,Xuất nguyên liệu cho sản xuất.
issue_2026_00363,wh_cold,production,production_order_2026_00363,production_consumption,posted,issue_2026_00363,2026-06-03T07:00:00+07:00,Xuất nguyên liệu cho sản xuất.
issue_2026_00364,wh_finished_south,production,production_order_2026_00364,production_consumption,cancelled,issue_2026_00364,2026-04-16T07:00:00+07:00,Xuất nguyên liệu cho sản xuất.
issue_2026_00365,wh_finished_south,production,production_order_2026_00365,production_consumption,draft,issue_2026_00365,2026-02-05T07:00:00+07:00,Xuất nguyên liệu cho sản xuất.
issue_2026_00366,wh_raw_south,production,production_order_2026_00366,production_consumption,pending,issue_2026_00366,2026-09-18T07:00:00+07:00,Xuất nguyên liệu cho sản xuất.
issue_2026_00367,wh_cold,production,production_order_2026_00367,production_consumption,posted,issue_2026_00367,2026-07-07T07:00:00+07:00,Xuất nguyên liệu cho sản xuất.
issue_2026_00368,wh_cold,production,production_order_2026_00368,production_consumption,cancelled,issue_2026_00368,2026-05-20T07:00:00+07:00,Xuất nguyên liệu cho sản xuất.
issue_2026_00369,wh_finished_south,production,production_order_2026_00369,production_consumption,draft,issue_2026_00369,2026-03-09T07:00:00+07:00,Xuất nguyên liệu cho sản xuất.
issue_2026_00370,wh_raw_south,production,production_order_2026_00370,production_consumption,pending,issue_2026_00370,2026-01-22T07:00:00+07:00,Xuất nguyên liệu cho sản xuất.
issue_2026_00371,wh_raw_south,production,production_order_2026_00371,production_consumption,posted,issue_2026_00371,2026-08-11T07:00:00+07:00,Xuất nguyên liệu cho sản xuất.
issue_2026_00372,wh_cold,production,production_order_2026_00372,production_consumption,cancelled,issue_2026_00372,2026-06-24T07:00:00+07:00,Xuất nguyên liệu cho sản xuất.
issue_2026_00373,wh_finished_south,production,production_order_2026_00373,production_consumption,draft,issue_2026_00373,2026-04-13T07:00:00+07:00,Xuất nguyên liệu cho sản xuất.
issue_2026_00374,wh_finished_south,production,production_order_2026_00374,production_consumption,pending,issue_2026_00374,2026-02-02T07:00:00+07:00,Xuất nguyên liệu cho sản xuất.
issue_2026_00375,wh_raw_south,production,production_order_2026_00375,production_consumption,posted,issue_2026_00375,2026-09-15T07:00:00+07:00,Xuất nguyên liệu cho sản xuất.
issue_2026_00376,wh_cold,production,production_order_2026_00376,production_consumption,cancelled,issue_2026_00376,2026-07-04T07:00:00+07:00,Xuất nguyên liệu cho sản xuất.
issue_2026_00377,wh_cold,production,production_order_2026_00377,production_consumption,draft,issue_2026_00377,2026-05-17T07:00:00+07:00,Xuất nguyên liệu cho sản xuất.
issue_2026_00378,wh_finished_south,production,production_order_2026_00378,production_consumption,pending,issue_2026_00378,2026-03-06T07:00:00+07:00,Xuất nguyên liệu cho sản xuất.
issue_2026_00379,wh_raw_south,production,production_order_2026_00379,production_consumption,posted,issue_2026_00379,2026-01-19T07:00:00+07:00,Xuất nguyên liệu cho sản xuất.
issue_2026_00380,wh_raw_south,production,production_order_2026_00380,production_consumption,cancelled,issue_2026_00380,2026-08-08T07:00:00+07:00,Xuất nguyên liệu cho sản xuất.
issue_2026_00381,wh_cold,production,production_order_2026_00381,production_consumption,draft,issue_2026_00381,2026-06-21T07:00:00+07:00,Xuất nguyên liệu cho sản xuất.
issue_2026_00382,wh_finished_south,production,production_order_2026_00382,production_consumption,pending,issue_2026_00382,2026-04-10T07:00:00+07:00,Xuất nguyên liệu cho sản xuất.
issue_2026_00383,wh_finished_south,production,production_order_2026_00383,production_consumption,posted,issue_2026_00383,2026-02-23T07:00:00+07:00,Xuất nguyên liệu cho sản xuất.
issue_2026_00384,wh_raw_south,production,production_order_2026_00384,production_consumption,cancelled,issue_2026_00384,2026-09-12T07:00:00+07:00,Xuất nguyên liệu cho sản xuất.
issue_2026_00385,wh_cold,production,production_order_2026_00385,production_consumption,draft,issue_2026_00385,2026-07-01T07:00:00+07:00,Xuất nguyên liệu cho sản xuất.
issue_2026_00386,wh_cold,production,production_order_2026_00386,production_consumption,pending,issue_2026_00386,2026-05-14T07:00:00+07:00,Xuất nguyên liệu cho sản xuất.
issue_2026_00387,wh_finished_south,production,production_order_2026_00387,production_consumption,posted,issue_2026_00387,2026-03-03T07:00:00+07:00,Xuất nguyên liệu cho sản xuất.
issue_2026_00388,wh_raw_south,production,production_order_2026_00388,production_consumption,cancelled,issue_2026_00388,2026-01-16T07:00:00+07:00,Xuất nguyên liệu cho sản xuất.
issue_2026_00389,wh_raw_south,production,production_order_2026_00389,production_consumption,draft,issue_2026_00389,2026-08-05T07:00:00+07:00,Xuất nguyên liệu cho sản xuất.
issue_2026_00390,wh_cold,production,production_order_2026_00390,production_consumption,pending,issue_2026_00390,2026-06-18T07:00:00+07:00,Xuất nguyên liệu cho sản xuất.
issue_2026_00391,wh_finished_south,production,production_order_2026_00391,production_consumption,posted,issue_2026_00391,2026-04-07T07:00:00+07:00,Xuất nguyên liệu cho sản xuất.
issue_2026_00392,wh_finished_south,production,production_order_2026_00392,production_consumption,cancelled,issue_2026_00392,2026-02-20T07:00:00+07:00,Xuất nguyên liệu cho sản xuất.
issue_2026_00393,wh_raw_south,production,production_order_2026_00393,production_consumption,draft,issue_2026_00393,2026-09-09T07:00:00+07:00,Xuất nguyên liệu cho sản xuất.
issue_2026_00394,wh_cold,production,production_order_2026_00394,production_consumption,pending,issue_2026_00394,2026-07-22T07:00:00+07:00,Xuất nguyên liệu cho sản xuất.
issue_2026_00395,wh_cold,production,production_order_2026_00395,production_consumption,posted,issue_2026_00395,2026-05-11T07:00:00+07:00,Xuất nguyên liệu cho sản xuất.
issue_2026_00396,wh_finished_south,production,production_order_2026_00396,production_consumption,cancelled,issue_2026_00396,2026-03-24T07:00:00+07:00,Xuất nguyên liệu cho sản xuất.
issue_2026_00397,wh_raw_south,production,production_order_2026_00397,production_consumption,draft,issue_2026_00397,2026-01-13T07:00:00+07:00,Xuất nguyên liệu cho sản xuất.
issue_2026_00398,wh_raw_south,production,production_order_2026_00398,production_consumption,pending,issue_2026_00398,2026-08-02T07:00:00+07:00,Xuất nguyên liệu cho sản xuất.
issue_2026_00399,wh_cold,production,production_order_2026_00399,production_consumption,posted,issue_2026_00399,2026-06-15T07:00:00+07:00,Xuất nguyên liệu cho sản xuất.
issue_2026_00400,wh_finished_south,production,production_order_2026_00400,production_consumption,cancelled,issue_2026_00400,2026-04-04T07:00:00+07:00,Xuất nguyên liệu cho sản xuất.
issue_2026_00401,wh_finished_south,production,production_order_2026_00401,production_consumption,draft,issue_2026_00401,2026-02-17T07:00:00+07:00,Xuất nguyên liệu cho sản xuất.
issue_2026_00402,wh_finished_south,production,production_order_2026_00402,production_consumption,pending,issue_2026_00402,2026-09-06T07:00:00+07:00,Xuất nguyên liệu cho sản xuất.
issue_2026_00403,wh_finished_south,production,production_order_2026_00403,production_consumption,posted,issue_2026_00403,2026-07-19T07:00:00+07:00,Xuất nguyên liệu cho sản xuất.
issue_2026_00404,wh_raw_south,production,production_order_2026_00404,production_consumption,cancelled,issue_2026_00404,2026-05-08T07:00:00+07:00,Xuất nguyên liệu cho sản xuất.
issue_2026_00405,wh_cold,production,production_order_2026_00405,production_consumption,draft,issue_2026_00405,2026-03-21T07:00:00+07:00,Xuất nguyên liệu cho sản xuất.
issue_2026_00406,wh_cold,production,production_order_2026_00406,production_consumption,pending,issue_2026_00406,2026-01-10T07:00:00+07:00,Xuất nguyên liệu cho sản xuất.
issue_2026_00407,wh_finished_south,production,production_order_2026_00407,production_consumption,posted,issue_2026_00407,2026-08-23T07:00:00+07:00,Xuất nguyên liệu cho sản xuất.
issue_2026_00408,wh_raw_south,production,production_order_2026_00408,production_consumption,cancelled,issue_2026_00408,2026-06-12T07:00:00+07:00,Xuất nguyên liệu cho sản xuất.
issue_2026_00409,wh_raw_south,production,production_order_2026_00409,production_consumption,draft,issue_2026_00409,2026-04-01T07:00:00+07:00,Xuất nguyên liệu cho sản xuất.
issue_2026_00410,wh_cold,production,production_order_2026_00410,production_consumption,pending,issue_2026_00410,2026-02-14T07:00:00+07:00,Xuất nguyên liệu cho sản xuất.
issue_2026_00411,wh_finished_south,production,production_order_2026_00411,production_consumption,posted,issue_2026_00411,2026-09-03T07:00:00+07:00,Xuất nguyên liệu cho sản xuất.
issue_2026_00412,wh_finished_south,production,production_order_2026_00412,production_consumption,cancelled,issue_2026_00412,2026-07-16T07:00:00+07:00,Xuất nguyên liệu cho sản xuất.
issue_2026_00413,wh_raw_south,production,production_order_2026_00413,production_consumption,draft,issue_2026_00413,2026-05-05T07:00:00+07:00,Xuất nguyên liệu cho sản xuất.
issue_2026_00414,wh_cold,production,production_order_2026_00414,production_consumption,pending,issue_2026_00414,2026-03-18T07:00:00+07:00,Xuất nguyên liệu cho sản xuất.
issue_2026_00415,wh_cold,production,production_order_2026_00415,production_consumption,posted,issue_2026_00415,2026-01-07T07:00:00+07:00,Xuất nguyên liệu cho sản xuất.
issue_2026_00416,wh_finished_south,production,production_order_2026_00416,production_consumption,cancelled,issue_2026_00416,2026-08-20T07:00:00+07:00,Xuất nguyên liệu cho sản xuất.
issue_2026_00417,wh_raw_south,production,production_order_2026_00417,production_consumption,draft,issue_2026_00417,2026-06-09T07:00:00+07:00,Xuất nguyên liệu cho sản xuất.
issue_2026_00418,wh_raw_south,production,production_order_2026_00418,production_consumption,pending,issue_2026_00418,2026-04-22T07:00:00+07:00,Xuất nguyên liệu cho sản xuất.
issue_2026_00419,wh_cold,production,production_order_2026_00419,production_consumption,posted,issue_2026_00419,2026-02-11T07:00:00+07:00,Xuất nguyên liệu cho sản xuất.
issue_2026_00420,wh_finished_south,production,production_order_2026_00420,production_consumption,cancelled,issue_2026_00420,2026-09-24T07:00:00+07:00,Xuất nguyên liệu cho sản xuất.
issue_2026_state_draft,wh_finished_south,,,inventory_review,draft,issue_state_draft,,Phiếu xuất ở trạng thái draft.
issue_2026_state_pending,wh_finished_south,,,inventory_review,pending,issue_state_pending,,Phiếu xuất ở trạng thái pending.
issue_2026_state_cancelled,wh_finished_south,,,inventory_review,cancelled,issue_state_cancelled,,Phiếu xuất ở trạng thái cancelled.
