issue_code,line_number,item_code,location_code,lot_code,quantity
issue_2026_00001,1,rm_0007,wh_finished_south_z03,lot_rm_0007_01,10
issue_2026_00001,2,rm_0008,wh_finished_south_z04,lot_rm_0008_02,13
issue_2026_00002,1,rm_0008,wh_finished_south_z04,lot_rm_0008_02,11
issue_2026_00002,2,rm_0009,wh_finished_south_z05,lot_rm_0009_01,14
issue_2026_00003,1,rm_0021,wh_raw_south_z09,lot_rm_0021_01,12
issue_2026_00003,2,rm_0055,wh_raw_south_z09,,15
issue_2026_00004,1,rm_0067,wh_cold_z03,lot_rm_0067_01,13
issue_2026_00004,2,rm_0068,wh_cold_z04,lot_rm_0068_02,16
issue_2026_00005,1,rm_0068,wh_cold_z04,lot_rm_0068_02,14
issue_2026_00005,2,rm_0069,wh_cold_z05,lot_rm_0069_01,17
issue_2026_00006,1,rm_0045,wh_finished_south_z07,lot_rm_0045_01,15
issue_2026_00006,2,rm_0079,wh_finished_south_z07,lot_rm_0079_01,18
issue_2026_00007,1,rm_0091,wh_raw_south_z01,lot_rm_0091_01,16
issue_2026_00007,2,rm_0092,wh_raw_south_z02,lot_rm_0092_02,19
issue_2026_00008,1,rm_0092,wh_raw_south_z02,lot_rm_0092_02,17
issue_2026_00008,2,rm_0093,wh_raw_south_z03,lot_rm_0093_01,20
issue_2026_00009,1,rm_0105,wh_cold_z07,lot_rm_0105_01,18
issue_2026_00009,2,rm_0139,wh_cold_z07,lot_rm_0139_01,21
issue_2026_00010,1,rm_0115,wh_finished_south_z09,,19
issue_2026_00010,2,rm_0116,wh_finished_south_z10,,22
issue_2026_00011,1,rm_0116,wh_finished_south_z10,,20
issue_2026_00011,2,rm_0117,wh_finished_south_z01,,23
issue_2026_00012,1,rm_0129,wh_raw_south_z05,lot_rm_0129_01,21
issue_2026_00012,2,rm_0163,wh_raw_south_z05,lot_rm_0163_01,24
issue_2026_00013,1,rm_0175,wh_cold_z09,lot_rm_0175_01,22
issue_2026_00013,2,rm_0176,wh_cold_z10,lot_rm_0176_02,25
issue_2026_00014,1,rm_0176,wh_cold_z10,lot_rm_0176_02,23
issue_2026_00014,2,rm_0177,wh_cold_z01,,26
issue_2026_00015,1,rm_0153,wh_finished_south_z03,lot_rm_0153_01,24
issue_2026_00015,2,rm_0187,wh_finished_south_z03,,27
issue_2026_00016,1,rm_0199,wh_raw_south_z07,lot_rm_0199_01,25
issue_2026_00016,2,rm_0200,wh_raw_south_z08,lot_rm_0200_02,28
issue_2026_00017,1,rm_0200,wh_raw_south_z08,lot_rm_0200_02,26
issue_2026_00017,2,rm_0201,wh_raw_south_z09,lot_rm_0201_01,29
issue_2026_00018,1,rm_0213,wh_cold_z03,lot_rm_0213_01,27
issue_2026_00018,2,rm_0247,wh_cold_z03,,30
issue_2026_00019,1,rm_0223,wh_finished_south_z05,lot_rm_0223_01,28
issue_2026_00019,2,rm_0224,wh_finished_south_z06,lot_rm_0224_02,31
issue_2026_00020,1,rm_0224,wh_finished_south_z06,lot_rm_0224_02,29
issue_2026_00020,2,rm_0225,wh_finished_south_z07,lot_rm_0225_01,32
issue_2026_00021,1,rm_0237,wh_raw_south_z01,lot_rm_0237_01,30
issue_2026_00021,2,rm_0271,wh_raw_south_z01,lot_rm_0271_01,33
issue_2026_00022,1,rm_0283,wh_cold_z05,lot_rm_0283_01,31
issue_2026_00022,2,rm_0284,wh_cold_z06,lot_rm_0284_02,34
issue_2026_00023,1,rm_0284,wh_cold_z06,lot_rm_0284_02,32
issue_2026_00023,2,rm_0285,wh_cold_z07,lot_rm_0285_01,35
issue_2026_00024,1,rm_0261,wh_finished_south_z09,lot_rm_0261_01,33
issue_2026_00024,2,rm_0295,wh_finished_south_z09,lot_rm_0295_01,36
issue_2026_00025,1,rm_0307,wh_raw_south_z03,,34
issue_2026_00025,2,rm_0308,wh_raw_south_z04,,37
issue_2026_00026,1,rm_0308,wh_raw_south_z04,,35
issue_2026_00026,2,rm_0309,wh_raw_south_z05,,38
issue_2026_00027,1,rm_0015,wh_cold_z09,lot_rm_0015_01,36
issue_2026_00027,2,rm_0016,wh_cold_z10,lot_rm_0016_02,39
issue_2026_00028,1,rm_0027,wh_finished_south_z03,lot_rm_0027_01,37
issue_2026_00028,2,rm_0028,wh_finished_south_z04,lot_rm_0028_02,40
issue_2026_00029,1,rm_0028,wh_finished_south_z04,lot_rm_0028_02,38
issue_2026_00029,2,rm_0029,wh_finished_south_z05,lot_rm_0029_01,41
issue_2026_00030,1,rm_0005,wh_raw_south_z07,lot_rm_0005_01,39
issue_2026_00030,2,rm_0039,wh_raw_south_z07,lot_rm_0039_01,42
issue_2026_00031,1,rm_0052,wh_cold_z02,,40
issue_2026_00031,2,rm_0053,wh_cold_z03,,43
issue_2026_00032,1,rm_0053,wh_cold_z03,,41
issue_2026_00032,2,rm_0087,wh_cold_z03,lot_rm_0087_01,44
issue_2026_00033,1,rm_0065,wh_finished_south_z07,lot_rm_0065_01,42
issue_2026_00033,2,rm_0099,wh_finished_south_z07,lot_rm_0099_01,45
issue_2026_00034,1,rm_0075,wh_raw_south_z09,lot_rm_0075_01,43
issue_2026_00034,2,rm_0076,wh_raw_south_z10,lot_rm_0076_02,46
issue_2026_00035,1,rm_0076,wh_raw_south_z10,lot_rm_0076_02,44
issue_2026_00035,2,rm_0077,wh_raw_south_z01,lot_rm_0077_01,47
issue_2026_00036,1,rm_0123,wh_cold_z05,,45
issue_2026_00036,2,rm_0124,wh_cold_z06,,48
issue_2026_00037,1,rm_0135,wh_finished_south_z09,lot_rm_0135_01,46
issue_2026_00037,2,rm_0136,wh_finished_south_z10,lot_rm_0136_02,49
issue_2026_00038,1,rm_0136,wh_finished_south_z10,lot_rm_0136_02,47
issue_2026_00038,2,rm_0137,wh_finished_south_z01,lot_rm_0137_01,10
issue_2026_00039,1,rm_0113,wh_raw_south_z03,,48
issue_2026_00039,2,rm_0147,wh_raw_south_z03,lot_rm_0147_01,11
issue_2026_00040,1,rm_0160,wh_cold_z08,lot_rm_0160_02,49
issue_2026_00040,2,rm_0161,wh_cold_z09,lot_rm_0161_01,12
issue_2026_00041,1,rm_0148,wh_raw_south_z04,lot_rm_0148_02,10
issue_2026_00041,2,rm_0149,wh_raw_south_z05,lot_rm_0149_01,13
issue_2026_00042,1,rm_0149,wh_raw_south_z05,lot_rm_0149_01,11
issue_2026_00042,2,rm_0183,wh_raw_south_z05,,14
issue_2026_00043,1,rm_0196,wh_cold_z10,lot_rm_0196_02,12
issue_2026_00043,2,rm_0197,wh_cold_z01,lot_rm_0197_01,15
issue_2026_00044,1,rm_0208,wh_finished_south_z04,lot_rm_0208_02,13
issue_2026_00044,2,rm_0209,wh_finished_south_z05,lot_rm_0209_01,16
issue_2026_00045,1,rm_0209,wh_finished_south_z05,lot_rm_0209_01,14
issue_2026_00045,2,rm_0243,wh_finished_south_z05,,17
issue_2026_00046,1,rm_0219,wh_raw_south_z07,lot_rm_0219_01,15
issue_2026_00046,2,rm_0220,wh_raw_south_z08,lot_rm_0220_02,18
issue_2026_00047,1,rm_0233,wh_cold_z03,lot_rm_0233_01,16
issue_2026_00047,2,rm_0267,wh_cold_z03,lot_rm_0267_01,19
issue_2026_00048,1,rm_0267,wh_cold_z03,lot_rm_0267_01,17
issue_2026_00048,2,rm_0268,wh_cold_z04,lot_rm_0268_02,20
issue_2026_00049,1,rm_0279,wh_finished_south_z07,lot_rm_0279_01,18
issue_2026_00049,2,rm_0280,wh_finished_south_z08,lot_rm_0280_02,21
issue_2026_00050,1,rm_0256,wh_raw_south_z10,,19
issue_2026_00050,2,rm_0257,wh_raw_south_z01,lot_rm_0257_01,22
issue_2026_00051,1,rm_0257,wh_raw_south_z01,lot_rm_0257_01,20
issue_2026_00051,2,rm_0291,wh_raw_south_z01,lot_rm_0291_01,23
issue_2026_00052,1,rm_0304,wh_cold_z06,lot_rm_0304_02,21
issue_2026_00052,2,rm_0305,wh_cold_z07,,24
issue_2026_00053,1,rm_0316,wh_finished_south_z10,,22
issue_2026_00053,2,rm_0317,wh_finished_south_z01,,25
issue_2026_00054,1,rm_0317,wh_finished_south_z01,,23
issue_2026_00054,2,rm_0011,wh_finished_south_z01,lot_rm_0011_01,26
issue_2026_00055,1,rm_0023,wh_raw_south_z05,lot_rm_0023_01,24
issue_2026_00055,2,rm_0024,wh_raw_south_z06,lot_rm_0024_02,27
issue_2026_00056,1,rm_0036,wh_cold_z10,lot_rm_0036_02,25
issue_2026_00056,2,rm_0037,wh_cold_z01,lot_rm_0037_01,28
issue_2026_00057,1,rm_0037,wh_cold_z01,lot_rm_0037_01,26
issue_2026_00057,2,rm_0071,wh_cold_z01,lot_rm_0071_01,29
issue_2026_00058,1,rm_0047,wh_finished_south_z03,lot_rm_0047_01,27
issue_2026_00058,2,rm_0048,wh_finished_south_z04,lot_rm_0048_02,30
issue_2026_00059,1,rm_0060,wh_raw_south_z08,,28
issue_2026_00059,2,rm_0061,wh_raw_south_z09,,31
issue_2026_00060,1,rm_0061,wh_raw_south_z09,,29
issue_2026_00060,2,rm_0095,wh_raw_south_z09,lot_rm_0095_01,32
issue_2026_00061,1,rm_0107,wh_cold_z03,lot_rm_0107_01,30
issue_2026_00061,2,rm_0108,wh_cold_z04,lot_rm_0108_02,33
issue_2026_00062,1,rm_0084,wh_finished_south_z06,lot_rm_0084_02,31
issue_2026_00062,2,rm_0085,wh_finished_south_z07,lot_rm_0085_01,34
issue_2026_00063,1,rm_0085,wh_finished_south_z07,lot_rm_0085_01,32
issue_2026_00063,2,rm_0119,wh_finished_south_z07,,35
issue_2026_00064,1,rm_0131,wh_raw_south_z01,lot_rm_0131_01,33
issue_2026_00064,2,rm_0132,wh_raw_south_z02,lot_rm_0132_02,36
issue_2026_00065,1,rm_0144,wh_cold_z06,lot_rm_0144_02,34
issue_2026_00065,2,rm_0145,wh_cold_z07,lot_rm_0145_01,37
issue_2026_00066,1,rm_0145,wh_cold_z07,lot_rm_0145_01,35
issue_2026_00066,2,rm_0179,wh_cold_z07,,38
issue_2026_00067,1,rm_0155,wh_finished_south_z09,lot_rm_0155_01,36
issue_2026_00067,2,rm_0156,wh_finished_south_z10,lot_rm_0156_02,39
issue_2026_00068,1,rm_0168,wh_raw_south_z04,lot_rm_0168_02,37
issue_2026_00068,2,rm_0169,wh_raw_south_z05,lot_rm_0169_01,40
issue_2026_00069,1,rm_0169,wh_raw_south_z05,lot_rm_0169_01,38
issue_2026_00069,2,rm_0203,wh_raw_south_z05,lot_rm_0203_01,41
issue_2026_00070,1,rm_0215,wh_cold_z09,lot_rm_0215_01,39
issue_2026_00070,2,rm_0216,wh_cold_z10,lot_rm_0216_02,42
issue_2026_00071,1,rm_0192,wh_finished_south_z02,,40
issue_2026_00071,2,rm_0193,wh_finished_south_z03,lot_rm_0193_01,43
issue_2026_00072,1,rm_0193,wh_finished_south_z03,lot_rm_0193_01,41
issue_2026_00072,2,rm_0227,wh_finished_south_z03,lot_rm_0227_01,44
issue_2026_00073,1,rm_0239,wh_raw_south_z07,lot_rm_0239_01,42
issue_2026_00073,2,rm_0240,wh_raw_south_z08,lot_rm_0240_02,45
issue_2026_00074,1,rm_0252,wh_cold_z02,,43
issue_2026_00074,2,rm_0253,wh_cold_z03,,46
issue_2026_00075,1,rm_0253,wh_cold_z03,,44
issue_2026_00075,2,rm_0287,wh_cold_z03,lot_rm_0287_01,47
issue_2026_00076,1,rm_0263,wh_finished_south_z05,lot_rm_0263_01,45
issue_2026_00076,2,rm_0264,wh_finished_south_z06,lot_rm_0264_02,48
issue_2026_00077,1,rm_0276,wh_raw_south_z10,lot_rm_0276_02,46
issue_2026_00077,2,rm_0277,wh_raw_south_z01,lot_rm_0277_01,49
issue_2026_00078,1,rm_0277,wh_raw_south_z01,lot_rm_0277_01,47
issue_2026_00078,2,rm_0311,wh_raw_south_z01,,10
issue_2026_00079,1,rm_0019,wh_cold_z07,lot_rm_0019_01,48
issue_2026_00079,2,rm_0020,wh_cold_z08,lot_rm_0020_02,11
issue_2026_00080,1,rm_0300,wh_finished_south_z08,lot_rm_0300_02,49
issue_2026_00080,2,rm_0301,wh_finished_south_z09,lot_rm_0301_01,12
issue_2026_00081,1,rm_0301,wh_finished_south_z09,lot_rm_0301_01,10
issue_2026_00081,2,rm_0031,wh_finished_south_z01,lot_rm_0031_01,13
issue_2026_00082,1,rm_0031,wh_finished_south_z01,lot_rm_0031_01,11
issue_2026_00082,2,rm_0032,wh_finished_south_z02,lot_rm_0032_02,14
issue_2026_00083,1,rm_0032,wh_finished_south_z02,lot_rm_0032_02,12
issue_2026_00083,2,rm_0033,wh_finished_south_z03,lot_rm_0033_01,15
issue_2026_00084,1,rm_0009,wh_raw_south_z05,lot_rm_0009_01,13
issue_2026_00084,2,rm_0043,wh_raw_south_z05,lot_rm_0043_01,16
issue_2026_00085,1,rm_0091,wh_cold_z01,lot_rm_0091_01,14
issue_2026_00085,2,rm_0092,wh_cold_z02,lot_rm_0092_02,17
issue_2026_00086,1,rm_0092,wh_cold_z02,lot_rm_0092_02,15
issue_2026_00086,2,rm_0093,wh_cold_z03,lot_rm_0093_01,18
issue_2026_00087,1,rm_0069,wh_finished_south_z05,lot_rm_0069_01,16
issue_2026_00087,2,rm_0103,wh_finished_south_z05,lot_rm_0103_01,19
issue_2026_00088,1,rm_0079,wh_raw_south_z07,lot_rm_0079_01,17
issue_2026_00088,2,rm_0080,wh_raw_south_z08,lot_rm_0080_02,20
issue_2026_00089,1,rm_0080,wh_raw_south_z08,lot_rm_0080_02,18
issue_2026_00089,2,rm_0081,wh_raw_south_z09,lot_rm_0081_01,21
issue_2026_00090,1,rm_0129,wh_cold_z05,lot_rm_0129_01,19
issue_2026_00090,2,rm_0163,wh_cold_z05,lot_rm_0163_01,22
issue_2026_00091,1,rm_0139,wh_finished_south_z07,lot_rm_0139_01,20
issue_2026_00091,2,rm_0140,wh_finished_south_z08,lot_rm_0140_02,23
issue_2026_00092,1,rm_0140,wh_finished_south_z08,lot_rm_0140_02,21
issue_2026_00092,2,rm_0141,wh_finished_south_z09,lot_rm_0141_01,24
issue_2026_00093,1,rm_0117,wh_raw_south_z01,,22
issue_2026_00093,2,rm_0151,wh_raw_south_z01,lot_rm_0151_01,25
issue_2026_00094,1,rm_0199,wh_cold_z07,lot_rm_0199_01,23
issue_2026_00094,2,rm_0200,wh_cold_z08,lot_rm_0200_02,26
issue_2026_00095,1,rm_0200,wh_cold_z08,lot_rm_0200_02,24
issue_2026_00095,2,rm_0201,wh_cold_z09,lot_rm_0201_01,27
issue_2026_00096,1,rm_0177,wh_finished_south_z01,,25
issue_2026_00096,2,rm_0211,wh_finished_south_z01,lot_rm_0211_01,28
issue_2026_00097,1,rm_0187,wh_raw_south_z03,,26
issue_2026_00097,2,rm_0188,wh_raw_south_z04,,29
issue_2026_00098,1,rm_0188,wh_raw_south_z04,,27
issue_2026_00098,2,rm_0189,wh_raw_south_z05,,30
issue_2026_00099,1,rm_0237,wh_cold_z01,lot_rm_0237_01,28
issue_2026_00099,2,rm_0271,wh_cold_z01,lot_rm_0271_01,31
issue_2026_00100,1,rm_0247,wh_finished_south_z03,,29
issue_2026_00100,2,rm_0248,wh_finished_south_z04,,32
issue_2026_00101,1,rm_0248,wh_finished_south_z04,,30
issue_2026_00101,2,rm_0249,wh_finished_south_z05,,33
issue_2026_00102,1,rm_0225,wh_raw_south_z07,lot_rm_0225_01,31
issue_2026_00102,2,rm_0259,wh_raw_south_z07,lot_rm_0259_01,34
issue_2026_00103,1,rm_0307,wh_cold_z03,,32
issue_2026_00103,2,rm_0308,wh_cold_z04,,35
issue_2026_00104,1,rm_0308,wh_cold_z04,,33
issue_2026_00104,2,rm_0309,wh_cold_z05,,36
issue_2026_00105,1,rm_0285,wh_finished_south_z07,lot_rm_0285_01,34
issue_2026_00105,2,rm_0319,wh_finished_south_z07,,37
issue_2026_00106,1,rm_0295,wh_raw_south_z09,lot_rm_0295_01,35
issue_2026_00106,2,rm_0296,wh_raw_south_z10,lot_rm_0296_02,38
issue_2026_00107,1,rm_0296,wh_raw_south_z10,lot_rm_0296_02,36
issue_2026_00107,2,rm_0297,wh_raw_south_z01,lot_rm_0297_01,39
issue_2026_00108,1,rm_0033,wh_cold_z03,lot_rm_0033_01,37
issue_2026_00108,2,rm_0067,wh_cold_z03,lot_rm_0067_01,40
issue_2026_00109,1,rm_0008,wh_finished_south_z04,lot_rm_0008_02,38
issue_2026_00109,2,rm_0009,wh_finished_south_z05,lot_rm_0009_01,41
issue_2026_00110,1,rm_0009,wh_finished_south_z05,lot_rm_0009_01,39
issue_2026_00110,2,rm_0043,wh_finished_south_z05,lot_rm_0043_01,42
issue_2026_00111,1,rm_0021,wh_raw_south_z09,lot_rm_0021_01,40
issue_2026_00111,2,rm_0055,wh_raw_south_z09,,43
issue_2026_00112,1,rm_0103,wh_cold_z05,lot_rm_0103_01,41
issue_2026_00112,2,rm_0104,wh_cold_z06,lot_rm_0104_02,44
issue_2026_00113,1,rm_0104,wh_cold_z06,lot_rm_0104_02,42
issue_2026_00113,2,rm_0105,wh_cold_z07,lot_rm_0105_01,45
issue_2026_00114,1,rm_0079,wh_finished_south_z07,lot_rm_0079_01,43
issue_2026_00114,2,rm_0080,wh_finished_south_z08,lot_rm_0080_02,46
issue_2026_00115,1,rm_0091,wh_raw_south_z01,lot_rm_0091_01,44
issue_2026_00115,2,rm_0092,wh_raw_south_z02,lot_rm_0092_02,47
issue_2026_00116,1,rm_0092,wh_raw_south_z02,lot_rm_0092_02,45
issue_2026_00116,2,rm_0093,wh_raw_south_z03,lot_rm_0093_01,48
issue_2026_00117,1,rm_0141,wh_cold_z09,lot_rm_0141_01,46
issue_2026_00117,2,rm_0175,wh_cold_z09,lot_rm_0175_01,49
issue_2026_00118,1,rm_0116,wh_finished_south_z10,,47
issue_2026_00118,2,rm_0117,wh_finished_south_z01,,10
issue_2026_00119,1,rm_0117,wh_finished_south_z01,,48
issue_2026_00119,2,rm_0151,wh_finished_south_z01,lot_rm_0151_01,11
issue_2026_00120,1,rm_0129,wh_raw_south_z05,lot_rm_0129_01,49
issue_2026_00120,2,rm_0163,wh_raw_south_z05,lot_rm_0163_01,12
issue_2026_00121,1,rm_0163,wh_raw_south_z05,lot_rm_0163_01,10
issue_2026_00121,2,rm_0164,wh_raw_south_z06,lot_rm_0164_02,13
issue_2026_00122,1,rm_0164,wh_raw_south_z06,lot_rm_0164_02,11
issue_2026_00122,2,rm_0165,wh_raw_south_z07,lot_rm_0165_01,14
issue_2026_00123,1,rm_0213,wh_cold_z03,lot_rm_0213_01,12
issue_2026_00123,2,rm_0247,wh_cold_z03,,15
issue_2026_00124,1,rm_0188,wh_finished_south_z04,,13
issue_2026_00124,2,rm_0189,wh_finished_south_z05,,16
issue_2026_00125,1,rm_0189,wh_finished_south_z05,,14
issue_2026_00125,2,rm_0223,wh_finished_south_z05,lot_rm_0223_01,17
issue_2026_00126,1,rm_0201,wh_raw_south_z09,lot_rm_0201_01,15
issue_2026_00126,2,rm_0235,wh_raw_south_z09,lot_rm_0235_01,18
issue_2026_00127,1,rm_0283,wh_cold_z05,lot_rm_0283_01,16
issue_2026_00127,2,rm_0284,wh_cold_z06,lot_rm_0284_02,19
issue_2026_00128,1,rm_0284,wh_cold_z06,lot_rm_0284_02,17
issue_2026_00128,2,rm_0285,wh_cold_z07,lot_rm_0285_01,20
issue_2026_00129,1,rm_0259,wh_finished_south_z07,lot_rm_0259_01,18
issue_2026_00129,2,rm_0260,wh_finished_south_z08,lot_rm_0260_02,21
issue_2026_00130,1,rm_0271,wh_raw_south_z01,lot_rm_0271_01,19
issue_2026_00130,2,rm_0272,wh_raw_south_z02,lot_rm_0272_02,22
issue_2026_00131,1,rm_0272,wh_raw_south_z02,lot_rm_0272_02,20
issue_2026_00131,2,rm_0273,wh_raw_south_z03,lot_rm_0273_01,23
issue_2026_00132,1,rm_0015,wh_cold_z09,lot_rm_0015_01,21
issue_2026_00132,2,rm_0016,wh_cold_z10,lot_rm_0016_02,24
issue_2026_00133,1,rm_0296,wh_finished_south_z10,lot_rm_0296_02,22
issue_2026_00133,2,rm_0297,wh_finished_south_z01,lot_rm_0297_01,25
issue_2026_00134,1,rm_0297,wh_finished_south_z01,lot_rm_0297_01,23
issue_2026_00134,2,rm_0027,wh_finished_south_z03,lot_rm_0027_01,26
issue_2026_00135,1,rm_0309,wh_raw_south_z05,,24
issue_2026_00135,2,rm_0003,wh_raw_south_z05,lot_rm_0003_01,27
issue_2026_00136,1,rm_0052,wh_cold_z02,,25
issue_2026_00136,2,rm_0053,wh_cold_z03,,28
issue_2026_00137,1,rm_0053,wh_cold_z03,,26
issue_2026_00137,2,rm_0087,wh_cold_z03,lot_rm_0087_01,29
issue_2026_00138,1,rm_0063,wh_finished_south_z05,,27
issue_2026_00138,2,rm_0064,wh_finished_south_z06,,30
issue_2026_00139,1,rm_0039,wh_raw_south_z07,lot_rm_0039_01,28
issue_2026_00139,2,rm_0040,wh_raw_south_z08,lot_rm_0040_02,31
issue_2026_00140,1,rm_0040,wh_raw_south_z08,lot_rm_0040_02,29
issue_2026_00140,2,rm_0041,wh_raw_south_z09,lot_rm_0041_01,32
issue_2026_00141,1,rm_0123,wh_cold_z05,,30
issue_2026_00141,2,rm_0124,wh_cold_z06,,33
issue_2026_00142,1,rm_0100,wh_finished_south_z08,lot_rm_0100_02,31
issue_2026_00142,2,rm_0101,wh_finished_south_z09,lot_rm_0101_01,34
issue_2026_00143,1,rm_0101,wh_finished_south_z09,lot_rm_0101_01,32
issue_2026_00143,2,rm_0135,wh_finished_south_z09,lot_rm_0135_01,35
issue_2026_00144,1,rm_0077,wh_raw_south_z01,lot_rm_0077_01,33
issue_2026_00144,2,rm_0111,wh_raw_south_z01,lot_rm_0111_01,36
issue_2026_00145,1,rm_0160,wh_cold_z08,lot_rm_0160_02,34
issue_2026_00145,2,rm_0161,wh_cold_z09,lot_rm_0161_01,37
issue_2026_00146,1,rm_0161,wh_cold_z09,lot_rm_0161_01,35
issue_2026_00146,2,rm_0195,wh_cold_z09,lot_rm_0195_01,38
issue_2026_00147,1,rm_0171,wh_finished_south_z01,lot_rm_0171_01,36
issue_2026_00147,2,rm_0172,wh_finished_south_z02,lot_rm_0172_02,39
issue_2026_00148,1,rm_0147,wh_raw_south_z03,lot_rm_0147_01,37
issue_2026_00148,2,rm_0148,wh_raw_south_z04,lot_rm_0148_02,40
issue_2026_00149,1,rm_0148,wh_raw_south_z04,lot_rm_0148_02,38
issue_2026_00149,2,rm_0149,wh_raw_south_z05,lot_rm_0149_01,41
issue_2026_00150,1,rm_0231,wh_cold_z01,lot_rm_0231_01,39
issue_2026_00150,2,rm_0232,wh_cold_z02,lot_rm_0232_02,42
issue_2026_00151,1,rm_0208,wh_finished_south_z04,lot_rm_0208_02,40
issue_2026_00151,2,rm_0209,wh_finished_south_z05,lot_rm_0209_01,43
issue_2026_00152,1,rm_0209,wh_finished_south_z05,lot_rm_0209_01,41
issue_2026_00152,2,rm_0243,wh_finished_south_z05,,44
issue_2026_00153,1,rm_0185,wh_raw_south_z07,,42
issue_2026_00153,2,rm_0219,wh_raw_south_z07,lot_rm_0219_01,45
issue_2026_00154,1,rm_0268,wh_cold_z04,lot_rm_0268_02,43
issue_2026_00154,2,rm_0269,wh_cold_z05,lot_rm_0269_01,46
issue_2026_00155,1,rm_0269,wh_cold_z05,lot_rm_0269_01,44
issue_2026_00155,2,rm_0303,wh_cold_z05,lot_rm_0303_01,47
issue_2026_00156,1,rm_0279,wh_finished_south_z07,lot_rm_0279_01,45
issue_2026_00156,2,rm_0280,wh_finished_south_z08,lot_rm_0280_02,48
issue_2026_00157,1,rm_0255,wh_raw_south_z09,,46
issue_2026_00157,2,rm_0256,wh_raw_south_z10,,49
issue_2026_00158,1,rm_0256,wh_raw_south_z10,,47
issue_2026_00158,2,rm_0257,wh_raw_south_z01,lot_rm_0257_01,10
issue_2026_00159,1,rm_0001,wh_cold_z09,lot_rm_0001_01,48
issue_2026_00159,2,rm_0035,wh_cold_z09,lot_rm_0035_01,11
issue_2026_00160,1,rm_0316,wh_finished_south_z10,,49
issue_2026_00160,2,rm_0317,wh_finished_south_z01,,12
issue_2026_00161,1,rm_0317,wh_finished_south_z01,,10
issue_2026_00161,2,rm_0011,wh_finished_south_z01,lot_rm_0011_01,13
issue_2026_00162,1,rm_0011,wh_finished_south_z01,lot_rm_0011_01,11
issue_2026_00162,2,rm_0012,wh_finished_south_z02,lot_rm_0012_02,14
issue_2026_00163,1,rm_0023,wh_raw_south_z05,lot_rm_0023_01,12
issue_2026_00163,2,rm_0024,wh_raw_south_z06,lot_rm_0024_02,15
issue_2026_00164,1,rm_0072,wh_cold_z02,lot_rm_0072_02,13
issue_2026_00164,2,rm_0073,wh_cold_z03,lot_rm_0073_01,16
issue_2026_00165,1,rm_0073,wh_cold_z03,lot_rm_0073_01,14
issue_2026_00165,2,rm_0107,wh_cold_z03,lot_rm_0107_01,17
issue_2026_00166,1,rm_0048,wh_finished_south_z04,lot_rm_0048_02,15
issue_2026_00166,2,rm_0049,wh_finished_south_z05,,18
issue_2026_00167,1,rm_0060,wh_raw_south_z08,,16
issue_2026_00167,2,rm_0061,wh_raw_south_z09,,19
issue_2026_00168,1,rm_0061,wh_raw_south_z09,,17
issue_2026_00168,2,rm_0095,wh_raw_south_z09,lot_rm_0095_01,20
issue_2026_00169,1,rm_0143,wh_cold_z05,lot_rm_0143_01,18
issue_2026_00169,2,rm_0144,wh_cold_z06,lot_rm_0144_02,21
issue_2026_00170,1,rm_0085,wh_finished_south_z07,lot_rm_0085_01,19
issue_2026_00170,2,rm_0119,wh_finished_south_z07,,22
issue_2026_00171,1,rm_0119,wh_finished_south_z07,,20
issue_2026_00171,2,rm_0120,wh_finished_south_z08,,23
issue_2026_00172,1,rm_0131,wh_raw_south_z01,lot_rm_0131_01,21
issue_2026_00172,2,rm_0132,wh_raw_south_z02,lot_rm_0132_02,24
issue_2026_00173,1,rm_0180,wh_cold_z08,,22
issue_2026_00173,2,rm_0181,wh_cold_z09,,25
issue_2026_00174,1,rm_0181,wh_cold_z09,,23
issue_2026_00174,2,rm_0215,wh_cold_z09,lot_rm_0215_01,26
issue_2026_00175,1,rm_0156,wh_finished_south_z10,lot_rm_0156_02,24
issue_2026_00175,2,rm_0157,wh_finished_south_z01,lot_rm_0157_01,27
issue_2026_00176,1,rm_0168,wh_raw_south_z04,lot_rm_0168_02,25
issue_2026_00176,2,rm_0169,wh_raw_south_z05,lot_rm_0169_01,28
issue_2026_00177,1,rm_0169,wh_raw_south_z05,lot_rm_0169_01,26
issue_2026_00177,2,rm_0203,wh_raw_south_z05,lot_rm_0203_01,29
issue_2026_00178,1,rm_0251,wh_cold_z01,,27
issue_2026_00178,2,rm_0252,wh_cold_z02,,30
issue_2026_00179,1,rm_0193,wh_finished_south_z03,lot_rm_0193_01,28
issue_2026_00179,2,rm_0227,wh_finished_south_z03,lot_rm_0227_01,31
issue_2026_00180,1,rm_0227,wh_finished_south_z03,lot_rm_0227_01,29
issue_2026_00180,2,rm_0228,wh_finished_south_z04,lot_rm_0228_02,32
issue_2026_00181,1,rm_0239,wh_raw_south_z07,lot_rm_0239_01,30
issue_2026_00181,2,rm_0240,wh_raw_south_z08,lot_rm_0240_02,33
issue_2026_00182,1,rm_0288,wh_cold_z04,lot_rm_0288_02,31
issue_2026_00182,2,rm_0289,wh_cold_z05,lot_rm_0289_01,34
issue_2026_00183,1,rm_0289,wh_cold_z05,lot_rm_0289_01,32
issue_2026_00183,2,rm_0019,wh_cold_z07,lot_rm_0019_01,35
issue_2026_00184,1,rm_0264,wh_finished_south_z06,lot_rm_0264_02,33
issue_2026_00184,2,rm_0265,wh_finished_south_z07,lot_rm_0265_01,36
issue_2026_00185,1,rm_0276,wh_raw_south_z10,lot_rm_0276_02,34
issue_2026_00185,2,rm_0277,wh_raw_south_z01,lot_rm_0277_01,37
issue_2026_00186,1,rm_0277,wh_raw_south_z01,lot_rm_0277_01,35
issue_2026_00186,2,rm_0311,wh_raw_south_z01,,38
issue_2026_00187,1,rm_0055,wh_cold_z09,,36
issue_2026_00187,2,rm_0056,wh_cold_z10,,39
issue_2026_00188,1,rm_0301,wh_finished_south_z09,lot_rm_0301_01,37
issue_2026_00188,2,rm_0031,wh_finished_south_z01,lot_rm_0031_01,40
issue_2026_00189,1,rm_0031,wh_finished_south_z01,lot_rm_0031_01,38
issue_2026_00189,2,rm_0032,wh_finished_south_z02,lot_rm_0032_02,41
issue_2026_00190,1,rm_0007,wh_raw_south_z03,lot_rm_0007_01,39
issue_2026_00190,2,rm_0008,wh_raw_south_z04,lot_rm_0008_02,42
issue_2026_00191,1,rm_0092,wh_cold_z02,lot_rm_0092_02,40
issue_2026_00191,2,rm_0093,wh_cold_z03,lot_rm_0093_01,43
issue_2026_00192,1,rm_0093,wh_cold_z03,lot_rm_0093_01,41
issue_2026_00192,2,rm_0127,wh_cold_z03,,44
issue_2026_00193,1,rm_0068,wh_finished_south_z04,lot_rm_0068_02,42
issue_2026_00193,2,rm_0069,wh_finished_south_z05,lot_rm_0069_01,45
issue_2026_00194,1,rm_0044,wh_raw_south_z06,lot_rm_0044_02,43
issue_2026_00194,2,rm_0045,wh_raw_south_z07,lot_rm_0045_01,46
issue_2026_00195,1,rm_0045,wh_raw_south_z07,lot_rm_0045_01,44
issue_2026_00195,2,rm_0079,wh_raw_south_z07,lot_rm_0079_01,47
issue_2026_00196,1,rm_0163,wh_cold_z05,lot_rm_0163_01,45
issue_2026_00196,2,rm_0164,wh_cold_z06,lot_rm_0164_02,48
issue_2026_00197,1,rm_0105,wh_finished_south_z07,lot_rm_0105_01,46
issue_2026_00197,2,rm_0139,wh_finished_south_z07,lot_rm_0139_01,49
issue_2026_00198,1,rm_0139,wh_finished_south_z07,lot_rm_0139_01,47
issue_2026_00198,2,rm_0140,wh_finished_south_z08,lot_rm_0140_02,10
issue_2026_00199,1,rm_0115,wh_raw_south_z09,,48
issue_2026_00199,2,rm_0116,wh_raw_south_z10,,11
issue_2026_00200,1,rm_0200,wh_cold_z08,lot_rm_0200_02,49
issue_2026_00200,2,rm_0201,wh_cold_z09,lot_rm_0201_01,12
issue_2026_00201,1,rm_0117,wh_raw_south_z01,,10
issue_2026_00201,2,rm_0151,wh_raw_south_z01,lot_rm_0151_01,13
issue_2026_00202,1,rm_0151,wh_raw_south_z01,lot_rm_0151_01,11
issue_2026_00202,2,rm_0152,wh_raw_south_z02,lot_rm_0152_02,14
issue_2026_00203,1,rm_0236,wh_cold_z10,lot_rm_0236_02,12
issue_2026_00203,2,rm_0237,wh_cold_z01,lot_rm_0237_01,15
issue_2026_00204,1,rm_0211,wh_finished_south_z01,lot_rm_0211_01,13
issue_2026_00204,2,rm_0212,wh_finished_south_z02,lot_rm_0212_02,16
issue_2026_00205,1,rm_0212,wh_finished_south_z02,lot_rm_0212_02,14
issue_2026_00205,2,rm_0213,wh_finished_south_z03,lot_rm_0213_01,17
issue_2026_00206,1,rm_0188,wh_raw_south_z04,,15
issue_2026_00206,2,rm_0189,wh_raw_south_z05,,18
issue_2026_00207,1,rm_0273,wh_cold_z03,lot_rm_0273_01,16
issue_2026_00207,2,rm_0307,wh_cold_z03,,19
issue_2026_00208,1,rm_0307,wh_cold_z03,,17
issue_2026_00208,2,rm_0308,wh_cold_z04,,20
issue_2026_00209,1,rm_0249,wh_finished_south_z05,,18
issue_2026_00209,2,rm_0283,wh_finished_south_z05,lot_rm_0283_01,21
issue_2026_00210,1,rm_0225,wh_raw_south_z07,lot_rm_0225_01,19
issue_2026_00210,2,rm_0259,wh_raw_south_z07,lot_rm_0259_01,22
issue_2026_00211,1,rm_0259,wh_raw_south_z07,lot_rm_0259_01,20
issue_2026_00211,2,rm_0260,wh_raw_south_z08,lot_rm_0260_02,23
issue_2026_00212,1,rm_0032,wh_cold_z02,lot_rm_0032_02,21
issue_2026_00212,2,rm_0033,wh_cold_z03,lot_rm_0033_01,24
issue_2026_00213,1,rm_0319,wh_finished_south_z07,,22
issue_2026_00213,2,rm_0320,wh_finished_south_z08,,25
issue_2026_00214,1,rm_0320,wh_finished_south_z08,,23
issue_2026_00214,2,rm_0007,wh_finished_south_z03,lot_rm_0007_01,26
issue_2026_00215,1,rm_0296,wh_raw_south_z10,lot_rm_0296_02,24
issue_2026_00215,2,rm_0297,wh_raw_south_z01,lot_rm_0297_01,27
issue_2026_00216,1,rm_0069,wh_cold_z05,lot_rm_0069_01,25
issue_2026_00216,2,rm_0103,wh_cold_z05,lot_rm_0103_01,28
issue_2026_00217,1,rm_0103,wh_cold_z05,lot_rm_0103_01,26
issue_2026_00217,2,rm_0104,wh_cold_z06,lot_rm_0104_02,29
issue_2026_00218,1,rm_0043,wh_finished_south_z05,lot_rm_0043_01,27
issue_2026_00218,2,rm_0044,wh_finished_south_z06,lot_rm_0044_02,30
issue_2026_00219,1,rm_0021,wh_raw_south_z09,lot_rm_0021_01,28
issue_2026_00219,2,rm_0055,wh_raw_south_z09,,31
issue_2026_00220,1,rm_0055,wh_raw_south_z09,,29
issue_2026_00220,2,rm_0056,wh_raw_south_z10,,32
issue_2026_00221,1,rm_0140,wh_cold_z08,lot_rm_0140_02,30
issue_2026_00221,2,rm_0141,wh_cold_z09,lot_rm_0141_01,33
issue_2026_00222,1,rm_0080,wh_finished_south_z08,lot_rm_0080_02,31
issue_2026_00222,2,rm_0081,wh_finished_south_z09,lot_rm_0081_01,34
issue_2026_00223,1,rm_0081,wh_finished_south_z09,lot_rm_0081_01,32
issue_2026_00223,2,rm_0115,wh_finished_south_z09,,35
issue_2026_00224,1,rm_0092,wh_raw_south_z02,lot_rm_0092_02,33
issue_2026_00224,2,rm_0093,wh_raw_south_z03,lot_rm_0093_01,36
issue_2026_00225,1,rm_0177,wh_cold_z01,,34
issue_2026_00225,2,rm_0211,wh_cold_z01,lot_rm_0211_01,37
issue_2026_00226,1,rm_0211,wh_cold_z01,lot_rm_0211_01,35
issue_2026_00226,2,rm_0212,wh_cold_z02,lot_rm_0212_02,38
issue_2026_00227,1,rm_0151,wh_finished_south_z01,lot_rm_0151_01,36
issue_2026_00227,2,rm_0152,wh_finished_south_z02,lot_rm_0152_02,39
issue_2026_00228,1,rm_0129,wh_raw_south_z05,lot_rm_0129_01,37
issue_2026_00228,2,rm_0163,wh_raw_south_z05,lot_rm_0163_01,40
issue_2026_00229,1,rm_0163,wh_raw_south_z05,lot_rm_0163_01,38
issue_2026_00229,2,rm_0164,wh_raw_south_z06,lot_rm_0164_02,41
issue_2026_00230,1,rm_0248,wh_cold_z04,,39
issue_2026_00230,2,rm_0249,wh_cold_z05,,42
issue_2026_00231,1,rm_0188,wh_finished_south_z04,,40
issue_2026_00231,2,rm_0189,wh_finished_south_z05,,43
issue_2026_00232,1,rm_0189,wh_finished_south_z05,,41
issue_2026_00232,2,rm_0223,wh_finished_south_z05,lot_rm_0223_01,44
issue_2026_00233,1,rm_0200,wh_raw_south_z08,lot_rm_0200_02,42
issue_2026_00233,2,rm_0201,wh_raw_south_z09,lot_rm_0201_01,45
issue_2026_00234,1,rm_0285,wh_cold_z07,lot_rm_0285_01,43
issue_2026_00234,2,rm_0319,wh_cold_z07,,46
issue_2026_00235,1,rm_0319,wh_cold_z07,,44
issue_2026_00235,2,rm_0320,wh_cold_z08,,47
issue_2026_00236,1,rm_0259,wh_finished_south_z07,lot_rm_0259_01,45
issue_2026_00236,2,rm_0260,wh_finished_south_z08,lot_rm_0260_02,48
issue_2026_00237,1,rm_0237,wh_raw_south_z01,lot_rm_0237_01,46
issue_2026_00237,2,rm_0271,wh_raw_south_z01,lot_rm_0271_01,49
issue_2026_00238,1,rm_0271,wh_raw_south_z01,lot_rm_0271_01,47
issue_2026_00238,2,rm_0272,wh_raw_south_z02,lot_rm_0272_02,10
issue_2026_00239,1,rm_0017,wh_cold_z01,lot_rm_0017_01,48
issue_2026_00239,2,rm_0051,wh_cold_z01,,11
issue_2026_00240,1,rm_0296,wh_finished_south_z10,lot_rm_0296_02,49
issue_2026_00240,2,rm_0297,wh_finished_south_z01,lot_rm_0297_01,12
issue_2026_00241,1,rm_0297,wh_finished_south_z01,lot_rm_0297_01,10
issue_2026_00241,2,rm_0027,wh_finished_south_z03,lot_rm_0027_01,13
issue_2026_00242,1,rm_0027,wh_finished_south_z03,lot_rm_0027_01,11
issue_2026_00242,2,rm_0028,wh_finished_south_z04,lot_rm_0028_02,14
issue_2026_00243,1,rm_0028,wh_finished_south_z04,lot_rm_0028_02,12
issue_2026_00243,2,rm_0029,wh_finished_south_z05,lot_rm_0029_01,15
issue_2026_00244,1,rm_0003,wh_raw_south_z05,lot_rm_0003_01,13
issue_2026_00244,2,rm_0004,wh_raw_south_z06,lot_rm_0004_02,16
issue_2026_00245,1,rm_0089,wh_cold_z05,lot_rm_0089_01,14
issue_2026_00245,2,rm_0123,wh_cold_z05,,17
issue_2026_00246,1,rm_0123,wh_cold_z05,,15
issue_2026_00246,2,rm_0124,wh_cold_z06,,18
issue_2026_00247,1,rm_0065,wh_finished_south_z07,lot_rm_0065_01,16
issue_2026_00247,2,rm_0099,wh_finished_south_z07,lot_rm_0099_01,19
issue_2026_00248,1,rm_0040,wh_raw_south_z08,lot_rm_0040_02,17
issue_2026_00248,2,rm_0041,wh_raw_south_z09,lot_rm_0041_01,20
issue_2026_00249,1,rm_0041,wh_raw_south_z09,lot_rm_0041_01,18
issue_2026_00249,2,rm_0075,wh_raw_south_z09,lot_rm_0075_01,21
issue_2026_00250,1,rm_0160,wh_cold_z08,lot_rm_0160_02,19
issue_2026_00250,2,rm_0161,wh_cold_z09,lot_rm_0161_01,22
issue_2026_00251,1,rm_0135,wh_finished_south_z09,lot_rm_0135_01,20
issue_2026_00251,2,rm_0136,wh_finished_south_z10,lot_rm_0136_02,23
issue_2026_00252,1,rm_0136,wh_finished_south_z10,lot_rm_0136_02,21
issue_2026_00252,2,rm_0137,wh_finished_south_z01,lot_rm_0137_01,24
issue_2026_00253,1,rm_0111,wh_raw_south_z01,lot_rm_0111_01,22
issue_2026_00253,2,rm_0112,wh_raw_south_z02,lot_rm_0112_02,25
issue_2026_00254,1,rm_0197,wh_cold_z01,lot_rm_0197_01,23
issue_2026_00254,2,rm_0231,wh_cold_z01,lot_rm_0231_01,26
issue_2026_00255,1,rm_0231,wh_cold_z01,lot_rm_0231_01,24
issue_2026_00255,2,rm_0232,wh_cold_z02,lot_rm_0232_02,27
issue_2026_00256,1,rm_0173,wh_finished_south_z03,lot_rm_0173_01,25
issue_2026_00256,2,rm_0207,wh_finished_south_z03,lot_rm_0207_01,28
issue_2026_00257,1,rm_0148,wh_raw_south_z04,lot_rm_0148_02,26
issue_2026_00257,2,rm_0149,wh_raw_south_z05,lot_rm_0149_01,29
issue_2026_00258,1,rm_0149,wh_raw_south_z05,lot_rm_0149_01,27
issue_2026_00258,2,rm_0183,wh_raw_south_z05,,30
issue_2026_00259,1,rm_0268,wh_cold_z04,lot_rm_0268_02,28
issue_2026_00259,2,rm_0269,wh_cold_z05,lot_rm_0269_01,31
issue_2026_00260,1,rm_0243,wh_finished_south_z05,,29
issue_2026_00260,2,rm_0244,wh_finished_south_z06,,32
issue_2026_00261,1,rm_0244,wh_finished_south_z06,,30
issue_2026_00261,2,rm_0245,wh_finished_south_z07,,33
issue_2026_00262,1,rm_0219,wh_raw_south_z07,lot_rm_0219_01,31
issue_2026_00262,2,rm_0220,wh_raw_south_z08,lot_rm_0220_02,34
issue_2026_00263,1,rm_0305,wh_cold_z07,,32
issue_2026_00263,2,rm_0001,wh_cold_z09,lot_rm_0001_01,35
issue_2026_00264,1,rm_0001,wh_cold_z09,lot_rm_0001_01,33
issue_2026_00264,2,rm_0035,wh_cold_z09,lot_rm_0035_01,36
issue_2026_00265,1,rm_0281,wh_finished_south_z09,lot_rm_0281_01,34
issue_2026_00265,2,rm_0315,wh_finished_south_z09,,37
issue_2026_00266,1,rm_0256,wh_raw_south_z10,,35
issue_2026_00266,2,rm_0257,wh_raw_south_z01,lot_rm_0257_01,38
issue_2026_00267,1,rm_0257,wh_raw_south_z01,lot_rm_0257_01,36
issue_2026_00267,2,rm_0291,wh_raw_south_z01,lot_rm_0291_01,39
issue_2026_00268,1,rm_0071,wh_cold_z01,lot_rm_0071_01,37
issue_2026_00268,2,rm_0072,wh_cold_z02,lot_rm_0072_02,40
issue_2026_00269,1,rm_0011,wh_finished_south_z01,lot_rm_0011_01,38
issue_2026_00269,2,rm_0012,wh_finished_south_z02,lot_rm_0012_02,41
issue_2026_00270,1,rm_0012,wh_finished_south_z02,lot_rm_0012_02,39
issue_2026_00270,2,rm_0013,wh_finished_south_z03,lot_rm_0013_01,42
issue_2026_00271,1,rm_0023,wh_raw_south_z05,lot_rm_0023_01,40
issue_2026_00271,2,rm_0024,wh_raw_south_z06,lot_rm_0024_02,43
issue_2026_00272,1,rm_0108,wh_cold_z04,lot_rm_0108_02,41
issue_2026_00272,2,rm_0109,wh_cold_z05,lot_rm_0109_01,44
issue_2026_00273,1,rm_0109,wh_cold_z05,lot_rm_0109_01,42
issue_2026_00273,2,rm_0143,wh_cold_z05,lot_rm_0143_01,45
issue_2026_00274,1,rm_0049,wh_finished_south_z05,,43
issue_2026_00274,2,rm_0083,wh_finished_south_z05,lot_rm_0083_01,46
issue_2026_00275,1,rm_0060,wh_raw_south_z08,,44
issue_2026_00275,2,rm_0061,wh_raw_south_z09,,47
issue_2026_00276,1,rm_0061,wh_raw_south_z09,,45
issue_2026_00276,2,rm_0095,wh_raw_south_z09,lot_rm_0095_01,48
issue_2026_00277,1,rm_0179,wh_cold_z07,,46
issue_2026_00277,2,rm_0180,wh_cold_z08,,49
issue_2026_00278,1,rm_0119,wh_finished_south_z07,,47
issue_2026_00278,2,rm_0120,wh_finished_south_z08,,10
issue_2026_00279,1,rm_0120,wh_finished_south_z08,,48
issue_2026_00279,2,rm_0121,wh_finished_south_z09,,11
issue_2026_00280,1,rm_0131,wh_raw_south_z01,lot_rm_0131_01,49
issue_2026_00280,2,rm_0132,wh_raw_south_z02,lot_rm_0132_02,12
issue_2026_00281,1,rm_0132,wh_raw_south_z02,lot_rm_0132_02,10
issue_2026_00281,2,rm_0133,wh_raw_south_z03,lot_rm_0133_01,13
issue_2026_00282,1,rm_0133,wh_raw_south_z03,lot_rm_0133_01,11
issue_2026_00282,2,rm_0167,wh_raw_south_z03,lot_rm_0167_01,14
issue_2026_00283,1,rm_0251,wh_cold_z01,,12
issue_2026_00283,2,rm_0252,wh_cold_z02,,15
issue_2026_00284,1,rm_0191,wh_finished_south_z01,,13
issue_2026_00284,2,rm_0192,wh_finished_south_z02,,16
issue_2026_00285,1,rm_0192,wh_finished_south_z02,,14
issue_2026_00285,2,rm_0193,wh_finished_south_z03,lot_rm_0193_01,17
issue_2026_00286,1,rm_0203,wh_raw_south_z05,lot_rm_0203_01,15
issue_2026_00286,2,rm_0204,wh_raw_south_z06,lot_rm_0204_02,18
issue_2026_00287,1,rm_0288,wh_cold_z04,lot_rm_0288_02,16
issue_2026_00287,2,rm_0289,wh_cold_z05,lot_rm_0289_01,19
issue_2026_00288,1,rm_0289,wh_cold_z05,lot_rm_0289_01,17
issue_2026_00288,2,rm_0019,wh_cold_z07,lot_rm_0019_01,20
issue_2026_00289,1,rm_0229,wh_finished_south_z05,lot_rm_0229_01,18
issue_2026_00289,2,rm_0263,wh_finished_south_z05,lot_rm_0263_01,21
issue_2026_00290,1,rm_0240,wh_raw_south_z08,lot_rm_0240_02,19
issue_2026_00290,2,rm_0241,wh_raw_south_z09,,22
issue_2026_00291,1,rm_0241,wh_raw_south_z09,,20
issue_2026_00291,2,rm_0275,wh_raw_south_z09,lot_rm_0275_01,23
issue_2026_00292,1,rm_0055,wh_cold_z09,,21
issue_2026_00292,2,rm_0056,wh_cold_z10,,24
issue_2026_00293,1,rm_0299,wh_finished_south_z07,lot_rm_0299_01,22
issue_2026_00293,2,rm_0300,wh_finished_south_z08,lot_rm_0300_02,25
issue_2026_00294,1,rm_0300,wh_finished_south_z08,lot_rm_0300_02,23
issue_2026_00294,2,rm_0301,wh_finished_south_z09,lot_rm_0301_01,26
issue_2026_00295,1,rm_0311,wh_raw_south_z01,,24
issue_2026_00295,2,rm_0312,wh_raw_south_z02,,27
issue_2026_00296,1,rm_0092,wh_cold_z02,lot_rm_0092_02,25
issue_2026_00296,2,rm_0093,wh_cold_z03,lot_rm_0093_01,28
issue_2026_00297,1,rm_0093,wh_cold_z03,lot_rm_0093_01,26
issue_2026_00297,2,rm_0127,wh_cold_z03,,29
issue_2026_00298,1,rm_0033,wh_finished_south_z03,lot_rm_0033_01,27
issue_2026_00298,2,rm_0067,wh_finished_south_z03,lot_rm_0067_01,30
issue_2026_00299,1,rm_0008,wh_raw_south_z04,lot_rm_0008_02,28
issue_2026_00299,2,rm_0009,wh_raw_south_z05,lot_rm_0009_01,31
issue_2026_00300,1,rm_0009,wh_raw_south_z05,lot_rm_0009_01,29
issue_2026_00300,2,rm_0043,wh_raw_south_z05,lot_rm_0043_01,32
issue_2026_00301,1,rm_0163,wh_cold_z05,lot_rm_0163_01,30
issue_2026_00301,2,rm_0164,wh_cold_z06,lot_rm_0164_02,33
issue_2026_00302,1,rm_0103,wh_finished_south_z05,lot_rm_0103_01,31
issue_2026_00302,2,rm_0104,wh_finished_south_z06,lot_rm_0104_02,34
issue_2026_00303,1,rm_0104,wh_finished_south_z06,lot_rm_0104_02,32
issue_2026_00303,2,rm_0105,wh_finished_south_z07,lot_rm_0105_01,35
issue_2026_00304,1,rm_0079,wh_raw_south_z07,lot_rm_0079_01,33
issue_2026_00304,2,rm_0080,wh_raw_south_z08,lot_rm_0080_02,36
issue_2026_00305,1,rm_0200,wh_cold_z08,lot_rm_0200_02,34
issue_2026_00305,2,rm_0201,wh_cold_z09,lot_rm_0201_01,37
issue_2026_00306,1,rm_0201,wh_cold_z09,lot_rm_0201_01,35
issue_2026_00306,2,rm_0235,wh_cold_z09,lot_rm_0235_01,38
issue_2026_00307,1,rm_0141,wh_finished_south_z09,lot_rm_0141_01,36
issue_2026_00307,2,rm_0175,wh_finished_south_z09,lot_rm_0175_01,39
issue_2026_00308,1,rm_0116,wh_raw_south_z10,,37
issue_2026_00308,2,rm_0117,wh_raw_south_z01,,40
issue_2026_00309,1,rm_0117,wh_raw_south_z01,,38
issue_2026_00309,2,rm_0151,wh_raw_south_z01,lot_rm_0151_01,41
issue_2026_00310,1,rm_0271,wh_cold_z01,lot_rm_0271_01,39
issue_2026_00310,2,rm_0272,wh_cold_z02,lot_rm_0272_02,42
issue_2026_00311,1,rm_0211,wh_finished_south_z01,lot_rm_0211_01,40
issue_2026_00311,2,rm_0212,wh_finished_south_z02,lot_rm_0212_02,43
issue_2026_00312,1,rm_0212,wh_finished_south_z02,lot_rm_0212_02,41
issue_2026_00312,2,rm_0213,wh_finished_south_z03,lot_rm_0213_01,44
issue_2026_00313,1,rm_0187,wh_raw_south_z03,,42
issue_2026_00313,2,rm_0188,wh_raw_south_z04,,45
issue_2026_00314,1,rm_0308,wh_cold_z04,,43
issue_2026_00314,2,rm_0309,wh_cold_z05,,46
issue_2026_00315,1,rm_0309,wh_cold_z05,,44
issue_2026_00315,2,rm_0031,wh_cold_z01,lot_rm_0031_01,47
issue_2026_00316,1,rm_0249,wh_finished_south_z05,,45
issue_2026_00316,2,rm_0283,wh_finished_south_z05,lot_rm_0283_01,48
issue_2026_00317,1,rm_0224,wh_raw_south_z06,lot_rm_0224_02,46
issue_2026_00317,2,rm_0225,wh_raw_south_z07,lot_rm_0225_01,49
issue_2026_00318,1,rm_0225,wh_raw_south_z07,lot_rm_0225_01,47
issue_2026_00318,2,rm_0259,wh_raw_south_z07,lot_rm_0259_01,10
issue_2026_00319,1,rm_0067,wh_cold_z03,lot_rm_0067_01,48
issue_2026_00319,2,rm_0068,wh_cold_z04,lot_rm_0068_02,11
issue_2026_00320,1,rm_0319,wh_finished_south_z07,,49
issue_2026_00320,2,rm_0320,wh_finished_south_z08,,12
issue_2026_00321,1,rm_0320,wh_finished_south_z08,,10
issue_2026_00321,2,rm_0007,wh_finished_south_z03,lot_rm_0007_01,13
issue_2026_00322,1,rm_0007,wh_finished_south_z03,lot_rm_0007_01,11
issue_2026_00322,2,rm_0008,wh_finished_south_z04,lot_rm_0008_02,14
issue_2026_00323,1,rm_0296,wh_raw_south_z10,lot_rm_0296_02,12
issue_2026_00323,2,rm_0297,wh_raw_south_z01,lot_rm_0297_01,15
issue_2026_00324,1,rm_0105,wh_cold_z07,lot_rm_0105_01,13
issue_2026_00324,2,rm_0139,wh_cold_z07,lot_rm_0139_01,16
issue_2026_00325,1,rm_0139,wh_cold_z07,lot_rm_0139_01,14
issue_2026_00325,2,rm_0140,wh_cold_z08,lot_rm_0140_02,17
issue_2026_00326,1,rm_0044,wh_finished_south_z06,lot_rm_0044_02,15
issue_2026_00326,2,rm_0045,wh_finished_south_z07,lot_rm_0045_01,18
issue_2026_00327,1,rm_0021,wh_raw_south_z09,lot_rm_0021_01,16
issue_2026_00327,2,rm_0055,wh_raw_south_z09,,19
issue_2026_00328,1,rm_0055,wh_raw_south_z09,,17
issue_2026_00328,2,rm_0056,wh_raw_south_z10,,20
issue_2026_00329,1,rm_0176,wh_cold_z10,lot_rm_0176_02,18
issue_2026_00329,2,rm_0177,wh_cold_z01,,21
issue_2026_00330,1,rm_0081,wh_finished_south_z09,lot_rm_0081_01,19
issue_2026_00330,2,rm_0115,wh_finished_south_z09,,22
issue_2026_00331,1,rm_0115,wh_finished_south_z09,,20
issue_2026_00331,2,rm_0116,wh_finished_south_z10,,23
issue_2026_00332,1,rm_0092,wh_raw_south_z02,lot_rm_0092_02,21
issue_2026_00332,2,rm_0093,wh_raw_south_z03,lot_rm_0093_01,24
issue_2026_00333,1,rm_0213,wh_cold_z03,lot_rm_0213_01,22
issue_2026_00333,2,rm_0247,wh_cold_z03,,25
issue_2026_00334,1,rm_0247,wh_cold_z03,,23
issue_2026_00334,2,rm_0248,wh_cold_z04,,26
issue_2026_00335,1,rm_0152,wh_finished_south_z02,lot_rm_0152_02,24
issue_2026_00335,2,rm_0153,wh_finished_south_z03,lot_rm_0153_01,27
issue_2026_00336,1,rm_0129,wh_raw_south_z05,lot_rm_0129_01,25
issue_2026_00336,2,rm_0163,wh_raw_south_z05,lot_rm_0163_01,28
issue_2026_00337,1,rm_0163,wh_raw_south_z05,lot_rm_0163_01,26
issue_2026_00337,2,rm_0164,wh_raw_south_z06,lot_rm_0164_02,29
issue_2026_00338,1,rm_0284,wh_cold_z06,lot_rm_0284_02,27
issue_2026_00338,2,rm_0285,wh_cold_z07,lot_rm_0285_01,30
issue_2026_00339,1,rm_0189,wh_finished_south_z05,,28
issue_2026_00339,2,rm_0223,wh_finished_south_z05,lot_rm_0223_01,31
issue_2026_00340,1,rm_0223,wh_finished_south_z05,lot_rm_0223_01,29
issue_2026_00340,2,rm_0224,wh_finished_south_z06,lot_rm_0224_02,32
issue_2026_00341,1,rm_0200,wh_raw_south_z08,lot_rm_0200_02,30
issue_2026_00341,2,rm_0201,wh_raw_south_z09,lot_rm_0201_01,33
issue_2026_00342,1,rm_0015,wh_cold_z09,lot_rm_0015_01,31
issue_2026_00342,2,rm_0016,wh_cold_z10,lot_rm_0016_02,34
issue_2026_00343,1,rm_0016,wh_cold_z10,lot_rm_0016_02,32
issue_2026_00343,2,rm_0017,wh_cold_z01,lot_rm_0017_01,35
issue_2026_00344,1,rm_0260,wh_finished_south_z08,lot_rm_0260_02,33
issue_2026_00344,2,rm_0261,wh_finished_south_z09,lot_rm_0261_01,36
issue_2026_00345,1,rm_0237,wh_raw_south_z01,lot_rm_0237_01,34
issue_2026_00345,2,rm_0271,wh_raw_south_z01,lot_rm_0271_01,37
issue_2026_00346,1,rm_0271,wh_raw_south_z01,lot_rm_0271_01,35
issue_2026_00346,2,rm_0272,wh_raw_south_z02,lot_rm_0272_02,38
issue_2026_00347,1,rm_0053,wh_cold_z03,,36
issue_2026_00347,2,rm_0087,wh_cold_z03,lot_rm_0087_01,39
issue_2026_00348,1,rm_0297,wh_finished_south_z01,lot_rm_0297_01,37
issue_2026_00348,2,rm_0027,wh_finished_south_z03,lot_rm_0027_01,40
issue_2026_00349,1,rm_0027,wh_finished_south_z03,lot_rm_0027_01,38
issue_2026_00349,2,rm_0028,wh_finished_south_z04,lot_rm_0028_02,41
issue_2026_00350,1,rm_0308,wh_raw_south_z04,,39
issue_2026_00350,2,rm_0309,wh_raw_south_z05,,42
issue_2026_00351,1,rm_0123,wh_cold_z05,,40
issue_2026_00351,2,rm_0124,wh_cold_z06,,43
issue_2026_00352,1,rm_0124,wh_cold_z06,,41
issue_2026_00352,2,rm_0125,wh_cold_z07,,44
issue_2026_00353,1,rm_0064,wh_finished_south_z06,,42
issue_2026_00353,2,rm_0065,wh_finished_south_z07,lot_rm_0065_01,45
issue_2026_00354,1,rm_0005,wh_raw_south_z07,lot_rm_0005_01,43
issue_2026_00354,2,rm_0039,wh_raw_south_z07,lot_rm_0039_01,46
issue_2026_00355,1,rm_0039,wh_raw_south_z07,lot_rm_0039_01,44
issue_2026_00355,2,rm_0040,wh_raw_south_z08,lot_rm_0040_02,47
issue_2026_00356,1,rm_0161,wh_cold_z09,lot_rm_0161_01,45
issue_2026_00356,2,rm_0195,wh_cold_z09,lot_rm_0195_01,48
issue_2026_00357,1,rm_0101,wh_finished_south_z09,lot_rm_0101_01,46
issue_2026_00357,2,rm_0135,wh_finished_south_z09,lot_rm_0135_01,49
issue_2026_00358,1,rm_0135,wh_finished_south_z09,lot_rm_0135_01,47
issue_2026_00358,2,rm_0136,wh_finished_south_z10,lot_rm_0136_02,10
issue_2026_00359,1,rm_0076,wh_raw_south_z10,lot_rm_0076_02,48
issue_2026_00359,2,rm_0077,wh_raw_south_z01,lot_rm_0077_01,11
issue_2026_00360,1,rm_0231,wh_cold_z01,lot_rm_0231_01,49
issue_2026_00360,2,rm_0232,wh_cold_z02,lot_rm_0232_02,12
issue_2026_00361,1,rm_0111,wh_raw_south_z01,lot_rm_0111_01,10
issue_2026_00361,2,rm_0112,wh_raw_south_z02,lot_rm_0112_02,13
issue_2026_00362,1,rm_0112,wh_raw_south_z02,lot_rm_0112_02,11
issue_2026_00362,2,rm_0113,wh_raw_south_z03,,14
issue_2026_00363,1,rm_0267,wh_cold_z03,lot_rm_0267_01,12
issue_2026_00363,2,rm_0268,wh_cold_z04,lot_rm_0268_02,15
issue_2026_00364,1,rm_0207,wh_finished_south_z03,lot_rm_0207_01,13
issue_2026_00364,2,rm_0208,wh_finished_south_z04,lot_rm_0208_02,16
issue_2026_00365,1,rm_0208,wh_finished_south_z04,lot_rm_0208_02,14
issue_2026_00365,2,rm_0209,wh_finished_south_z05,lot_rm_0209_01,17
issue_2026_00366,1,rm_0149,wh_raw_south_z05,lot_rm_0149_01,15
issue_2026_00366,2,rm_0183,wh_raw_south_z05,,18
issue_2026_00367,1,rm_0304,wh_cold_z06,lot_rm_0304_02,16
issue_2026_00367,2,rm_0305,wh_cold_z07,,19
issue_2026_00368,1,rm_0305,wh_cold_z07,,17
issue_2026_00368,2,rm_0001,wh_cold_z09,lot_rm_0001_01,20
issue_2026_00369,1,rm_0245,wh_finished_south_z07,,18
issue_2026_00369,2,rm_0279,wh_finished_south_z07,lot_rm_0279_01,21
issue_2026_00370,1,rm_0219,wh_raw_south_z07,lot_rm_0219_01,19
issue_2026_00370,2,rm_0220,wh_raw_south_z08,lot_rm_0220_02,22
issue_2026_00371,1,rm_0220,wh_raw_south_z08,lot_rm_0220_02,20
issue_2026_00371,2,rm_0221,wh_raw_south_z09,lot_rm_0221_01,23
issue_2026_00372,1,rm_0037,wh_cold_z01,lot_rm_0037_01,21
issue_2026_00372,2,rm_0071,wh_cold_z01,lot_rm_0071_01,24
issue_2026_00373,1,rm_0315,wh_finished_south_z09,,22
issue_2026_00373,2,rm_0316,wh_finished_south_z10,,25
issue_2026_00374,1,rm_0316,wh_finished_south_z10,,23
issue_2026_00374,2,rm_0317,wh_finished_south_z01,,26
issue_2026_00375,1,rm_0257,wh_raw_south_z01,lot_rm_0257_01,24
issue_2026_00375,2,rm_0291,wh_raw_south_z01,lot_rm_0291_01,27
issue_2026_00376,1,rm_0107,wh_cold_z03,lot_rm_0107_01,25
issue_2026_00376,2,rm_0108,wh_cold_z04,lot_rm_0108_02,28
issue_2026_00377,1,rm_0108,wh_cold_z04,lot_rm_0108_02,26
issue_2026_00377,2,rm_0109,wh_cold_z05,lot_rm_0109_01,29
issue_2026_00378,1,rm_0013,wh_finished_south_z03,lot_rm_0013_01,27
issue_2026_00378,2,rm_0047,wh_finished_south_z03,lot_rm_0047_01,30
issue_2026_00379,1,rm_0023,wh_raw_south_z05,lot_rm_0023_01,28
issue_2026_00379,2,rm_0024,wh_raw_south_z06,lot_rm_0024_02,31
issue_2026_00380,1,rm_0024,wh_raw_south_z06,lot_rm_0024_02,29
issue_2026_00380,2,rm_0025,wh_raw_south_z07,lot_rm_0025_01,32
issue_2026_00381,1,rm_0145,wh_cold_z07,lot_rm_0145_01,30
issue_2026_00381,2,rm_0179,wh_cold_z07,,33
issue_2026_00382,1,rm_0083,wh_finished_south_z05,lot_rm_0083_01,31
issue_2026_00382,2,rm_0084,wh_finished_south_z06,lot_rm_0084_02,34
issue_2026_00383,1,rm_0084,wh_finished_south_z06,lot_rm_0084_02,32
issue_2026_00383,2,rm_0085,wh_finished_south_z07,lot_rm_0085_01,35
issue_2026_00384,1,rm_0061,wh_raw_south_z09,,33
issue_2026_00384,2,rm_0095,wh_raw_south_z09,lot_rm_0095_01,36
issue_2026_00385,1,rm_0215,wh_cold_z09,lot_rm_0215_01,34
issue_2026_00385,2,rm_0216,wh_cold_z10,lot_rm_0216_02,37
issue_2026_00386,1,rm_0216,wh_cold_z10,lot_rm_0216_02,35
issue_2026_00386,2,rm_0217,wh_cold_z01,lot_rm_0217_01,38
issue_2026_00387,1,rm_0121,wh_finished_south_z09,,36
issue_2026_00387,2,rm_0155,wh_finished_south_z09,lot_rm_0155_01,39
issue_2026_00388,1,rm_0131,wh_raw_south_z01,lot_rm_0131_01,37
issue_2026_00388,2,rm_0132,wh_raw_south_z02,lot_rm_0132_02,40
issue_2026_00389,1,rm_0132,wh_raw_south_z02,lot_rm_0132_02,38
issue_2026_00389,2,rm_0133,wh_raw_south_z03,lot_rm_0133_01,41
issue_2026_00390,1,rm_0253,wh_cold_z03,,39
issue_2026_00390,2,rm_0287,wh_cold_z03,lot_rm_0287_01,42
issue_2026_00391,1,rm_0191,wh_finished_south_z01,,40
issue_2026_00391,2,rm_0192,wh_finished_south_z02,,43
issue_2026_00392,1,rm_0192,wh_finished_south_z02,,41
issue_2026_00392,2,rm_0193,wh_finished_south_z03,lot_rm_0193_01,44
issue_2026_00393,1,rm_0169,wh_raw_south_z05,lot_rm_0169_01,42
issue_2026_00393,2,rm_0203,wh_raw_south_z05,lot_rm_0203_01,45
issue_2026_00394,1,rm_0019,wh_cold_z07,lot_rm_0019_01,43
issue_2026_00394,2,rm_0020,wh_cold_z08,lot_rm_0020_02,46
issue_2026_00395,1,rm_0020,wh_cold_z08,lot_rm_0020_02,44
issue_2026_00395,2,rm_0021,wh_cold_z09,lot_rm_0021_01,47
issue_2026_00396,1,rm_0229,wh_finished_south_z05,lot_rm_0229_01,45
issue_2026_00396,2,rm_0263,wh_finished_south_z05,lot_rm_0263_01,48
issue_2026_00397,1,rm_0239,wh_raw_south_z07,lot_rm_0239_01,46
issue_2026_00397,2,rm_0240,wh_raw_south_z08,lot_rm_0240_02,49
issue_2026_00398,1,rm_0240,wh_raw_south_z08,lot_rm_0240_02,47
issue_2026_00398,2,rm_0241,wh_raw_south_z09,,10
issue_2026_00399,1,rm_0057,wh_cold_z01,,48
issue_2026_00399,2,rm_0091,wh_cold_z01,lot_rm_0091_01,11
issue_2026_00400,1,rm_0299,wh_finished_south_z07,lot_rm_0299_01,49
issue_2026_00400,2,rm_0300,wh_finished_south_z08,lot_rm_0300_02,12
issue_2026_00401,1,rm_0300,wh_finished_south_z08,lot_rm_0300_02,10
issue_2026_00401,2,rm_0301,wh_finished_south_z09,lot_rm_0301_01,13
issue_2026_00402,1,rm_0301,wh_finished_south_z09,lot_rm_0301_01,11
issue_2026_00402,2,rm_0031,wh_finished_south_z01,lot_rm_0031_01,14
issue_2026_00403,1,rm_0031,wh_finished_south_z01,lot_rm_0031_01,12
issue_2026_00403,2,rm_0032,wh_finished_south_z02,lot_rm_0032_02,15
issue_2026_00404,1,rm_0312,wh_raw_south_z02,,13
issue_2026_00404,2,rm_0313,wh_raw_south_z03,,16
issue_2026_00405,1,rm_0129,wh_cold_z05,lot_rm_0129_01,14
issue_2026_00405,2,rm_0163,wh_cold_z05,lot_rm_0163_01,17
issue_2026_00406,1,rm_0163,wh_cold_z05,lot_rm_0163_01,15
issue_2026_00406,2,rm_0164,wh_cold_z06,lot_rm_0164_02,18
issue_2026_00407,1,rm_0068,wh_finished_south_z04,lot_rm_0068_02,16
issue_2026_00407,2,rm_0069,wh_finished_south_z05,lot_rm_0069_01,19
issue_2026_00408,1,rm_0009,wh_raw_south_z05,lot_rm_0009_01,17
issue_2026_00408,2,rm_0043,wh_raw_south_z05,lot_rm_0043_01,20
issue_2026_00409,1,rm_0043,wh_raw_south_z05,lot_rm_0043_01,18
issue_2026_00409,2,rm_0044,wh_raw_south_z06,lot_rm_0044_02,21
issue_2026_00410,1,rm_0200,wh_cold_z08,lot_rm_0200_02,19
issue_2026_00410,2,rm_0201,wh_cold_z09,lot_rm_0201_01,22
issue_2026_00411,1,rm_0105,wh_finished_south_z07,lot_rm_0105_01,20
issue_2026_00411,2,rm_0139,wh_finished_south_z07,lot_rm_0139_01,23
issue_2026_00412,1,rm_0139,wh_finished_south_z07,lot_rm_0139_01,21
issue_2026_00412,2,rm_0140,wh_finished_south_z08,lot_rm_0140_02,24
issue_2026_00413,1,rm_0080,wh_raw_south_z08,lot_rm_0080_02,22
issue_2026_00413,2,rm_0081,wh_raw_south_z09,lot_rm_0081_01,25
issue_2026_00414,1,rm_0237,wh_cold_z01,lot_rm_0237_01,23
issue_2026_00414,2,rm_0271,wh_cold_z01,lot_rm_0271_01,26
issue_2026_00415,1,rm_0271,wh_cold_z01,lot_rm_0271_01,24
issue_2026_00415,2,rm_0272,wh_cold_z02,lot_rm_0272_02,27
issue_2026_00416,1,rm_0176,wh_finished_south_z10,lot_rm_0176_02,25
issue_2026_00416,2,rm_0177,wh_finished_south_z01,,28
issue_2026_00417,1,rm_0117,wh_raw_south_z01,,26
issue_2026_00417,2,rm_0151,wh_raw_south_z01,lot_rm_0151_01,29
issue_2026_00418,1,rm_0151,wh_raw_south_z01,lot_rm_0151_01,27
issue_2026_00418,2,rm_0152,wh_raw_south_z02,lot_rm_0152_02,30
issue_2026_00419,1,rm_0308,wh_cold_z04,,28
issue_2026_00419,2,rm_0309,wh_cold_z05,,31
issue_2026_00420,1,rm_0213,wh_finished_south_z03,lot_rm_0213_01,29
issue_2026_00420,2,rm_0247,wh_finished_south_z03,,32
issue_2026_state_draft,1,rm_0007,wh_finished_south_z03,lot_rm_0007_01,1
issue_2026_state_pending,1,rm_0007,wh_finished_south_z03,lot_rm_0007_01,1
issue_2026_state_cancelled,1,rm_0007,wh_finished_south_z03,lot_rm_0007_01,1
