item_code,lot_code,manufactured_on,expires_on,status
rm_0001,lot_rm_0001_01,2025-01-01,2026-06-25,active
rm_0001,lot_rm_0001_02,2026-02-02,2027-07-27,active
rm_0002,lot_rm_0002_01,2026-04-08,2027-09-30,active
rm_0002,lot_rm_0002_02,2025-05-09,2026-10-31,active
rm_0003,lot_rm_0003_01,2025-07-15,2027-01-06,active
rm_0003,lot_rm_0003_02,2026-08-16,2028-02-07,active
rm_0004,lot_rm_0004_01,2026-10-22,2028-04-14,active
rm_0004,lot_rm_0004_02,2025-11-23,2027-05-17,active
rm_0005,lot_rm_0005_01,2025-01-05,2026-06-29,active
rm_0005,lot_rm_0005_02,2026-02-06,2027-07-31,active
rm_0006,lot_rm_0006_01,2026-04-12,2027-10-04,active
rm_0006,lot_rm_0006_02,2025-05-13,2026-11-04,active
rm_0007,lot_rm_0007_01,2025-07-19,2027-01-10,active
rm_0007,lot_rm_0007_02,2026-08-20,2028-02-11,active
rm_0008,lot_rm_0008_01,2026-10-02,2028-03-25,active
rm_0008,lot_rm_0008_02,2025-11-03,2027-04-27,active
rm_0009,lot_rm_0009_01,2025-01-09,2026-07-03,active
rm_0009,lot_rm_0009_02,2026-02-10,2027-08-04,active
rm_0010,lot_rm_0010_01,2026-04-16,2027-10-08,active
rm_0010,lot_rm_0010_02,2025-05-17,2026-11-08,active
rm_0011,lot_rm_0011_01,2025-07-23,2027-01-14,active
rm_0011,lot_rm_0011_02,2026-08-24,2028-02-15,active
rm_0012,lot_rm_0012_01,2026-10-06,2028-03-29,active
rm_0012,lot_rm_0012_02,2025-11-07,2027-05-01,active
rm_0013,lot_rm_0013_01,2025-01-13,2026-07-07,active
rm_0013,lot_rm_0013_02,2026-02-14,2027-08-08,active
rm_0014,lot_rm_0014_01,2026-04-20,2027-10-12,active
rm_0014,lot_rm_0014_02,2025-05-21,2026-11-12,active
rm_0015,lot_rm_0015_01,2025-07-03,2026-12-25,active
rm_0015,lot_rm_0015_02,2026-08-04,2028-01-26,active
rm_0016,lot_rm_0016_01,2026-10-10,2028-04-02,active
rm_0016,lot_rm_0016_02,2025-11-11,2027-05-05,active
rm_0017,lot_rm_0017_01,2025-01-17,2026-07-11,active
rm_0017,lot_rm_0017_02,2026-02-18,2027-08-12,active
rm_0018,lot_rm_0018_01,2026-04-24,2027-10-16,active
rm_0018,lot_rm_0018_02,2025-05-01,2026-10-23,active
rm_0019,lot_rm_0019_01,2025-07-07,2026-12-29,active
rm_0019,lot_rm_0019_02,2026-08-08,2028-01-30,active
rm_0020,lot_rm_0020_01,2026-10-14,2028-04-06,active
rm_0020,lot_rm_0020_02,2025-11-15,2027-05-09,active
rm_0021,lot_rm_0021_01,2025-01-21,2026-07-15,active
rm_0021,lot_rm_0021_02,2026-02-22,2027-08-16,active
rm_0022,lot_rm_0022_01,2026-04-04,2027-09-26,active
rm_0022,lot_rm_0022_02,2025-05-05,2026-10-27,active
rm_0023,lot_rm_0023_01,2025-07-11,2027-01-02,active
rm_0023,lot_rm_0023_02,2026-08-12,2028-02-03,active
rm_0024,lot_rm_0024_01,2026-10-18,2028-04-10,active
rm_0024,lot_rm_0024_02,2025-11-19,2027-05-13,active
rm_0025,lot_rm_0025_01,2025-01-01,2026-06-25,active
rm_0025,lot_rm_0025_02,2026-02-02,2027-07-27,active
rm_0026,lot_rm_0026_01,2026-04-08,2027-09-30,active
rm_0026,lot_rm_0026_02,2025-05-09,2026-10-31,active
rm_0027,lot_rm_0027_01,2025-07-15,2027-01-06,active
rm_0027,lot_rm_0027_02,2026-08-16,2028-02-07,active
rm_0028,lot_rm_0028_01,2026-10-22,2028-04-14,active
rm_0028,lot_rm_0028_02,2025-11-23,2027-05-17,active
rm_0029,lot_rm_0029_01,2025-01-05,2026-06-29,active
rm_0029,lot_rm_0029_02,2026-02-06,2027-07-31,active
rm_0030,lot_rm_0030_01,2026-04-12,2027-10-04,active
rm_0030,lot_rm_0030_02,2025-05-13,2026-11-04,active
rm_0031,lot_rm_0031_01,2025-07-19,2027-01-10,active
rm_0031,lot_rm_0031_02,2026-08-20,2028-02-11,active
rm_0032,lot_rm_0032_01,2026-10-02,2028-03-25,active
rm_0032,lot_rm_0032_02,2025-11-03,2027-04-27,active
rm_0033,lot_rm_0033_01,2025-01-09,2026-07-03,active
rm_0033,lot_rm_0033_02,2026-02-10,2027-08-04,active
rm_0034,lot_rm_0034_01,2026-04-16,2027-10-08,active
rm_0034,lot_rm_0034_02,2025-05-17,2026-11-08,active
rm_0035,lot_rm_0035_01,2025-07-23,2027-01-14,active
rm_0035,lot_rm_0035_02,2026-08-24,2028-02-15,active
rm_0036,lot_rm_0036_01,2026-10-06,2028-03-29,active
rm_0036,lot_rm_0036_02,2025-11-07,2027-05-01,active
rm_0037,lot_rm_0037_01,2025-01-13,2026-07-07,active
rm_0037,lot_rm_0037_02,2026-02-14,2027-08-08,active
rm_0038,lot_rm_0038_01,2026-04-20,2027-10-12,active
rm_0038,lot_rm_0038_02,2025-05-21,2026-11-12,active
rm_0039,lot_rm_0039_01,2025-07-03,2026-12-25,active
rm_0039,lot_rm_0039_02,2026-08-04,2028-01-26,active
rm_0040,lot_rm_0040_01,2026-10-10,2028-04-02,active
rm_0040,lot_rm_0040_02,2025-11-11,2027-05-05,active
rm_0041,lot_rm_0041_01,2025-01-17,2026-07-11,active
rm_0041,lot_rm_0041_02,2026-02-18,2027-08-12,active
rm_0042,lot_rm_0042_01,2026-04-24,2027-10-16,active
rm_0042,lot_rm_0042_02,2025-05-01,2026-10-23,active
rm_0043,lot_rm_0043_01,2025-07-07,2026-12-29,active
rm_0043,lot_rm_0043_02,2026-08-08,2028-01-30,active
rm_0044,lot_rm_0044_01,2026-10-14,2028-04-06,active
rm_0044,lot_rm_0044_02,2025-11-15,2027-05-09,active
rm_0045,lot_rm_0045_01,2025-01-21,2026-07-15,active
rm_0045,lot_rm_0045_02,2026-02-22,2027-08-16,active
rm_0046,lot_rm_0046_01,2026-04-04,2027-09-26,active
rm_0046,lot_rm_0046_02,2025-05-05,2026-10-27,active
rm_0047,lot_rm_0047_01,2025-07-11,2027-01-02,active
rm_0047,lot_rm_0047_02,2026-08-12,2028-02-03,active
rm_0048,lot_rm_0048_01,2026-10-18,2028-04-10,active
rm_0048,lot_rm_0048_02,2025-11-19,2027-05-13,active
rm_0065,lot_rm_0065_01,2025-01-17,2026-07-11,active
rm_0065,lot_rm_0065_02,2026-02-18,2027-08-12,active
rm_0066,lot_rm_0066_01,2026-04-24,2027-10-16,active
rm_0066,lot_rm_0066_02,2025-05-01,2026-10-23,active
rm_0067,lot_rm_0067_01,2025-07-07,2026-12-29,active
rm_0067,lot_rm_0067_02,2026-08-08,2028-01-30,active
rm_0068,lot_rm_0068_01,2026-10-14,2028-04-06,active
rm_0068,lot_rm_0068_02,2025-11-15,2027-05-09,active
rm_0069,lot_rm_0069_01,2025-01-21,2026-07-15,active
rm_0069,lot_rm_0069_02,2026-02-22,2027-08-16,active
rm_0070,lot_rm_0070_01,2026-04-04,2027-09-26,active
rm_0070,lot_rm_0070_02,2025-05-05,2026-10-27,active
rm_0071,lot_rm_0071_01,2025-07-11,2027-01-02,active
rm_0071,lot_rm_0071_02,2026-08-12,2028-02-03,active
rm_0072,lot_rm_0072_01,2026-10-18,2028-04-10,active
rm_0072,lot_rm_0072_02,2025-11-19,2027-05-13,active
rm_0073,lot_rm_0073_01,2025-01-01,2026-06-25,active
rm_0073,lot_rm_0073_02,2026-02-02,2027-07-27,active
rm_0074,lot_rm_0074_01,2026-04-08,2027-09-30,active
rm_0074,lot_rm_0074_02,2025-05-09,2026-10-31,active
rm_0075,lot_rm_0075_01,2025-07-15,2027-01-06,active
rm_0075,lot_rm_0075_02,2026-08-16,2028-02-07,active
rm_0076,lot_rm_0076_01,2026-10-22,2028-04-14,active
rm_0076,lot_rm_0076_02,2025-11-23,2027-05-17,active
rm_0077,lot_rm_0077_01,2025-01-05,2026-06-29,active
rm_0077,lot_rm_0077_02,2026-02-06,2027-07-31,active
rm_0078,lot_rm_0078_01,2026-04-12,2027-10-04,active
rm_0078,lot_rm_0078_02,2025-05-13,2026-11-04,active
rm_0079,lot_rm_0079_01,2025-07-19,2027-01-10,active
rm_0079,lot_rm_0079_02,2026-08-20,2028-02-11,active
rm_0080,lot_rm_0080_01,2026-10-02,2028-03-25,active
rm_0080,lot_rm_0080_02,2025-11-03,2027-04-27,active
rm_0081,lot_rm_0081_01,2025-01-09,2026-07-03,active
rm_0081,lot_rm_0081_02,2026-02-10,2027-08-04,active
rm_0082,lot_rm_0082_01,2026-04-16,2027-10-08,active
rm_0082,lot_rm_0082_02,2025-05-17,2026-11-08,active
rm_0083,lot_rm_0083_01,2025-07-23,2027-01-14,active
rm_0083,lot_rm_0083_02,2026-08-24,2028-02-15,active
rm_0084,lot_rm_0084_01,2026-10-06,2028-03-29,active
rm_0084,lot_rm_0084_02,2025-11-07,2027-05-01,active
rm_0085,lot_rm_0085_01,2025-01-13,2026-07-07,active
rm_0085,lot_rm_0085_02,2026-02-14,2027-08-08,active
rm_0086,lot_rm_0086_01,2026-04-20,2027-10-12,active
rm_0086,lot_rm_0086_02,2025-05-21,2026-11-12,active
rm_0087,lot_rm_0087_01,2025-07-03,2026-12-25,active
rm_0087,lot_rm_0087_02,2026-08-04,2028-01-26,active
rm_0088,lot_rm_0088_01,2026-10-10,2028-04-02,active
rm_0088,lot_rm_0088_02,2025-11-11,2027-05-05,active
rm_0089,lot_rm_0089_01,2025-01-17,2026-07-11,active
rm_0089,lot_rm_0089_02,2026-02-18,2027-08-12,active
rm_0090,lot_rm_0090_01,2026-04-24,2027-10-16,active
rm_0090,lot_rm_0090_02,2025-05-01,2026-10-23,active
rm_0091,lot_rm_0091_01,2025-07-07,2026-12-29,active
rm_0091,lot_rm_0091_02,2026-08-08,2028-01-30,active
rm_0092,lot_rm_0092_01,2026-10-14,2028-04-06,active
rm_0092,lot_rm_0092_02,2025-11-15,2027-05-09,active
rm_0093,lot_rm_0093_01,2025-01-21,2026-07-15,active
rm_0093,lot_rm_0093_02,2026-02-22,2027-08-16,active
rm_0094,lot_rm_0094_01,2026-04-04,2027-09-26,active
rm_0094,lot_rm_0094_02,2025-05-05,2026-10-27,active
rm_0095,lot_rm_0095_01,2025-07-11,2027-01-02,active
rm_0095,lot_rm_0095_02,2026-08-12,2028-02-03,active
rm_0096,lot_rm_0096_01,2026-10-18,2028-04-10,active
rm_0096,lot_rm_0096_02,2025-11-19,2027-05-13,active
rm_0097,lot_rm_0097_01,2025-01-01,2026-06-25,active
rm_0097,lot_rm_0097_02,2026-02-02,2027-07-27,active
rm_0098,lot_rm_0098_01,2026-04-08,2027-09-30,active
rm_0098,lot_rm_0098_02,2025-05-09,2026-10-31,active
rm_0099,lot_rm_0099_01,2025-07-15,2027-01-06,active
rm_0099,lot_rm_0099_02,2026-08-16,2028-02-07,active
rm_0100,lot_rm_0100_01,2026-10-22,2028-04-14,active
rm_0100,lot_rm_0100_02,2025-11-23,2027-05-17,active
rm_0101,lot_rm_0101_01,2025-01-05,2026-06-29,active
rm_0101,lot_rm_0101_02,2026-02-06,2027-07-31,active
rm_0102,lot_rm_0102_01,2026-04-12,2027-10-04,active
rm_0102,lot_rm_0102_02,2025-05-13,2026-11-04,active
rm_0103,lot_rm_0103_01,2025-07-19,2027-01-10,active
rm_0103,lot_rm_0103_02,2026-08-20,2028-02-11,active
rm_0104,lot_rm_0104_01,2026-10-02,2028-03-25,active
rm_0104,lot_rm_0104_02,2025-11-03,2027-04-27,active
rm_0105,lot_rm_0105_01,2025-01-09,2026-07-03,active
rm_0105,lot_rm_0105_02,2026-02-10,2027-08-04,active
rm_0106,lot_rm_0106_01,2026-04-16,2027-10-08,active
rm_0106,lot_rm_0106_02,2025-05-17,2026-11-08,active
rm_0107,lot_rm_0107_01,2025-07-23,2027-01-14,active
rm_0107,lot_rm_0107_02,2026-08-24,2028-02-15,active
rm_0108,lot_rm_0108_01,2026-10-06,2028-03-29,active
rm_0108,lot_rm_0108_02,2025-11-07,2027-05-01,active
rm_0109,lot_rm_0109_01,2025-01-13,2026-07-07,active
rm_0109,lot_rm_0109_02,2026-02-14,2027-08-08,active
rm_0110,lot_rm_0110_01,2026-04-20,2027-10-12,active
rm_0110,lot_rm_0110_02,2025-05-21,2026-11-12,active
rm_0111,lot_rm_0111_01,2025-07-03,2026-12-25,active
rm_0111,lot_rm_0111_02,2026-08-04,2028-01-26,active
rm_0112,lot_rm_0112_01,2026-10-10,2028-04-02,active
rm_0112,lot_rm_0112_02,2025-11-11,2027-05-05,active
rm_0129,lot_rm_0129_01,2025-01-09,2026-07-03,active
rm_0129,lot_rm_0129_02,2026-02-10,2027-08-04,active
rm_0130,lot_rm_0130_01,2026-04-16,2027-10-08,active
rm_0130,lot_rm_0130_02,2025-05-17,2026-11-08,active
rm_0131,lot_rm_0131_01,2025-07-23,2027-01-14,active
rm_0131,lot_rm_0131_02,2026-08-24,2028-02-15,active
rm_0132,lot_rm_0132_01,2026-10-06,2028-03-29,active
rm_0132,lot_rm_0132_02,2025-11-07,2027-05-01,active
rm_0133,lot_rm_0133_01,2025-01-13,2026-07-07,active
rm_0133,lot_rm_0133_02,2026-02-14,2027-08-08,active
rm_0134,lot_rm_0134_01,2026-04-20,2027-10-12,active
rm_0134,lot_rm_0134_02,2025-05-21,2026-11-12,active
rm_0135,lot_rm_0135_01,2025-07-03,2026-12-25,active
rm_0135,lot_rm_0135_02,2026-08-04,2028-01-26,active
rm_0136,lot_rm_0136_01,2026-10-10,2028-04-02,active
rm_0136,lot_rm_0136_02,2025-11-11,2027-05-05,active
rm_0137,lot_rm_0137_01,2025-01-17,2026-07-11,active
rm_0137,lot_rm_0137_02,2026-02-18,2027-08-12,active
rm_0138,lot_rm_0138_01,2026-04-24,2027-10-16,active
rm_0138,lot_rm_0138_02,2025-05-01,2026-10-23,active
rm_0139,lot_rm_0139_01,2025-07-07,2026-12-29,active
rm_0139,lot_rm_0139_02,2026-08-08,2028-01-30,active
rm_0140,lot_rm_0140_01,2026-10-14,2028-04-06,active
rm_0140,lot_rm_0140_02,2025-11-15,2027-05-09,active
rm_0141,lot_rm_0141_01,2025-01-21,2026-07-15,active
rm_0141,lot_rm_0141_02,2026-02-22,2027-08-16,active
rm_0142,lot_rm_0142_01,2026-04-04,2027-09-26,active
rm_0142,lot_rm_0142_02,2025-05-05,2026-10-27,active
rm_0143,lot_rm_0143_01,2025-07-11,2027-01-02,active
rm_0143,lot_rm_0143_02,2026-08-12,2028-02-03,active
rm_0144,lot_rm_0144_01,2026-10-18,2028-04-10,active
rm_0144,lot_rm_0144_02,2025-11-19,2027-05-13,active
rm_0145,lot_rm_0145_01,2025-01-01,2026-06-25,active
rm_0145,lot_rm_0145_02,2026-02-02,2027-07-27,active
rm_0146,lot_rm_0146_01,2026-04-08,2027-09-30,active
rm_0146,lot_rm_0146_02,2025-05-09,2026-10-31,active
rm_0147,lot_rm_0147_01,2025-07-15,2027-01-06,active
rm_0147,lot_rm_0147_02,2026-08-16,2028-02-07,active
rm_0148,lot_rm_0148_01,2026-10-22,2028-04-14,active
rm_0148,lot_rm_0148_02,2025-11-23,2027-05-17,active
rm_0149,lot_rm_0149_01,2025-01-05,2026-06-29,active
rm_0149,lot_rm_0149_02,2026-02-06,2027-07-31,active
rm_0150,lot_rm_0150_01,2026-04-12,2027-10-04,active
rm_0150,lot_rm_0150_02,2025-05-13,2026-11-04,active
rm_0151,lot_rm_0151_01,2025-07-19,2027-01-10,active
rm_0151,lot_rm_0151_02,2026-08-20,2028-02-11,active
rm_0152,lot_rm_0152_01,2026-10-02,2028-03-25,active
rm_0152,lot_rm_0152_02,2025-11-03,2027-04-27,active
rm_0153,lot_rm_0153_01,2025-01-09,2026-07-03,active
rm_0153,lot_rm_0153_02,2026-02-10,2027-08-04,active
rm_0154,lot_rm_0154_01,2026-04-16,2027-10-08,active
rm_0154,lot_rm_0154_02,2025-05-17,2026-11-08,active
rm_0155,lot_rm_0155_01,2025-07-23,2027-01-14,active
rm_0155,lot_rm_0155_02,2026-08-24,2028-02-15,active
rm_0156,lot_rm_0156_01,2026-10-06,2028-03-29,active
rm_0156,lot_rm_0156_02,2025-11-07,2027-05-01,active
rm_0157,lot_rm_0157_01,2025-01-13,2026-07-07,active
rm_0157,lot_rm_0157_02,2026-02-14,2027-08-08,active
rm_0158,lot_rm_0158_01,2026-04-20,2027-10-12,active
rm_0158,lot_rm_0158_02,2025-05-21,2026-11-12,active
rm_0159,lot_rm_0159_01,2025-07-03,2026-12-25,active
rm_0159,lot_rm_0159_02,2026-08-04,2028-01-26,active
rm_0160,lot_rm_0160_01,2026-10-10,2028-04-02,active
rm_0160,lot_rm_0160_02,2025-11-11,2027-05-05,active
rm_0161,lot_rm_0161_01,2025-01-17,2026-07-11,active
rm_0161,lot_rm_0161_02,2026-02-18,2027-08-12,active
rm_0162,lot_rm_0162_01,2026-04-24,2027-10-16,active
rm_0162,lot_rm_0162_02,2025-05-01,2026-10-23,active
rm_0163,lot_rm_0163_01,2025-07-07,2026-12-29,active
rm_0163,lot_rm_0163_02,2026-08-08,2028-01-30,active
rm_0164,lot_rm_0164_01,2026-10-14,2028-04-06,active
rm_0164,lot_rm_0164_02,2025-11-15,2027-05-09,active
rm_0165,lot_rm_0165_01,2025-01-21,2026-07-15,active
rm_0165,lot_rm_0165_02,2026-02-22,2027-08-16,active
rm_0166,lot_rm_0166_01,2026-04-04,2027-09-26,active
rm_0166,lot_rm_0166_02,2025-05-05,2026-10-27,active
rm_0167,lot_rm_0167_01,2025-07-11,2027-01-02,active
rm_0167,lot_rm_0167_02,2026-08-12,2028-02-03,active
rm_0168,lot_rm_0168_01,2026-10-18,2028-04-10,active
rm_0168,lot_rm_0168_02,2025-11-19,2027-05-13,active
rm_0169,lot_rm_0169_01,2025-01-01,2026-06-25,active
rm_0169,lot_rm_0169_02,2026-02-02,2027-07-27,active
rm_0170,lot_rm_0170_01,2026-04-08,2027-09-30,active
rm_0170,lot_rm_0170_02,2025-05-09,2026-10-31,active
rm_0171,lot_rm_0171_01,2025-07-15,2027-01-06,active
rm_0171,lot_rm_0171_02,2026-08-16,2028-02-07,active
rm_0172,lot_rm_0172_01,2026-10-22,2028-04-14,active
rm_0172,lot_rm_0172_02,2025-11-23,2027-05-17,active
rm_0173,lot_rm_0173_01,2025-01-05,2026-06-29,active
rm_0173,lot_rm_0173_02,2026-02-06,2027-07-31,active
rm_0174,lot_rm_0174_01,2026-04-12,2027-10-04,active
rm_0174,lot_rm_0174_02,2025-05-13,2026-11-04,active
rm_0175,lot_rm_0175_01,2025-07-19,2027-01-10,active
rm_0175,lot_rm_0175_02,2026-08-20,2028-02-11,active
rm_0176,lot_rm_0176_01,2026-10-02,2028-03-25,active
rm_0176,lot_rm_0176_02,2025-11-03,2027-04-27,active
rm_0193,lot_rm_0193_01,2025-01-01,2026-06-25,active
rm_0193,lot_rm_0193_02,2026-02-02,2027-07-27,active
rm_0194,lot_rm_0194_01,2026-04-08,2027-09-30,active
rm_0194,lot_rm_0194_02,2025-05-09,2026-10-31,active
rm_0195,lot_rm_0195_01,2025-07-15,2027-01-06,active
rm_0195,lot_rm_0195_02,2026-08-16,2028-02-07,active
rm_0196,lot_rm_0196_01,2026-10-22,2028-04-14,active
rm_0196,lot_rm_0196_02,2025-11-23,2027-05-17,active
rm_0197,lot_rm_0197_01,2025-01-05,2026-06-29,active
rm_0197,lot_rm_0197_02,2026-02-06,2027-07-31,active
rm_0198,lot_rm_0198_01,2026-04-12,2027-10-04,active
rm_0198,lot_rm_0198_02,2025-05-13,2026-11-04,active
rm_0199,lot_rm_0199_01,2025-07-19,2027-01-10,active
rm_0199,lot_rm_0199_02,2026-08-20,2028-02-11,active
rm_0200,lot_rm_0200_01,2026-10-02,2028-03-25,active
rm_0200,lot_rm_0200_02,2025-11-03,2027-04-27,active
rm_0201,lot_rm_0201_01,2025-01-09,2026-07-03,active
rm_0201,lot_rm_0201_02,2026-02-10,2027-08-04,active
rm_0202,lot_rm_0202_01,2026-04-16,2027-10-08,active
rm_0202,lot_rm_0202_02,2025-05-17,2026-11-08,active
rm_0203,lot_rm_0203_01,2025-07-23,2027-01-14,active
rm_0203,lot_rm_0203_02,2026-08-24,2028-02-15,active
rm_0204,lot_rm_0204_01,2026-10-06,2028-03-29,active
rm_0204,lot_rm_0204_02,2025-11-07,2027-05-01,active
rm_0205,lot_rm_0205_01,2025-01-13,2026-07-07,active
rm_0205,lot_rm_0205_02,2026-02-14,2027-08-08,active
rm_0206,lot_rm_0206_01,2026-04-20,2027-10-12,active
rm_0206,lot_rm_0206_02,2025-05-21,2026-11-12,active
rm_0207,lot_rm_0207_01,2025-07-03,2026-12-25,active
rm_0207,lot_rm_0207_02,2026-08-04,2028-01-26,active
rm_0208,lot_rm_0208_01,2026-10-10,2028-04-02,active
rm_0208,lot_rm_0208_02,2025-11-11,2027-05-05,active
rm_0209,lot_rm_0209_01,2025-01-17,2026-07-11,active
rm_0209,lot_rm_0209_02,2026-02-18,2027-08-12,active
rm_0210,lot_rm_0210_01,2026-04-24,2027-10-16,active
rm_0210,lot_rm_0210_02,2025-05-01,2026-10-23,active
rm_0211,lot_rm_0211_01,2025-07-07,2026-12-29,active
rm_0211,lot_rm_0211_02,2026-08-08,2028-01-30,active
rm_0212,lot_rm_0212_01,2026-10-14,2028-04-06,active
rm_0212,lot_rm_0212_02,2025-11-15,2027-05-09,active
rm_0213,lot_rm_0213_01,2025-01-21,2026-07-15,active
rm_0213,lot_rm_0213_02,2026-02-22,2027-08-16,active
rm_0214,lot_rm_0214_01,2026-04-04,2027-09-26,active
rm_0214,lot_rm_0214_02,2025-05-05,2026-10-27,active
rm_0215,lot_rm_0215_01,2025-07-11,2027-01-02,active
rm_0215,lot_rm_0215_02,2026-08-12,2028-02-03,active
rm_0216,lot_rm_0216_01,2026-10-18,2028-04-10,active
rm_0216,lot_rm_0216_02,2025-11-19,2027-05-13,active
rm_0217,lot_rm_0217_01,2025-01-01,2026-06-25,active
rm_0217,lot_rm_0217_02,2026-02-02,2027-07-27,active
rm_0218,lot_rm_0218_01,2026-04-08,2027-09-30,active
rm_0218,lot_rm_0218_02,2025-05-09,2026-10-31,active
rm_0219,lot_rm_0219_01,2025-07-15,2027-01-06,active
rm_0219,lot_rm_0219_02,2026-08-16,2028-02-07,active
rm_0220,lot_rm_0220_01,2026-10-22,2028-04-14,active
rm_0220,lot_rm_0220_02,2025-11-23,2027-05-17,active
rm_0221,lot_rm_0221_01,2025-01-05,2026-06-29,active
rm_0221,lot_rm_0221_02,2026-02-06,2027-07-31,active
rm_0222,lot_rm_0222_01,2026-04-12,2027-10-04,active
rm_0222,lot_rm_0222_02,2025-05-13,2026-11-04,active
rm_0223,lot_rm_0223_01,2025-07-19,2027-01-10,active
rm_0223,lot_rm_0223_02,2026-08-20,2028-02-11,active
rm_0224,lot_rm_0224_01,2026-10-02,2028-03-25,active
rm_0224,lot_rm_0224_02,2025-11-03,2027-04-27,active
rm_0225,lot_rm_0225_01,2025-01-09,2026-07-03,active
rm_0225,lot_rm_0225_02,2026-02-10,2027-08-04,active
rm_0226,lot_rm_0226_01,2026-04-16,2027-10-08,active
rm_0226,lot_rm_0226_02,2025-05-17,2026-11-08,active
rm_0227,lot_rm_0227_01,2025-07-23,2027-01-14,active
rm_0227,lot_rm_0227_02,2026-08-24,2028-02-15,active
rm_0228,lot_rm_0228_01,2026-10-06,2028-03-29,active
rm_0228,lot_rm_0228_02,2025-11-07,2027-05-01,active
rm_0229,lot_rm_0229_01,2025-01-13,2026-07-07,active
rm_0229,lot_rm_0229_02,2026-02-14,2027-08-08,active
rm_0230,lot_rm_0230_01,2026-04-20,2027-10-12,active
rm_0230,lot_rm_0230_02,2025-05-21,2026-11-12,active
rm_0231,lot_rm_0231_01,2025-07-03,2026-12-25,active
rm_0231,lot_rm_0231_02,2026-08-04,2028-01-26,active
rm_0232,lot_rm_0232_01,2026-10-10,2028-04-02,active
rm_0232,lot_rm_0232_02,2025-11-11,2027-05-05,active
rm_0233,lot_rm_0233_01,2025-01-17,2026-07-11,active
rm_0233,lot_rm_0233_02,2026-02-18,2027-08-12,active
rm_0234,lot_rm_0234_01,2026-04-24,2027-10-16,active
rm_0234,lot_rm_0234_02,2025-05-01,2026-10-23,active
rm_0235,lot_rm_0235_01,2025-07-07,2026-12-29,active
rm_0235,lot_rm_0235_02,2026-08-08,2028-01-30,active
rm_0236,lot_rm_0236_01,2026-10-14,2028-04-06,active
rm_0236,lot_rm_0236_02,2025-11-15,2027-05-09,active
rm_0237,lot_rm_0237_01,2025-01-21,2026-07-15,active
rm_0237,lot_rm_0237_02,2026-02-22,2027-08-16,active
rm_0238,lot_rm_0238_01,2026-04-04,2027-09-26,active
rm_0238,lot_rm_0238_02,2025-05-05,2026-10-27,active
rm_0239,lot_rm_0239_01,2025-07-11,2027-01-02,active
rm_0239,lot_rm_0239_02,2026-08-12,2028-02-03,active
rm_0240,lot_rm_0240_01,2026-10-18,2028-04-10,active
rm_0240,lot_rm_0240_02,2025-11-19,2027-05-13,active
rm_0257,lot_rm_0257_01,2025-01-17,2026-07-11,active
rm_0257,lot_rm_0257_02,2026-02-18,2027-08-12,active
rm_0258,lot_rm_0258_01,2026-04-24,2027-10-16,active
rm_0258,lot_rm_0258_02,2025-05-01,2026-10-23,active
rm_0259,lot_rm_0259_01,2025-07-07,2026-12-29,active
rm_0259,lot_rm_0259_02,2026-08-08,2028-01-30,active
rm_0260,lot_rm_0260_01,2026-10-14,2028-04-06,active
rm_0260,lot_rm_0260_02,2025-11-15,2027-05-09,active
rm_0261,lot_rm_0261_01,2025-01-21,2026-07-15,active
rm_0261,lot_rm_0261_02,2026-02-22,2027-08-16,active
rm_0262,lot_rm_0262_01,2026-04-04,2027-09-26,active
rm_0262,lot_rm_0262_02,2025-05-05,2026-10-27,active
rm_0263,lot_rm_0263_01,2025-07-11,2027-01-02,active
rm_0263,lot_rm_0263_02,2026-08-12,2028-02-03,active
rm_0264,lot_rm_0264_01,2026-10-18,2028-04-10,active
rm_0264,lot_rm_0264_02,2025-11-19,2027-05-13,active
rm_0265,lot_rm_0265_01,2025-01-01,2026-06-25,active
rm_0265,lot_rm_0265_02,2026-02-02,2027-07-27,active
rm_0266,lot_rm_0266_01,2026-04-08,2027-09-30,active
rm_0266,lot_rm_0266_02,2025-05-09,2026-10-31,active
rm_0267,lot_rm_0267_01,2025-07-15,2027-01-06,active
rm_0267,lot_rm_0267_02,2026-08-16,2028-02-07,active
rm_0268,lot_rm_0268_01,2026-10-22,2028-04-14,active
rm_0268,lot_rm_0268_02,2025-11-23,2027-05-17,active
rm_0269,lot_rm_0269_01,2025-01-05,2026-06-29,active
rm_0269,lot_rm_0269_02,2026-02-06,2027-07-31,active
rm_0270,lot_rm_0270_01,2026-04-12,2027-10-04,active
rm_0270,lot_rm_0270_02,2025-05-13,2026-11-04,active
rm_0271,lot_rm_0271_01,2025-07-19,2027-01-10,active
rm_0271,lot_rm_0271_02,2026-08-20,2028-02-11,active
rm_0272,lot_rm_0272_01,2026-10-02,2028-03-25,active
rm_0272,lot_rm_0272_02,2025-11-03,2027-04-27,active
rm_0273,lot_rm_0273_01,2025-01-09,2026-07-03,active
rm_0273,lot_rm_0273_02,2026-02-10,2027-08-04,active
rm_0274,lot_rm_0274_01,2026-04-16,2027-10-08,active
rm_0274,lot_rm_0274_02,2025-05-17,2026-11-08,active
rm_0275,lot_rm_0275_01,2025-07-23,2027-01-14,active
rm_0275,lot_rm_0275_02,2026-08-24,2028-02-15,active
rm_0276,lot_rm_0276_01,2026-10-06,2028-03-29,active
rm_0276,lot_rm_0276_02,2025-11-07,2027-05-01,active
rm_0277,lot_rm_0277_01,2025-01-13,2026-07-07,active
rm_0277,lot_rm_0277_02,2026-02-14,2027-08-08,active
rm_0278,lot_rm_0278_01,2026-04-20,2027-10-12,active
rm_0278,lot_rm_0278_02,2025-05-21,2026-11-12,active
rm_0279,lot_rm_0279_01,2025-07-03,2026-12-25,active
rm_0279,lot_rm_0279_02,2026-08-04,2028-01-26,active
rm_0280,lot_rm_0280_01,2026-10-10,2028-04-02,active
rm_0280,lot_rm_0280_02,2025-11-11,2027-05-05,active
rm_0281,lot_rm_0281_01,2025-01-17,2026-07-11,active
rm_0281,lot_rm_0281_02,2026-02-18,2027-08-12,active
rm_0282,lot_rm_0282_01,2026-04-24,2027-10-16,active
rm_0282,lot_rm_0282_02,2025-05-01,2026-10-23,active
rm_0283,lot_rm_0283_01,2025-07-07,2026-12-29,active
rm_0283,lot_rm_0283_02,2026-08-08,2028-01-30,active
rm_0284,lot_rm_0284_01,2026-10-14,2028-04-06,active
rm_0284,lot_rm_0284_02,2025-11-15,2027-05-09,active
rm_0285,lot_rm_0285_01,2025-01-21,2026-07-15,active
rm_0285,lot_rm_0285_02,2026-02-22,2027-08-16,active
rm_0286,lot_rm_0286_01,2026-04-04,2027-09-26,active
rm_0286,lot_rm_0286_02,2025-05-05,2026-10-27,active
rm_0287,lot_rm_0287_01,2025-07-11,2027-01-02,active
rm_0287,lot_rm_0287_02,2026-08-12,2028-02-03,active
rm_0288,lot_rm_0288_01,2026-10-18,2028-04-10,active
rm_0288,lot_rm_0288_02,2025-11-19,2027-05-13,active
rm_0289,lot_rm_0289_01,2025-01-01,2026-06-25,active
rm_0289,lot_rm_0289_02,2026-02-02,2027-07-27,active
rm_0290,lot_rm_0290_01,2026-04-08,2027-09-30,active
rm_0290,lot_rm_0290_02,2025-05-09,2026-10-31,active
rm_0291,lot_rm_0291_01,2025-07-15,2027-01-06,active
rm_0291,lot_rm_0291_02,2026-08-16,2028-02-07,active
rm_0292,lot_rm_0292_01,2026-10-22,2028-04-14,active
rm_0292,lot_rm_0292_02,2025-11-23,2027-05-17,active
rm_0293,lot_rm_0293_01,2025-01-05,2026-06-29,active
rm_0293,lot_rm_0293_02,2026-02-06,2027-07-31,active
rm_0294,lot_rm_0294_01,2026-04-12,2027-10-04,active
rm_0294,lot_rm_0294_02,2025-05-13,2026-11-04,active
rm_0295,lot_rm_0295_01,2025-07-19,2027-01-10,active
rm_0295,lot_rm_0295_02,2026-08-20,2028-02-11,active
rm_0296,lot_rm_0296_01,2026-10-02,2028-03-25,active
rm_0296,lot_rm_0296_02,2025-11-03,2027-04-27,active
rm_0297,lot_rm_0297_01,2025-01-09,2026-07-03,active
rm_0297,lot_rm_0297_02,2026-02-10,2027-08-04,active
rm_0298,lot_rm_0298_01,2026-04-16,2027-10-08,active
rm_0298,lot_rm_0298_02,2025-05-17,2026-11-08,active
rm_0299,lot_rm_0299_01,2025-07-23,2027-01-14,active
rm_0299,lot_rm_0299_02,2026-08-24,2028-02-15,active
rm_0300,lot_rm_0300_01,2026-10-06,2028-03-29,active
rm_0300,lot_rm_0300_02,2025-11-07,2027-05-01,active
rm_0301,lot_rm_0301_01,2025-01-13,2026-07-07,active
rm_0301,lot_rm_0301_02,2026-02-14,2027-08-08,active
rm_0302,lot_rm_0302_01,2026-04-20,2027-10-12,active
rm_0302,lot_rm_0302_02,2025-05-21,2026-11-12,active
rm_0303,lot_rm_0303_01,2025-07-03,2026-12-25,active
rm_0303,lot_rm_0303_02,2026-08-04,2028-01-26,active
rm_0304,lot_rm_0304_01,2026-10-10,2028-04-02,active
rm_0304,lot_rm_0304_02,2025-11-11,2027-05-05,active
fg_0001,lot_fg_0001_01,2025-01-09,2026-01-09,active
fg_0001,lot_fg_0001_02,2026-02-10,2027-02-10,active
fg_0002,lot_fg_0002_01,2026-04-16,2027-04-16,active
fg_0002,lot_fg_0002_02,2025-05-17,2026-05-17,active
fg_0003,lot_fg_0003_01,2025-07-23,2026-07-23,active
fg_0003,lot_fg_0003_02,2026-08-24,2027-08-24,active
fg_0004,lot_fg_0004_01,2026-10-06,2027-10-06,active
fg_0004,lot_fg_0004_02,2025-11-07,2026-11-07,active
fg_0005,lot_fg_0005_01,2025-01-13,2026-01-13,active
fg_0005,lot_fg_0005_02,2026-02-14,2027-02-14,active
fg_0006,lot_fg_0006_01,2026-04-20,2027-04-20,active
fg_0006,lot_fg_0006_02,2025-05-21,2026-05-21,active
fg_0007,lot_fg_0007_01,2025-07-03,2026-07-03,active
fg_0007,lot_fg_0007_02,2026-08-04,2027-08-04,active
fg_0008,lot_fg_0008_01,2026-10-10,2027-10-10,active
fg_0008,lot_fg_0008_02,2025-11-11,2026-11-11,active
fg_0009,lot_fg_0009_01,2025-01-17,2026-01-17,active
fg_0009,lot_fg_0009_02,2026-02-18,2027-02-18,active
fg_0010,lot_fg_0010_01,2026-04-24,2027-04-24,active
fg_0010,lot_fg_0010_02,2025-05-01,2026-05-01,active
fg_0011,lot_fg_0011_01,2025-07-07,2026-07-07,active
fg_0011,lot_fg_0011_02,2026-08-08,2027-08-08,active
fg_0012,lot_fg_0012_01,2026-10-14,2027-10-14,active
fg_0012,lot_fg_0012_02,2025-11-15,2026-11-15,active
fg_0013,lot_fg_0013_01,2025-01-21,2026-01-21,active
fg_0013,lot_fg_0013_02,2026-02-22,2027-02-22,active
fg_0014,lot_fg_0014_01,2026-04-04,2027-04-04,active
fg_0014,lot_fg_0014_02,2025-05-05,2026-05-05,active
fg_0015,lot_fg_0015_01,2025-07-11,2026-07-11,active
fg_0015,lot_fg_0015_02,2026-08-12,2027-08-12,active
fg_0016,lot_fg_0016_01,2026-10-18,2027-10-18,active
fg_0016,lot_fg_0016_02,2025-11-19,2026-11-19,active
fg_0017,lot_fg_0017_01,2025-01-01,2026-01-01,active
fg_0017,lot_fg_0017_02,2026-02-02,2027-02-02,active
fg_0018,lot_fg_0018_01,2026-04-08,2027-04-08,active
fg_0018,lot_fg_0018_02,2025-05-09,2026-05-09,active
fg_0019,lot_fg_0019_01,2025-07-15,2026-07-15,active
fg_0019,lot_fg_0019_02,2026-08-16,2027-08-16,active
fg_0020,lot_fg_0020_01,2026-10-22,2027-10-22,active
fg_0020,lot_fg_0020_02,2025-11-23,2026-11-23,active
fg_0021,lot_fg_0021_01,2025-01-05,2026-01-05,active
fg_0021,lot_fg_0021_02,2026-02-06,2027-02-06,active
fg_0022,lot_fg_0022_01,2026-04-12,2027-04-12,active
fg_0022,lot_fg_0022_02,2025-05-13,2026-05-13,active
fg_0023,lot_fg_0023_01,2025-07-19,2026-07-19,active
fg_0023,lot_fg_0023_02,2026-08-20,2027-08-20,active
fg_0024,lot_fg_0024_01,2026-10-02,2027-10-02,active
fg_0024,lot_fg_0024_02,2025-11-03,2026-11-03,active
fg_0025,lot_fg_0025_01,2025-01-09,2026-01-09,active
fg_0025,lot_fg_0025_02,2026-02-10,2027-02-10,active
fg_0026,lot_fg_0026_01,2026-04-16,2027-04-16,active
fg_0026,lot_fg_0026_02,2025-05-17,2026-05-17,active
fg_0027,lot_fg_0027_01,2025-07-23,2026-07-23,active
fg_0027,lot_fg_0027_02,2026-08-24,2027-08-24,active
fg_0028,lot_fg_0028_01,2026-10-06,2027-10-06,active
fg_0028,lot_fg_0028_02,2025-11-07,2026-11-07,active
fg_0029,lot_fg_0029_01,2025-01-13,2026-01-13,active
fg_0029,lot_fg_0029_02,2026-02-14,2027-02-14,active
fg_0030,lot_fg_0030_01,2026-04-20,2027-04-20,active
fg_0030,lot_fg_0030_02,2025-05-21,2026-05-21,active
fg_0031,lot_fg_0031_01,2025-07-03,2026-07-03,active
fg_0031,lot_fg_0031_02,2026-08-04,2027-08-04,active
fg_0032,lot_fg_0032_01,2026-10-10,2027-10-10,active
fg_0032,lot_fg_0032_02,2025-11-11,2026-11-11,active
fg_0033,lot_fg_0033_01,2025-01-17,2026-01-17,active
fg_0033,lot_fg_0033_02,2026-02-18,2027-02-18,active
fg_0034,lot_fg_0034_01,2026-04-24,2027-04-24,active
fg_0034,lot_fg_0034_02,2025-05-01,2026-05-01,active
fg_0035,lot_fg_0035_01,2025-07-07,2026-07-07,active
fg_0035,lot_fg_0035_02,2026-08-08,2027-08-08,active
fg_0036,lot_fg_0036_01,2026-10-14,2027-10-14,active
fg_0036,lot_fg_0036_02,2025-11-15,2026-11-15,active
fg_0037,lot_fg_0037_01,2025-01-21,2026-01-21,active
fg_0037,lot_fg_0037_02,2026-02-22,2027-02-22,active
fg_0038,lot_fg_0038_01,2026-04-04,2027-04-04,active
fg_0038,lot_fg_0038_02,2025-05-05,2026-05-05,active
fg_0039,lot_fg_0039_01,2025-07-11,2026-07-11,active
fg_0039,lot_fg_0039_02,2026-08-12,2027-08-12,active
fg_0040,lot_fg_0040_01,2026-10-18,2027-10-18,active
fg_0040,lot_fg_0040_02,2025-11-19,2026-11-19,active
fg_0041,lot_fg_0041_01,2025-01-01,2026-01-01,active
fg_0041,lot_fg_0041_02,2026-02-02,2027-02-02,active
fg_0042,lot_fg_0042_01,2026-04-08,2027-04-08,active
fg_0042,lot_fg_0042_02,2025-05-09,2026-05-09,active
fg_0043,lot_fg_0043_01,2025-07-15,2026-07-15,active
fg_0043,lot_fg_0043_02,2026-08-16,2027-08-16,active
fg_0044,lot_fg_0044_01,2026-10-22,2027-10-22,active
fg_0044,lot_fg_0044_02,2025-11-23,2026-11-23,active
fg_0045,lot_fg_0045_01,2025-01-05,2026-01-05,active
fg_0045,lot_fg_0045_02,2026-02-06,2027-02-06,active
fg_0046,lot_fg_0046_01,2026-04-12,2027-04-12,active
fg_0046,lot_fg_0046_02,2025-05-13,2026-05-13,active
fg_0047,lot_fg_0047_01,2025-07-19,2026-07-19,active
fg_0047,lot_fg_0047_02,2026-08-20,2027-08-20,active
fg_0048,lot_fg_0048_01,2026-10-02,2027-10-02,active
fg_0048,lot_fg_0048_02,2025-11-03,2026-11-03,active
fg_0049,lot_fg_0049_01,2025-01-09,2026-01-09,active
fg_0049,lot_fg_0049_02,2026-02-10,2027-02-10,active
fg_0050,lot_fg_0050_01,2026-04-16,2027-04-16,active
fg_0050,lot_fg_0050_02,2025-05-17,2026-05-17,active
fg_0051,lot_fg_0051_01,2025-07-23,2026-07-23,active
fg_0051,lot_fg_0051_02,2026-08-24,2027-08-24,active
fg_0052,lot_fg_0052_01,2026-10-06,2027-10-06,active
fg_0052,lot_fg_0052_02,2025-11-07,2026-11-07,active
fg_0053,lot_fg_0053_01,2025-01-13,2026-01-13,active
fg_0053,lot_fg_0053_02,2026-02-14,2027-02-14,active
fg_0054,lot_fg_0054_01,2026-04-20,2027-04-20,active
fg_0054,lot_fg_0054_02,2025-05-21,2026-05-21,active
fg_0055,lot_fg_0055_01,2025-07-03,2026-07-03,active
fg_0055,lot_fg_0055_02,2026-08-04,2027-08-04,active
fg_0056,lot_fg_0056_01,2026-10-10,2027-10-10,active
fg_0056,lot_fg_0056_02,2025-11-11,2026-11-11,active
fg_0057,lot_fg_0057_01,2025-01-17,2026-01-17,active
fg_0057,lot_fg_0057_02,2026-02-18,2027-02-18,active
fg_0058,lot_fg_0058_01,2026-04-24,2027-04-24,active
fg_0058,lot_fg_0058_02,2025-05-01,2026-05-01,active
fg_0059,lot_fg_0059_01,2025-07-07,2026-07-07,active
fg_0059,lot_fg_0059_02,2026-08-08,2027-08-08,active
fg_0060,lot_fg_0060_01,2026-10-14,2027-10-14,active
fg_0060,lot_fg_0060_02,2025-11-15,2026-11-15,active
fg_0061,lot_fg_0061_01,2025-01-21,2026-01-21,active
fg_0061,lot_fg_0061_02,2026-02-22,2027-02-22,active
fg_0062,lot_fg_0062_01,2026-04-04,2027-04-04,active
fg_0062,lot_fg_0062_02,2025-05-05,2026-05-05,active
fg_0063,lot_fg_0063_01,2025-07-11,2026-07-11,active
fg_0063,lot_fg_0063_02,2026-08-12,2027-08-12,active
fg_0064,lot_fg_0064_01,2026-10-18,2027-10-18,active
fg_0064,lot_fg_0064_02,2025-11-19,2026-11-19,active
fg_0065,lot_fg_0065_01,2025-01-01,2026-01-01,active
fg_0065,lot_fg_0065_02,2026-02-02,2027-02-02,active
fg_0066,lot_fg_0066_01,2026-04-08,2027-04-08,active
fg_0066,lot_fg_0066_02,2025-05-09,2026-05-09,active
fg_0067,lot_fg_0067_01,2025-07-15,2026-07-15,active
fg_0067,lot_fg_0067_02,2026-08-16,2027-08-16,active
fg_0068,lot_fg_0068_01,2026-10-22,2027-10-22,active
fg_0068,lot_fg_0068_02,2025-11-23,2026-11-23,active
fg_0069,lot_fg_0069_01,2025-01-05,2026-01-05,active
fg_0069,lot_fg_0069_02,2026-02-06,2027-02-06,active
fg_0070,lot_fg_0070_01,2026-04-12,2027-04-12,active
fg_0070,lot_fg_0070_02,2025-05-13,2026-05-13,active
fg_0071,lot_fg_0071_01,2025-07-19,2026-07-19,active
fg_0071,lot_fg_0071_02,2026-08-20,2027-08-20,active
fg_0072,lot_fg_0072_01,2026-10-02,2027-10-02,active
fg_0072,lot_fg_0072_02,2025-11-03,2026-11-03,active
fg_0073,lot_fg_0073_01,2025-01-09,2026-01-09,active
fg_0073,lot_fg_0073_02,2026-02-10,2027-02-10,active
fg_0074,lot_fg_0074_01,2026-04-16,2027-04-16,active
fg_0074,lot_fg_0074_02,2025-05-17,2026-05-17,active
fg_0075,lot_fg_0075_01,2025-07-23,2026-07-23,active
fg_0075,lot_fg_0075_02,2026-08-24,2027-08-24,active
fg_0076,lot_fg_0076_01,2026-10-06,2027-10-06,active
fg_0076,lot_fg_0076_02,2025-11-07,2026-11-07,active
fg_0077,lot_fg_0077_01,2025-01-13,2026-01-13,active
fg_0077,lot_fg_0077_02,2026-02-14,2027-02-14,active
fg_0078,lot_fg_0078_01,2026-04-20,2027-04-20,active
fg_0078,lot_fg_0078_02,2025-05-21,2026-05-21,active
fg_0079,lot_fg_0079_01,2025-07-03,2026-07-03,active
fg_0079,lot_fg_0079_02,2026-08-04,2027-08-04,active
fg_0080,lot_fg_0080_01,2026-10-10,2027-10-10,active
fg_0080,lot_fg_0080_02,2025-11-11,2026-11-11,active
fg_0081,lot_fg_0081_01,2025-01-17,2026-01-17,active
fg_0081,lot_fg_0081_02,2026-02-18,2027-02-18,active
fg_0082,lot_fg_0082_01,2026-04-24,2027-04-24,active
fg_0082,lot_fg_0082_02,2025-05-01,2026-05-01,active
fg_0083,lot_fg_0083_01,2025-07-07,2026-07-07,active
fg_0083,lot_fg_0083_02,2026-08-08,2027-08-08,active
fg_0084,lot_fg_0084_01,2026-10-14,2027-10-14,active
fg_0084,lot_fg_0084_02,2025-11-15,2026-11-15,active
fg_0085,lot_fg_0085_01,2025-01-21,2026-01-21,active
fg_0085,lot_fg_0085_02,2026-02-22,2027-02-22,active
fg_0086,lot_fg_0086_01,2026-04-04,2027-04-04,active
fg_0086,lot_fg_0086_02,2025-05-05,2026-05-05,active
fg_0087,lot_fg_0087_01,2025-07-11,2026-07-11,active
fg_0087,lot_fg_0087_02,2026-08-12,2027-08-12,active
fg_0088,lot_fg_0088_01,2026-10-18,2027-10-18,active
fg_0088,lot_fg_0088_02,2025-11-19,2026-11-19,active
fg_0089,lot_fg_0089_01,2025-01-01,2026-01-01,active
fg_0089,lot_fg_0089_02,2026-02-02,2027-02-02,active
fg_0090,lot_fg_0090_01,2026-04-08,2027-04-08,active
fg_0090,lot_fg_0090_02,2025-05-09,2026-05-09,active
fg_0091,lot_fg_0091_01,2025-07-15,2026-07-15,active
fg_0091,lot_fg_0091_02,2026-08-16,2027-08-16,active
fg_0092,lot_fg_0092_01,2026-10-22,2027-10-22,active
fg_0092,lot_fg_0092_02,2025-11-23,2026-11-23,active
fg_0093,lot_fg_0093_01,2025-01-05,2026-01-05,active
fg_0093,lot_fg_0093_02,2026-02-06,2027-02-06,active
fg_0094,lot_fg_0094_01,2026-04-12,2027-04-12,active
fg_0094,lot_fg_0094_02,2025-05-13,2026-05-13,active
fg_0095,lot_fg_0095_01,2025-07-19,2026-07-19,active
fg_0095,lot_fg_0095_02,2026-08-20,2027-08-20,active
fg_0096,lot_fg_0096_01,2026-10-02,2027-10-02,active
fg_0096,lot_fg_0096_02,2025-11-03,2026-11-03,active
fg_0097,lot_fg_0097_01,2025-01-09,2026-01-09,active
fg_0097,lot_fg_0097_02,2026-02-10,2027-02-10,active
fg_0098,lot_fg_0098_01,2026-04-16,2027-04-16,active
fg_0098,lot_fg_0098_02,2025-05-17,2026-05-17,active
fg_0099,lot_fg_0099_01,2025-07-23,2026-07-23,active
fg_0099,lot_fg_0099_02,2026-08-24,2027-08-24,active
fg_0100,lot_fg_0100_01,2026-10-06,2027-10-06,active
fg_0100,lot_fg_0100_02,2025-11-07,2026-11-07,active
fg_0101,lot_fg_0101_01,2025-01-13,2026-01-13,active
fg_0101,lot_fg_0101_02,2026-02-14,2027-02-14,active
fg_0102,lot_fg_0102_01,2026-04-20,2027-04-20,active
fg_0102,lot_fg_0102_02,2025-05-21,2026-05-21,active
fg_0103,lot_fg_0103_01,2025-07-03,2026-07-03,active
fg_0103,lot_fg_0103_02,2026-08-04,2027-08-04,active
fg_0104,lot_fg_0104_01,2026-10-10,2027-10-10,active
fg_0104,lot_fg_0104_02,2025-11-11,2026-11-11,active
fg_0105,lot_fg_0105_01,2025-01-17,2026-01-17,active
fg_0105,lot_fg_0105_02,2026-02-18,2027-02-18,active
fg_0106,lot_fg_0106_01,2026-04-24,2027-04-24,active
fg_0106,lot_fg_0106_02,2025-05-01,2026-05-01,active
fg_0107,lot_fg_0107_01,2025-07-07,2026-07-07,active
fg_0107,lot_fg_0107_02,2026-08-08,2027-08-08,active
fg_0108,lot_fg_0108_01,2026-10-14,2027-10-14,active
fg_0108,lot_fg_0108_02,2025-11-15,2026-11-15,active
fg_0109,lot_fg_0109_01,2025-01-21,2026-01-21,active
fg_0109,lot_fg_0109_02,2026-02-22,2027-02-22,active
fg_0110,lot_fg_0110_01,2026-04-04,2027-04-04,active
fg_0110,lot_fg_0110_02,2025-05-05,2026-05-05,active
fg_0111,lot_fg_0111_01,2025-07-11,2026-07-11,active
fg_0111,lot_fg_0111_02,2026-08-12,2027-08-12,active
fg_0112,lot_fg_0112_01,2026-10-18,2027-10-18,active
fg_0112,lot_fg_0112_02,2025-11-19,2026-11-19,active
fg_0113,lot_fg_0113_01,2025-01-01,2026-01-01,active
fg_0113,lot_fg_0113_02,2026-02-02,2027-02-02,active
fg_0114,lot_fg_0114_01,2026-04-08,2027-04-08,active
fg_0114,lot_fg_0114_02,2025-05-09,2026-05-09,active
fg_0115,lot_fg_0115_01,2025-07-15,2026-07-15,active
fg_0115,lot_fg_0115_02,2026-08-16,2027-08-16,active
fg_0116,lot_fg_0116_01,2026-10-22,2027-10-22,active
fg_0116,lot_fg_0116_02,2025-11-23,2026-11-23,active
fg_0117,lot_fg_0117_01,2025-01-05,2026-01-05,active
fg_0117,lot_fg_0117_02,2026-02-06,2027-02-06,active
fg_0118,lot_fg_0118_01,2026-04-12,2027-04-12,active
fg_0118,lot_fg_0118_02,2025-05-13,2026-05-13,active
fg_0119,lot_fg_0119_01,2025-07-19,2026-07-19,active
fg_0119,lot_fg_0119_02,2026-08-20,2027-08-20,active
fg_0120,lot_fg_0120_01,2026-10-02,2027-10-02,active
fg_0120,lot_fg_0120_02,2025-11-03,2026-11-03,active
fg_0121,lot_fg_0121_01,2025-01-09,2026-01-09,active
fg_0121,lot_fg_0121_02,2026-02-10,2027-02-10,active
fg_0122,lot_fg_0122_01,2026-04-16,2027-04-16,active
fg_0122,lot_fg_0122_02,2025-05-17,2026-05-17,active
fg_0123,lot_fg_0123_01,2025-07-23,2026-07-23,active
fg_0123,lot_fg_0123_02,2026-08-24,2027-08-24,active
fg_0124,lot_fg_0124_01,2026-10-06,2027-10-06,active
fg_0124,lot_fg_0124_02,2025-11-07,2026-11-07,active
fg_0125,lot_fg_0125_01,2025-01-13,2026-01-13,active
fg_0125,lot_fg_0125_02,2026-02-14,2027-02-14,active
fg_0126,lot_fg_0126_01,2026-04-20,2027-04-20,active
fg_0126,lot_fg_0126_02,2025-05-21,2026-05-21,active
fg_0127,lot_fg_0127_01,2025-07-03,2026-07-03,active
fg_0127,lot_fg_0127_02,2026-08-04,2027-08-04,active
fg_0128,lot_fg_0128_01,2026-10-10,2027-10-10,active
fg_0128,lot_fg_0128_02,2025-11-11,2026-11-11,active
fg_0129,lot_fg_0129_01,2025-01-17,2026-01-17,active
fg_0129,lot_fg_0129_02,2026-02-18,2027-02-18,active
fg_0130,lot_fg_0130_01,2026-04-24,2027-04-24,active
fg_0130,lot_fg_0130_02,2025-05-01,2026-05-01,active
fg_0131,lot_fg_0131_01,2025-07-07,2026-07-07,active
fg_0131,lot_fg_0131_02,2026-08-08,2027-08-08,active
fg_0132,lot_fg_0132_01,2026-10-14,2027-10-14,active
fg_0132,lot_fg_0132_02,2025-11-15,2026-11-15,active
fg_0133,lot_fg_0133_01,2025-01-21,2026-01-21,active
fg_0133,lot_fg_0133_02,2026-02-22,2027-02-22,active
fg_0134,lot_fg_0134_01,2026-04-04,2027-04-04,active
fg_0134,lot_fg_0134_02,2025-05-05,2026-05-05,active
fg_0135,lot_fg_0135_01,2025-07-11,2026-07-11,active
fg_0135,lot_fg_0135_02,2026-08-12,2027-08-12,active
fg_0136,lot_fg_0136_01,2026-10-18,2027-10-18,active
fg_0136,lot_fg_0136_02,2025-11-19,2026-11-19,active
fg_0137,lot_fg_0137_01,2025-01-01,2026-01-01,active
fg_0137,lot_fg_0137_02,2026-02-02,2027-02-02,active
fg_0138,lot_fg_0138_01,2026-04-08,2027-04-08,active
fg_0138,lot_fg_0138_02,2025-05-09,2026-05-09,active
fg_0139,lot_fg_0139_01,2025-07-15,2026-07-15,active
fg_0139,lot_fg_0139_02,2026-08-16,2027-08-16,active
fg_0140,lot_fg_0140_01,2026-10-22,2027-10-22,active
fg_0140,lot_fg_0140_02,2025-11-23,2026-11-23,active
fg_0141,lot_fg_0141_01,2025-01-05,2026-01-05,active
fg_0141,lot_fg_0141_02,2026-02-06,2027-02-06,active
fg_0142,lot_fg_0142_01,2026-04-12,2027-04-12,active
fg_0142,lot_fg_0142_02,2025-05-13,2026-05-13,active
fg_0143,lot_fg_0143_01,2025-07-19,2026-07-19,active
fg_0143,lot_fg_0143_02,2026-08-20,2027-08-20,active
fg_0144,lot_fg_0144_01,2026-10-02,2027-10-02,active
fg_0144,lot_fg_0144_02,2025-11-03,2026-11-03,active
fg_0145,lot_fg_0145_01,2025-01-09,2026-01-09,active
fg_0145,lot_fg_0145_02,2026-02-10,2027-02-10,active
fg_0146,lot_fg_0146_01,2026-04-16,2027-04-16,active
fg_0146,lot_fg_0146_02,2025-05-17,2026-05-17,active
fg_0147,lot_fg_0147_01,2025-07-23,2026-07-23,active
fg_0147,lot_fg_0147_02,2026-08-24,2027-08-24,active
fg_0148,lot_fg_0148_01,2026-10-06,2027-10-06,active
fg_0148,lot_fg_0148_02,2025-11-07,2026-11-07,active
fg_0149,lot_fg_0149_01,2025-01-13,2026-01-13,active
fg_0149,lot_fg_0149_02,2026-02-14,2027-02-14,active
fg_0150,lot_fg_0150_01,2026-04-20,2027-04-20,active
fg_0150,lot_fg_0150_02,2025-05-21,2026-05-21,active
fg_0151,lot_fg_0151_01,2025-07-03,2026-07-03,active
fg_0151,lot_fg_0151_02,2026-08-04,2027-08-04,active
fg_0152,lot_fg_0152_01,2026-10-10,2027-10-10,active
fg_0152,lot_fg_0152_02,2025-11-11,2026-11-11,active
fg_0153,lot_fg_0153_01,2025-01-17,2026-01-17,active
fg_0153,lot_fg_0153_02,2026-02-18,2027-02-18,active
fg_0154,lot_fg_0154_01,2026-04-24,2027-04-24,active
fg_0154,lot_fg_0154_02,2025-05-01,2026-05-01,active
fg_0155,lot_fg_0155_01,2025-07-07,2026-07-07,active
fg_0155,lot_fg_0155_02,2026-08-08,2027-08-08,active
fg_0156,lot_fg_0156_01,2026-10-14,2027-10-14,active
fg_0156,lot_fg_0156_02,2025-11-15,2026-11-15,active
fg_0157,lot_fg_0157_01,2025-01-21,2026-01-21,active
fg_0157,lot_fg_0157_02,2026-02-22,2027-02-22,active
fg_0158,lot_fg_0158_01,2026-04-04,2027-04-04,active
fg_0158,lot_fg_0158_02,2025-05-05,2026-05-05,active
fg_0159,lot_fg_0159_01,2025-07-11,2026-07-11,active
fg_0159,lot_fg_0159_02,2026-08-12,2027-08-12,active
fg_0160,lot_fg_0160_01,2026-10-18,2027-10-18,active
fg_0160,lot_fg_0160_02,2025-11-19,2026-11-19,active
fg_0161,lot_fg_0161_01,2025-01-01,2026-01-01,active
fg_0161,lot_fg_0161_02,2026-02-02,2027-02-02,active
fg_0162,lot_fg_0162_01,2026-04-08,2027-04-08,active
fg_0162,lot_fg_0162_02,2025-05-09,2026-05-09,active
fg_0163,lot_fg_0163_01,2025-07-15,2026-07-15,active
fg_0163,lot_fg_0163_02,2026-08-16,2027-08-16,active
fg_0164,lot_fg_0164_01,2026-10-22,2027-10-22,active
fg_0164,lot_fg_0164_02,2025-11-23,2026-11-23,active
fg_0165,lot_fg_0165_01,2025-01-05,2026-01-05,active
fg_0165,lot_fg_0165_02,2026-02-06,2027-02-06,active
fg_0166,lot_fg_0166_01,2026-04-12,2027-04-12,active
fg_0166,lot_fg_0166_02,2025-05-13,2026-05-13,active
fg_0167,lot_fg_0167_01,2025-07-19,2026-07-19,active
fg_0167,lot_fg_0167_02,2026-08-20,2027-08-20,active
fg_0168,lot_fg_0168_01,2026-10-02,2027-10-02,active
fg_0168,lot_fg_0168_02,2025-11-03,2026-11-03,active
fg_0169,lot_fg_0169_01,2025-01-09,2026-01-09,active
fg_0169,lot_fg_0169_02,2026-02-10,2027-02-10,active
fg_0170,lot_fg_0170_01,2026-04-16,2027-04-16,active
fg_0170,lot_fg_0170_02,2025-05-17,2026-05-17,active
fg_0171,lot_fg_0171_01,2025-07-23,2026-07-23,active
fg_0171,lot_fg_0171_02,2026-08-24,2027-08-24,active
fg_0172,lot_fg_0172_01,2026-10-06,2027-10-06,active
fg_0172,lot_fg_0172_02,2025-11-07,2026-11-07,active
fg_0173,lot_fg_0173_01,2025-01-13,2026-01-13,active
fg_0173,lot_fg_0173_02,2026-02-14,2027-02-14,active
fg_0174,lot_fg_0174_01,2026-04-20,2027-04-20,active
fg_0174,lot_fg_0174_02,2025-05-21,2026-05-21,active
fg_0175,lot_fg_0175_01,2025-07-03,2026-07-03,active
fg_0175,lot_fg_0175_02,2026-08-04,2027-08-04,active
fg_0176,lot_fg_0176_01,2026-10-10,2027-10-10,active
fg_0176,lot_fg_0176_02,2025-11-11,2026-11-11,active
fg_0177,lot_fg_0177_01,2025-01-17,2026-01-17,active
fg_0177,lot_fg_0177_02,2026-02-18,2027-02-18,active
fg_0178,lot_fg_0178_01,2026-04-24,2027-04-24,active
fg_0178,lot_fg_0178_02,2025-05-01,2026-05-01,active
fg_0179,lot_fg_0179_01,2025-07-07,2026-07-07,active
fg_0179,lot_fg_0179_02,2026-08-08,2027-08-08,active
fg_0180,lot_fg_0180_01,2026-10-14,2027-10-14,active
fg_0180,lot_fg_0180_02,2025-11-15,2026-11-15,active
fg_0181,lot_fg_0181_01,2025-01-21,2026-01-21,active
fg_0181,lot_fg_0181_02,2026-02-22,2027-02-22,active
fg_0182,lot_fg_0182_01,2026-04-04,2027-04-04,active
fg_0182,lot_fg_0182_02,2025-05-05,2026-05-05,active
fg_0183,lot_fg_0183_01,2025-07-11,2026-07-11,active
fg_0183,lot_fg_0183_02,2026-08-12,2027-08-12,active
fg_0184,lot_fg_0184_01,2026-10-18,2027-10-18,active
fg_0184,lot_fg_0184_02,2025-11-19,2026-11-19,active
fg_0185,lot_fg_0185_01,2025-01-01,2026-01-01,active
fg_0185,lot_fg_0185_02,2026-02-02,2027-02-02,active
fg_0186,lot_fg_0186_01,2026-04-08,2027-04-08,active
fg_0186,lot_fg_0186_02,2025-05-09,2026-05-09,active
fg_0187,lot_fg_0187_01,2025-07-15,2026-07-15,active
fg_0187,lot_fg_0187_02,2026-08-16,2027-08-16,active
fg_0188,lot_fg_0188_01,2026-10-22,2027-10-22,active
fg_0188,lot_fg_0188_02,2025-11-23,2026-11-23,active
fg_0189,lot_fg_0189_01,2025-01-05,2026-01-05,active
fg_0189,lot_fg_0189_02,2026-02-06,2027-02-06,active
fg_0190,lot_fg_0190_01,2026-04-12,2027-04-12,active
fg_0190,lot_fg_0190_02,2025-05-13,2026-05-13,active
fg_0191,lot_fg_0191_01,2025-07-19,2026-07-19,active
fg_0191,lot_fg_0191_02,2026-08-20,2027-08-20,active
fg_0192,lot_fg_0192_01,2026-10-02,2027-10-02,active
fg_0192,lot_fg_0192_02,2025-11-03,2026-11-03,active
fg_0193,lot_fg_0193_01,2025-01-09,2026-01-09,active
fg_0193,lot_fg_0193_02,2026-02-10,2027-02-10,active
fg_0194,lot_fg_0194_01,2026-04-16,2027-04-16,active
fg_0194,lot_fg_0194_02,2025-05-17,2026-05-17,active
fg_0195,lot_fg_0195_01,2025-07-23,2026-07-23,active
fg_0195,lot_fg_0195_02,2026-08-24,2027-08-24,active
fg_0196,lot_fg_0196_01,2026-10-06,2027-10-06,active
fg_0196,lot_fg_0196_02,2025-11-07,2026-11-07,active
fg_0197,lot_fg_0197_01,2025-01-13,2026-01-13,active
fg_0197,lot_fg_0197_02,2026-02-14,2027-02-14,active
fg_0198,lot_fg_0198_01,2026-04-20,2027-04-20,active
fg_0198,lot_fg_0198_02,2025-05-21,2026-05-21,active
fg_0199,lot_fg_0199_01,2025-07-03,2026-07-03,active
fg_0199,lot_fg_0199_02,2026-08-04,2027-08-04,active
fg_0200,lot_fg_0200_01,2026-10-10,2027-10-10,active
fg_0200,lot_fg_0200_02,2025-11-11,2026-11-11,active
fg_0001,production_lot_2026_00001,2026-01-02,2026-08-30,active
fg_0002,production_lot_2026_00002,2026-01-03,2026-08-31,active
fg_0003,production_lot_2026_00003,2026-02-07,2026-10-05,active
fg_0004,production_lot_2026_00004,2026-02-08,2026-10-06,active
fg_0005,production_lot_2026_00005,2026-03-08,2026-11-03,active
fg_0006,production_lot_2026_00006,2026-03-09,2026-11-04,active
fg_0007,production_lot_2026_00007,2026-04-13,2026-12-09,active
fg_0008,production_lot_2026_00008,2026-04-14,2026-12-10,active
fg_0009,production_lot_2026_00009,2026-05-14,2027-01-09,active
fg_0010,production_lot_2026_00010,2026-05-15,2027-01-10,active
fg_0011,production_lot_2026_00011,2026-06-19,2027-02-14,active
fg_0012,production_lot_2026_00012,2026-06-20,2027-02-15,active
fg_0013,production_lot_2026_00013,2026-07-20,2027-03-17,active
fg_0014,production_lot_2026_00014,2026-07-21,2027-03-18,active
fg_0015,production_lot_2026_00015,2026-08-05,2027-04-02,active
fg_0016,production_lot_2026_00016,2026-08-06,2027-04-03,active
fg_0017,production_lot_2026_00017,2026-09-06,2027-05-04,active
fg_0018,production_lot_2026_00018,2026-09-07,2027-05-05,active
fg_0019,production_lot_2026_00019,2026-01-11,2026-09-08,active
fg_0020,production_lot_2026_00020,2026-01-12,2026-09-09,active
fg_0021,production_lot_2026_00021,2026-02-12,2026-10-10,active
fg_0022,production_lot_2026_00022,2026-02-13,2026-10-11,active
fg_0023,production_lot_2026_00023,2026-03-17,2026-11-12,active
fg_0024,production_lot_2026_00024,2026-03-18,2026-11-13,active
fg_0025,production_lot_2026_00025,2026-04-18,2026-12-14,active
fg_0026,production_lot_2026_00026,2026-04-19,2026-12-15,active
fg_0027,production_lot_2026_00027,2026-05-23,2027-01-18,active
fg_0028,production_lot_2026_00028,2026-05-24,2027-01-19,active
fg_0029,production_lot_2026_00029,2026-06-04,2027-01-30,active
fg_0030,production_lot_2026_00030,2026-06-05,2027-01-31,active
fg_0031,production_lot_2026_00031,2026-07-09,2027-03-06,active
fg_0032,production_lot_2026_00032,2026-07-10,2027-03-07,active
fg_0033,production_lot_2026_00033,2026-08-10,2027-04-07,active
fg_0034,production_lot_2026_00034,2026-08-11,2027-04-08,active
fg_0035,production_lot_2026_00035,2026-09-15,2027-05-13,active
fg_0036,production_lot_2026_00036,2026-09-16,2027-05-14,active
fg_0037,production_lot_2026_00037,2026-01-16,2026-09-13,active
fg_0038,production_lot_2026_00038,2026-01-17,2026-09-14,active
fg_0039,production_lot_2026_00039,2026-02-21,2026-10-19,active
fg_0040,production_lot_2026_00040,2026-02-22,2026-10-20,active
fg_0041,production_lot_2026_00041,2026-03-02,2026-10-28,active
fg_0042,production_lot_2026_00042,2026-03-03,2026-10-29,active
fg_0043,production_lot_2026_00043,2026-04-07,2026-12-03,active
fg_0044,production_lot_2026_00044,2026-04-08,2026-12-04,active
fg_0045,production_lot_2026_00045,2026-05-08,2027-01-03,active
fg_0046,production_lot_2026_00046,2026-05-09,2027-01-04,active
fg_0047,production_lot_2026_00047,2026-06-13,2027-02-08,active
fg_0048,production_lot_2026_00048,2026-06-14,2027-02-09,active
fg_0049,production_lot_2026_00049,2026-07-14,2027-03-11,active
fg_0050,production_lot_2026_00050,2026-07-15,2027-03-12,active
fg_0051,production_lot_2026_00051,2026-08-19,2027-04-16,active
fg_0052,production_lot_2026_00052,2026-08-20,2027-04-17,active
fg_0053,production_lot_2026_00053,2026-09-20,2027-05-18,active
fg_0054,production_lot_2026_00054,2026-09-21,2027-05-19,active
fg_0055,production_lot_2026_00055,2026-01-05,2026-09-02,active
fg_0056,production_lot_2026_00056,2026-01-06,2026-09-03,active
fg_0057,production_lot_2026_00057,2026-02-06,2026-10-04,active
fg_0058,production_lot_2026_00058,2026-02-07,2026-10-05,active
fg_0059,production_lot_2026_00059,2026-03-11,2026-11-06,active
fg_0060,production_lot_2026_00060,2026-03-12,2026-11-07,active
fg_0061,production_lot_2026_00061,2026-04-12,2026-12-08,active
fg_0062,production_lot_2026_00062,2026-04-13,2026-12-09,active
fg_0063,production_lot_2026_00063,2026-05-17,2027-01-12,active
fg_0064,production_lot_2026_00064,2026-05-18,2027-01-13,active
fg_0065,production_lot_2026_00065,2026-06-18,2027-02-13,active
fg_0066,production_lot_2026_00066,2026-06-19,2027-02-14,active
fg_0067,production_lot_2026_00067,2026-07-23,2027-03-20,active
fg_0068,production_lot_2026_00068,2026-07-24,2027-03-21,active
fg_0069,production_lot_2026_00069,2026-08-04,2027-04-01,active
fg_0070,production_lot_2026_00070,2026-08-05,2027-04-02,active
fg_0071,production_lot_2026_00071,2026-09-09,2027-05-07,active
fg_0072,production_lot_2026_00072,2026-09-10,2027-05-08,active
fg_0073,production_lot_2026_00073,2026-01-10,2026-09-07,active
fg_0074,production_lot_2026_00074,2026-01-11,2026-09-08,active
fg_0075,production_lot_2026_00075,2026-02-15,2026-10-13,active
fg_0076,production_lot_2026_00076,2026-02-16,2026-10-14,active
fg_0077,production_lot_2026_00077,2026-03-16,2026-11-11,active
fg_0078,production_lot_2026_00078,2026-03-17,2026-11-12,active
fg_0079,production_lot_2026_00079,2026-04-21,2026-12-17,active
fg_0080,production_lot_2026_00080,2026-04-22,2026-12-18,active
fg_0081,production_lot_2026_00081,2026-05-02,2026-12-28,active
fg_0082,production_lot_2026_00082,2026-05-03,2026-12-29,active
fg_0083,production_lot_2026_00083,2026-06-07,2027-02-02,active
fg_0084,production_lot_2026_00084,2026-06-08,2027-02-03,active
fg_0085,production_lot_2026_00085,2026-07-08,2027-03-05,active
fg_0086,production_lot_2026_00086,2026-07-09,2027-03-06,active
fg_0087,production_lot_2026_00087,2026-08-13,2027-04-10,active
fg_0088,production_lot_2026_00088,2026-08-14,2027-04-11,active
fg_0089,production_lot_2026_00089,2026-09-14,2027-05-12,active
fg_0090,production_lot_2026_00090,2026-09-15,2027-05-13,active
fg_0091,production_lot_2026_00091,2026-01-19,2026-09-16,active
fg_0092,production_lot_2026_00092,2026-01-20,2026-09-17,active
fg_0093,production_lot_2026_00093,2026-02-20,2026-10-18,active
fg_0094,production_lot_2026_00094,2026-02-21,2026-10-19,active
fg_0095,production_lot_2026_00095,2026-03-05,2026-10-31,active
fg_0096,production_lot_2026_00096,2026-03-06,2026-11-01,active
fg_0097,production_lot_2026_00097,2026-04-06,2026-12-02,active
fg_0098,production_lot_2026_00098,2026-04-07,2026-12-03,active
fg_0099,production_lot_2026_00099,2026-05-11,2027-01-06,active
fg_0100,production_lot_2026_00100,2026-05-12,2027-01-07,active
fg_0101,production_lot_2026_00101,2026-06-12,2027-02-07,active
fg_0102,production_lot_2026_00102,2026-06-13,2027-02-08,active
fg_0103,production_lot_2026_00103,2026-07-17,2027-03-14,active
fg_0104,production_lot_2026_00104,2026-07-18,2027-03-15,active
fg_0105,production_lot_2026_00105,2026-08-18,2027-04-15,active
fg_0106,production_lot_2026_00106,2026-08-19,2027-04-16,active
fg_0107,production_lot_2026_00107,2026-09-23,2027-05-21,active
fg_0108,production_lot_2026_00108,2026-09-24,2027-05-22,active
fg_0109,production_lot_2026_00109,2026-01-04,2026-09-01,active
fg_0110,production_lot_2026_00110,2026-01-05,2026-09-02,active
fg_0111,production_lot_2026_00111,2026-02-09,2026-10-07,active
fg_0112,production_lot_2026_00112,2026-02-10,2026-10-08,active
fg_0113,production_lot_2026_00113,2026-03-10,2026-11-05,active
fg_0114,production_lot_2026_00114,2026-03-11,2026-11-06,active
fg_0115,production_lot_2026_00115,2026-04-15,2026-12-11,active
fg_0116,production_lot_2026_00116,2026-04-16,2026-12-12,active
fg_0117,production_lot_2026_00117,2026-05-16,2027-01-11,active
fg_0118,production_lot_2026_00118,2026-05-17,2027-01-12,active
fg_0119,production_lot_2026_00119,2026-06-21,2027-02-16,active
fg_0120,production_lot_2026_00120,2026-06-22,2027-02-17,active
fg_0121,production_lot_2026_00121,2026-07-02,2027-02-27,active
fg_0122,production_lot_2026_00122,2026-07-03,2027-02-28,active
fg_0123,production_lot_2026_00123,2026-08-07,2027-04-04,active
fg_0124,production_lot_2026_00124,2026-08-08,2027-04-05,active
fg_0125,production_lot_2026_00125,2026-09-08,2027-05-06,active
fg_0126,production_lot_2026_00126,2026-09-09,2027-05-07,active
fg_0127,production_lot_2026_00127,2026-01-13,2026-09-10,active
fg_0128,production_lot_2026_00128,2026-01-14,2026-09-11,active
fg_0129,production_lot_2026_00129,2026-02-14,2026-10-12,active
fg_0130,production_lot_2026_00130,2026-02-15,2026-10-13,active
fg_0131,production_lot_2026_00131,2026-03-19,2026-11-14,active
fg_0132,production_lot_2026_00132,2026-03-20,2026-11-15,active
fg_0133,production_lot_2026_00133,2026-04-20,2026-12-16,active
fg_0134,production_lot_2026_00134,2026-04-21,2026-12-17,active
fg_0135,production_lot_2026_00135,2026-05-05,2026-12-31,active
fg_0136,production_lot_2026_00136,2026-05-06,2027-01-01,active
fg_0137,production_lot_2026_00137,2026-06-06,2027-02-01,active
fg_0138,production_lot_2026_00138,2026-06-07,2027-02-02,active
fg_0139,production_lot_2026_00139,2026-07-11,2027-03-08,active
fg_0140,production_lot_2026_00140,2026-07-12,2027-03-09,active
fg_0141,production_lot_2026_00141,2026-08-12,2027-04-09,active
fg_0142,production_lot_2026_00142,2026-08-13,2027-04-10,active
fg_0143,production_lot_2026_00143,2026-09-17,2027-05-15,active
fg_0144,production_lot_2026_00144,2026-09-18,2027-05-16,active
fg_0145,production_lot_2026_00145,2026-01-18,2026-09-15,active
fg_0146,production_lot_2026_00146,2026-01-19,2026-09-16,active
fg_0147,production_lot_2026_00147,2026-02-23,2026-10-21,active
fg_0148,production_lot_2026_00148,2026-02-24,2026-10-22,active
fg_0149,production_lot_2026_00149,2026-03-04,2026-10-30,active
fg_0150,production_lot_2026_00150,2026-03-05,2026-10-31,active
fg_0151,production_lot_2026_00151,2026-04-09,2026-12-05,active
fg_0152,production_lot_2026_00152,2026-04-10,2026-12-06,active
fg_0153,production_lot_2026_00153,2026-05-10,2027-01-05,active
fg_0154,production_lot_2026_00154,2026-05-11,2027-01-06,active
fg_0155,production_lot_2026_00155,2026-06-15,2027-02-10,active
fg_0156,production_lot_2026_00156,2026-06-16,2027-02-11,active
fg_0157,production_lot_2026_00157,2026-07-16,2027-03-13,active
fg_0158,production_lot_2026_00158,2026-07-17,2027-03-14,active
fg_0159,production_lot_2026_00159,2026-08-21,2027-04-18,active
fg_0160,production_lot_2026_00160,2026-08-22,2027-04-19,active
fg_0161,production_lot_2026_00161,2026-09-02,2027-04-30,active
fg_0162,production_lot_2026_00162,2026-09-03,2027-05-01,active
fg_0163,production_lot_2026_00163,2026-01-07,2026-09-04,active
fg_0164,production_lot_2026_00164,2026-01-08,2026-09-05,active
fg_0165,production_lot_2026_00165,2026-02-08,2026-10-06,active
fg_0166,production_lot_2026_00166,2026-02-09,2026-10-07,active
fg_0167,production_lot_2026_00167,2026-03-13,2026-11-08,active
fg_0168,production_lot_2026_00168,2026-03-14,2026-11-09,active
fg_0169,production_lot_2026_00169,2026-04-14,2026-12-10,active
fg_0170,production_lot_2026_00170,2026-04-15,2026-12-11,active
fg_0171,production_lot_2026_00171,2026-05-19,2027-01-14,active
fg_0172,production_lot_2026_00172,2026-05-20,2027-01-15,active
fg_0173,production_lot_2026_00173,2026-06-20,2027-02-15,active
fg_0174,production_lot_2026_00174,2026-06-21,2027-02-16,active
fg_0175,production_lot_2026_00175,2026-07-05,2027-03-02,active
fg_0176,production_lot_2026_00176,2026-07-06,2027-03-03,active
fg_0177,production_lot_2026_00177,2026-08-06,2027-04-03,active
fg_0178,production_lot_2026_00178,2026-08-07,2027-04-04,active
fg_0179,production_lot_2026_00179,2026-09-11,2027-05-09,active
fg_0180,production_lot_2026_00180,2026-09-12,2027-05-10,active
fg_0181,production_lot_2026_00181,2026-01-12,2026-09-09,active
fg_0182,production_lot_2026_00182,2026-01-13,2026-09-10,active
fg_0183,production_lot_2026_00183,2026-02-17,2026-10-15,active
fg_0184,production_lot_2026_00184,2026-02-18,2026-10-16,active
fg_0185,production_lot_2026_00185,2026-03-18,2026-11-13,active
fg_0186,production_lot_2026_00186,2026-03-19,2026-11-14,active
fg_0187,production_lot_2026_00187,2026-04-23,2026-12-19,active
fg_0188,production_lot_2026_00188,2026-04-24,2026-12-20,active
fg_0189,production_lot_2026_00189,2026-05-04,2026-12-30,active
fg_0190,production_lot_2026_00190,2026-05-05,2026-12-31,active
fg_0191,production_lot_2026_00191,2026-06-09,2027-02-04,active
fg_0192,production_lot_2026_00192,2026-06-10,2027-02-05,active
fg_0193,production_lot_2026_00193,2026-07-10,2027-03-07,active
fg_0194,production_lot_2026_00194,2026-07-11,2027-03-08,active
fg_0195,production_lot_2026_00195,2026-08-15,2027-04-12,active
fg_0196,production_lot_2026_00196,2026-08-16,2027-04-13,active
fg_0197,production_lot_2026_00197,2026-09-16,2027-05-14,active
fg_0198,production_lot_2026_00198,2026-09-17,2027-05-15,active
fg_0199,production_lot_2026_00199,2026-01-21,2026-09-18,active
fg_0200,production_lot_2026_00200,2026-01-22,2026-09-19,active
fg_0001,production_lot_2026_00201,2026-02-02,2026-09-30,active
fg_0002,production_lot_2026_00202,2026-02-03,2026-10-01,active
fg_0003,production_lot_2026_00203,2026-03-07,2026-11-02,active
fg_0004,production_lot_2026_00204,2026-03-08,2026-11-03,active
fg_0005,production_lot_2026_00205,2026-04-08,2026-12-04,active
fg_0006,production_lot_2026_00206,2026-04-09,2026-12-05,active
fg_0007,production_lot_2026_00207,2026-05-13,2027-01-08,active
fg_0008,production_lot_2026_00208,2026-05-14,2027-01-09,active
fg_0009,production_lot_2026_00209,2026-06-14,2027-02-09,active
fg_0010,production_lot_2026_00210,2026-06-15,2027-02-10,active
fg_0011,production_lot_2026_00211,2026-07-19,2027-03-16,active
fg_0012,production_lot_2026_00212,2026-07-20,2027-03-17,active
fg_0013,production_lot_2026_00213,2026-08-20,2027-04-17,active
fg_0014,production_lot_2026_00214,2026-08-21,2027-04-18,active
fg_0015,production_lot_2026_00215,2026-09-05,2027-05-03,active
fg_0016,production_lot_2026_00216,2026-09-06,2027-05-04,active
fg_0017,production_lot_2026_00217,2026-01-06,2026-09-03,active
fg_0018,production_lot_2026_00218,2026-01-07,2026-09-04,active
fg_0019,production_lot_2026_00219,2026-02-11,2026-10-09,active
fg_0020,production_lot_2026_00220,2026-02-12,2026-10-10,active
fg_0021,production_lot_2026_00221,2026-03-12,2026-11-07,active
fg_0022,production_lot_2026_00222,2026-03-13,2026-11-08,active
fg_0023,production_lot_2026_00223,2026-04-17,2026-12-13,active
fg_0024,production_lot_2026_00224,2026-04-18,2026-12-14,active
fg_0025,production_lot_2026_00225,2026-05-18,2027-01-13,active
fg_0026,production_lot_2026_00226,2026-05-19,2027-01-14,active
fg_0027,production_lot_2026_00227,2026-06-23,2027-02-18,active
fg_0028,production_lot_2026_00228,2026-06-24,2027-02-19,active
fg_0029,production_lot_2026_00229,2026-07-04,2027-03-01,active
fg_0030,production_lot_2026_00230,2026-07-05,2027-03-02,active
fg_0031,production_lot_2026_00231,2026-08-09,2027-04-06,active
fg_0032,production_lot_2026_00232,2026-08-10,2027-04-07,active
fg_0033,production_lot_2026_00233,2026-09-10,2027-05-08,active
fg_0034,production_lot_2026_00234,2026-09-11,2027-05-09,active
fg_0035,production_lot_2026_00235,2026-01-15,2026-09-12,active
fg_0036,production_lot_2026_00236,2026-01-16,2026-09-13,active
fg_0037,production_lot_2026_00237,2026-02-16,2026-10-14,active
fg_0038,production_lot_2026_00238,2026-02-17,2026-10-15,active
fg_0039,production_lot_2026_00239,2026-03-21,2026-11-16,active
fg_0040,production_lot_2026_00240,2026-03-22,2026-11-17,active
fg_0041,production_lot_2026_00241,2026-04-02,2026-11-28,active
fg_0042,production_lot_2026_00242,2026-04-03,2026-11-29,active
fg_0043,production_lot_2026_00243,2026-05-07,2027-01-02,active
fg_0044,production_lot_2026_00244,2026-05-08,2027-01-03,active
fg_0045,production_lot_2026_00245,2026-06-08,2027-02-03,active
fg_0046,production_lot_2026_00246,2026-06-09,2027-02-04,active
fg_0047,production_lot_2026_00247,2026-07-13,2027-03-10,active
fg_0048,production_lot_2026_00248,2026-07-14,2027-03-11,active
fg_0049,production_lot_2026_00249,2026-08-14,2027-04-11,active
fg_0050,production_lot_2026_00250,2026-08-15,2027-04-12,active
fg_0051,production_lot_2026_00251,2026-09-19,2027-05-17,active
fg_0052,production_lot_2026_00252,2026-09-20,2027-05-18,active
fg_0053,production_lot_2026_00253,2026-01-20,2026-09-17,active
fg_0054,production_lot_2026_00254,2026-01-21,2026-09-18,active
fg_0055,production_lot_2026_00255,2026-02-05,2026-10-03,active
fg_0056,production_lot_2026_00256,2026-02-06,2026-10-04,active
fg_0057,production_lot_2026_00257,2026-03-06,2026-11-01,active
fg_0058,production_lot_2026_00258,2026-03-07,2026-11-02,active
fg_0059,production_lot_2026_00259,2026-04-11,2026-12-07,active
fg_0060,production_lot_2026_00260,2026-04-12,2026-12-08,active
fg_0061,production_lot_2026_00261,2026-05-12,2027-01-07,active
fg_0062,production_lot_2026_00262,2026-05-13,2027-01-08,active
fg_0063,production_lot_2026_00263,2026-06-17,2027-02-12,active
fg_0064,production_lot_2026_00264,2026-06-18,2027-02-13,active
fg_0065,production_lot_2026_00265,2026-07-18,2027-03-15,active
fg_0066,production_lot_2026_00266,2026-07-19,2027-03-16,active
fg_0067,production_lot_2026_00267,2026-08-23,2027-04-20,active
fg_0068,production_lot_2026_00268,2026-08-24,2027-04-21,active
fg_0069,production_lot_2026_00269,2026-09-04,2027-05-02,active
fg_0070,production_lot_2026_00270,2026-09-05,2027-05-03,active
fg_0071,production_lot_2026_00271,2026-01-09,2026-09-06,active
fg_0072,production_lot_2026_00272,2026-01-10,2026-09-07,active
fg_0073,production_lot_2026_00273,2026-02-10,2026-10-08,active
fg_0074,production_lot_2026_00274,2026-02-11,2026-10-09,active
fg_0075,production_lot_2026_00275,2026-03-15,2026-11-10,active
fg_0076,production_lot_2026_00276,2026-03-16,2026-11-11,active
fg_0077,production_lot_2026_00277,2026-04-16,2026-12-12,active
fg_0078,production_lot_2026_00278,2026-04-17,2026-12-13,active
fg_0079,production_lot_2026_00279,2026-05-21,2027-01-16,active
fg_0080,production_lot_2026_00280,2026-05-22,2027-01-17,active
fg_0081,production_lot_2026_00281,2026-06-02,2027-01-28,active
fg_0082,production_lot_2026_00282,2026-06-03,2027-01-29,active
fg_0083,production_lot_2026_00283,2026-07-07,2027-03-04,active
fg_0084,production_lot_2026_00284,2026-07-08,2027-03-05,active
fg_0085,production_lot_2026_00285,2026-08-08,2027-04-05,active
fg_0086,production_lot_2026_00286,2026-08-09,2027-04-06,active
fg_0087,production_lot_2026_00287,2026-09-13,2027-05-11,active
fg_0088,production_lot_2026_00288,2026-09-14,2027-05-12,active
fg_0089,production_lot_2026_00289,2026-01-14,2026-09-11,active
fg_0090,production_lot_2026_00290,2026-01-15,2026-09-12,active
fg_0091,production_lot_2026_00291,2026-02-19,2026-10-17,active
fg_0092,production_lot_2026_00292,2026-02-20,2026-10-18,active
fg_0093,production_lot_2026_00293,2026-03-20,2026-11-15,active
fg_0094,production_lot_2026_00294,2026-03-21,2026-11-16,active
fg_0095,production_lot_2026_00295,2026-04-05,2026-12-01,active
fg_0096,production_lot_2026_00296,2026-04-06,2026-12-02,active
fg_0097,production_lot_2026_00297,2026-05-06,2027-01-01,active
fg_0098,production_lot_2026_00298,2026-05-07,2027-01-02,active
fg_0099,production_lot_2026_00299,2026-06-11,2027-02-06,active
fg_0100,production_lot_2026_00300,2026-06-12,2027-02-07,active
