item_code,location_code,lot_code,on_hand_quantity
fg_0001,wh_cold_z09,lot_fg_0001_01,12124.0
fg_0001,wh_finished_south_z01,production_lot_2026_00001,1800.0
fg_0001,wh_finished_south_z01,production_lot_2026_00201,5387.0
fg_0001,wh_finished_south_z09,lot_fg_0001_01,19364.0
fg_0002,wh_finished_north_z02,production_lot_2026_00002,1901.0
fg_0002,wh_finished_north_z02,production_lot_2026_00202,5523.0
fg_0003,wh_cold_z05,lot_fg_0003_01,12798.0
fg_0003,wh_finished_south_z03,production_lot_2026_00003,2002.0
fg_0003,wh_finished_south_z03,production_lot_2026_00203,5659.0
fg_0004,wh_cold_z06,lot_fg_0004_02,12899.0
fg_0004,wh_finished_north_z04,production_lot_2026_00004,2103.0
fg_0004,wh_finished_north_z04,production_lot_2026_00204,5795.0
fg_0005,wh_cold_z07,lot_fg_0005_01,13000.0
fg_0005,wh_finished_south_z05,production_lot_2026_00005,2204.0
fg_0005,wh_finished_south_z05,production_lot_2026_00205,5948.0
fg_0006,wh_finished_north_z06,production_lot_2026_00006,2305.0
fg_0006,wh_finished_north_z06,production_lot_2026_00206,6084.0
fg_0007,wh_finished_south_z07,production_lot_2026_00007,2406.0
fg_0007,wh_finished_south_z07,production_lot_2026_00207,6220.0
fg_0007,wh_raw_south_z03,lot_fg_0007_01,18434.0
fg_0008,wh_finished_north_z08,production_lot_2026_00008,2507.0
fg_0008,wh_finished_north_z08,production_lot_2026_00208,6356.0
fg_0008,wh_raw_south_z04,lot_fg_0008_02,18535.0
fg_0009,wh_finished_south_z09,production_lot_2026_00009,2608.0
fg_0009,wh_finished_south_z09,production_lot_2026_00209,1808.0
fg_0009,wh_raw_south_z05,lot_fg_0009_01,18636.0
fg_0010,wh_finished_north_z10,production_lot_2026_00010,2709.0
fg_0010,wh_finished_north_z10,production_lot_2026_00210,1909.0
fg_0011,wh_finished_south_z01,lot_fg_0011_01,12070.0
fg_0011,wh_finished_south_z01,production_lot_2026_00011,2810.0
fg_0011,wh_finished_south_z01,production_lot_2026_00211,2010.0
fg_0011,wh_raw_south_z01,lot_fg_0011_01,19310.0
fg_0012,wh_finished_north_z02,production_lot_2026_00012,2911.0
fg_0012,wh_finished_north_z02,production_lot_2026_00212,2111.0
fg_0012,wh_finished_south_z02,lot_fg_0012_02,12171.0
fg_0012,wh_raw_south_z02,lot_fg_0012_02,19411.0
fg_0013,wh_finished_south_z03,lot_fg_0013_01,12272.0
fg_0013,wh_finished_south_z03,production_lot_2026_00013,3012.0
fg_0013,wh_finished_south_z03,production_lot_2026_00213,2212.0
fg_0013,wh_raw_south_z03,lot_fg_0013_01,19512.0
fg_0014,wh_finished_north_z04,production_lot_2026_00014,3113.0
fg_0014,wh_finished_north_z04,production_lot_2026_00214,2313.0
fg_0015,wh_finished_south_z05,production_lot_2026_00015,3214.0
fg_0015,wh_finished_south_z05,production_lot_2026_00215,2414.0
fg_0015,wh_finished_south_z09,lot_fg_0015_01,12946.0
fg_0016,wh_finished_north_z06,production_lot_2026_00016,3315.0
fg_0016,wh_finished_north_z06,production_lot_2026_00216,2515.0
fg_0016,wh_finished_south_z10,lot_fg_0016_02,13047.0
fg_0017,wh_finished_south_z01,lot_fg_0017_01,13148.0
fg_0017,wh_finished_south_z07,production_lot_2026_00017,3416.0
fg_0017,wh_finished_south_z07,production_lot_2026_00217,2616.0
fg_0018,wh_finished_north_z08,production_lot_2026_00018,3517.0
fg_0018,wh_finished_north_z08,production_lot_2026_00218,2717.0
fg_0019,wh_cold_z07,lot_fg_0019_01,18582.0
fg_0019,wh_finished_south_z09,production_lot_2026_00019,3618.0
fg_0019,wh_finished_south_z09,production_lot_2026_00219,2818.0
fg_0020,wh_cold_z08,lot_fg_0020_02,18683.0
fg_0020,wh_finished_north_z10,production_lot_2026_00020,3719.0
fg_0020,wh_finished_north_z10,production_lot_2026_00220,2919.0
fg_0021,wh_cold_z09,lot_fg_0021_01,18784.0
fg_0021,wh_finished_south_z01,production_lot_2026_00021,3820.0
fg_0021,wh_finished_south_z01,production_lot_2026_00221,3020.0
fg_0022,wh_finished_north_z02,production_lot_2026_00022,3921.0
fg_0022,wh_finished_north_z02,production_lot_2026_00222,3121.0
fg_0023,wh_cold_z05,lot_fg_0023_01,19458.0
fg_0023,wh_finished_south_z03,production_lot_2026_00023,4022.0
fg_0023,wh_finished_south_z03,production_lot_2026_00223,3222.0
fg_0023,wh_raw_south_z05,lot_fg_0023_01,12218.0
fg_0024,wh_cold_z06,lot_fg_0024_02,19559.0
fg_0024,wh_finished_north_z04,production_lot_2026_00024,4123.0
fg_0024,wh_finished_north_z04,production_lot_2026_00224,3323.0
fg_0024,wh_raw_south_z06,lot_fg_0024_02,12319.0
fg_0025,wh_cold_z07,lot_fg_0025_01,19660.0
fg_0025,wh_finished_south_z05,production_lot_2026_00025,4224.0
fg_0025,wh_finished_south_z05,production_lot_2026_00225,3424.0
fg_0025,wh_raw_south_z07,lot_fg_0025_01,12420.0
fg_0026,wh_finished_north_z06,production_lot_2026_00026,4325.0
fg_0026,wh_finished_north_z06,production_lot_2026_00226,3525.0
fg_0027,wh_finished_south_z07,production_lot_2026_00027,4426.0
fg_0027,wh_finished_south_z07,production_lot_2026_00227,3626.0
fg_0027,wh_raw_south_z03,lot_fg_0027_01,13094.0
fg_0028,wh_finished_north_z08,production_lot_2026_00028,4527.0
fg_0028,wh_finished_north_z08,production_lot_2026_00228,3727.0
fg_0028,wh_raw_south_z04,lot_fg_0028_02,13195.0
fg_0029,wh_finished_south_z09,production_lot_2026_00029,4628.0
fg_0029,wh_finished_south_z09,production_lot_2026_00229,3828.0
fg_0029,wh_raw_south_z05,lot_fg_0029_01,13296.0
fg_0030,wh_finished_north_z10,production_lot_2026_00030,4729.0
fg_0030,wh_finished_north_z10,production_lot_2026_00230,3929.0
fg_0031,wh_finished_south_z01,lot_fg_0031_01,18730.0
fg_0031,wh_finished_south_z01,production_lot_2026_00031,4830.0
fg_0031,wh_finished_south_z01,production_lot_2026_00231,4030.0
fg_0032,wh_finished_north_z02,production_lot_2026_00032,4931.0
fg_0032,wh_finished_north_z02,production_lot_2026_00232,4131.0
fg_0032,wh_finished_south_z02,lot_fg_0032_02,18831.0
fg_0033,wh_finished_south_z03,lot_fg_0033_01,18932.0
fg_0033,wh_finished_south_z03,production_lot_2026_00033,5032.0
fg_0033,wh_finished_south_z03,production_lot_2026_00233,4232.0
fg_0034,wh_finished_north_z04,production_lot_2026_00034,5133.0
fg_0034,wh_finished_north_z04,production_lot_2026_00234,4333.0
fg_0035,wh_cold_z09,lot_fg_0035_01,12366.0
fg_0035,wh_finished_south_z05,production_lot_2026_00035,5234.0
fg_0035,wh_finished_south_z05,production_lot_2026_00235,2045.0
fg_0035,wh_finished_south_z09,lot_fg_0035_01,19606.0
fg_0036,wh_cold_z10,lot_fg_0036_02,12467.0
fg_0036,wh_finished_north_z06,production_lot_2026_00036,5335.0
fg_0036,wh_finished_north_z06,production_lot_2026_00236,2181.0
fg_0036,wh_finished_south_z10,lot_fg_0036_02,19707.0
fg_0037,wh_cold_z01,lot_fg_0037_01,12568.0
fg_0037,wh_finished_south_z01,lot_fg_0037_01,19808.0
fg_0037,wh_finished_south_z07,production_lot_2026_00037,5436.0
fg_0037,wh_finished_south_z07,production_lot_2026_00237,2317.0
fg_0038,wh_finished_north_z08,production_lot_2026_00038,5537.0
fg_0038,wh_finished_north_z08,production_lot_2026_00238,2453.0
fg_0039,wh_cold_z07,lot_fg_0039_01,13242.0
fg_0039,wh_finished_south_z09,production_lot_2026_00039,5638.0
fg_0039,wh_finished_south_z09,production_lot_2026_00239,2606.0
fg_0040,wh_cold_z08,lot_fg_0040_02,13343.0
fg_0040,wh_finished_north_z10,production_lot_2026_00040,5739.0
fg_0040,wh_finished_north_z10,production_lot_2026_00240,2742.0
fg_0041,wh_cold_z09,lot_fg_0041_01,13444.0
fg_0041,wh_finished_south_z01,production_lot_2026_00041,5840.0
fg_0041,wh_finished_south_z01,production_lot_2026_00241,2878.0
fg_0042,wh_finished_north_z02,production_lot_2026_00042,5941.0
fg_0042,wh_finished_north_z02,production_lot_2026_00242,3014.0
fg_0043,wh_finished_south_z03,production_lot_2026_00043,6042.0
fg_0043,wh_finished_south_z03,production_lot_2026_00243,3150.0
fg_0043,wh_raw_south_z05,lot_fg_0043_01,18878.0
fg_0044,wh_finished_north_z04,production_lot_2026_00044,6143.0
fg_0044,wh_finished_north_z04,production_lot_2026_00244,3286.0
fg_0044,wh_raw_south_z06,lot_fg_0044_02,18979.0
fg_0045,wh_finished_south_z05,production_lot_2026_00045,6244.0
fg_0045,wh_finished_south_z05,production_lot_2026_00245,3422.0
fg_0045,wh_raw_south_z07,lot_fg_0045_01,19080.0
fg_0046,wh_finished_north_z06,production_lot_2026_00046,6345.0
fg_0046,wh_finished_north_z06,production_lot_2026_00246,3558.0
fg_0047,wh_finished_south_z03,lot_fg_0047_01,12514.0
fg_0047,wh_finished_south_z07,production_lot_2026_00047,6446.0
fg_0047,wh_finished_south_z07,production_lot_2026_00247,3694.0
fg_0047,wh_raw_south_z03,lot_fg_0047_01,19754.0
fg_0048,wh_finished_north_z08,production_lot_2026_00048,6547.0
fg_0048,wh_finished_north_z08,production_lot_2026_00248,3830.0
fg_0048,wh_finished_south_z04,lot_fg_0048_02,12615.0
fg_0048,wh_raw_south_z04,lot_fg_0048_02,19855.0
fg_0049,wh_finished_south_z05,lot_fg_0049_01,12716.0
fg_0049,wh_finished_south_z09,production_lot_2026_00049,6648.0
fg_0049,wh_finished_south_z09,production_lot_2026_00249,3966.0
fg_0049,wh_raw_south_z05,lot_fg_0049_01,19956.0
fg_0050,wh_finished_north_z10,production_lot_2026_00050,6749.0
fg_0050,wh_finished_north_z10,production_lot_2026_00250,4102.0
fg_0051,wh_finished_south_z01,lot_fg_0051_01,13390.0
fg_0051,wh_finished_south_z01,production_lot_2026_00051,6850.0
fg_0051,wh_finished_south_z01,production_lot_2026_00251,4238.0
fg_0052,wh_finished_north_z02,production_lot_2026_00052,6951.0
fg_0052,wh_finished_north_z02,production_lot_2026_00252,4374.0
fg_0052,wh_finished_south_z02,lot_fg_0052_02,13491.0
fg_0053,wh_finished_south_z03,lot_fg_0053_01,13592.0
fg_0053,wh_finished_south_z03,production_lot_2026_00053,7052.0
fg_0053,wh_finished_south_z03,production_lot_2026_00253,4510.0
fg_0054,wh_finished_north_z04,production_lot_2026_00054,7153.0
fg_0054,wh_finished_north_z04,production_lot_2026_00254,4646.0
fg_0055,wh_cold_z09,lot_fg_0055_01,19026.0
fg_0055,wh_finished_south_z05,production_lot_2026_00055,7254.0
fg_0055,wh_finished_south_z05,production_lot_2026_00255,4782.0
fg_0056,wh_cold_z10,lot_fg_0056_02,19127.0
fg_0056,wh_finished_north_z06,production_lot_2026_00056,7355.0
fg_0056,wh_finished_north_z06,production_lot_2026_00256,4935.0
fg_0057,wh_cold_z01,lot_fg_0057_01,19228.0
fg_0057,wh_finished_south_z07,production_lot_2026_00057,7456.0
fg_0057,wh_finished_south_z07,production_lot_2026_00257,5071.0
fg_0058,wh_finished_north_z08,production_lot_2026_00058,7557.0
fg_0058,wh_finished_north_z08,production_lot_2026_00258,5207.0
fg_0059,wh_cold_z07,lot_fg_0059_01,19902.0
fg_0059,wh_finished_south_z09,production_lot_2026_00059,7658.0
fg_0059,wh_finished_south_z09,production_lot_2026_00259,5343.0
fg_0059,wh_raw_south_z07,lot_fg_0059_01,12662.0
fg_0060,wh_cold_z08,lot_fg_0060_02,8003.0
fg_0060,wh_finished_north_z10,production_lot_2026_00060,2075.0
fg_0060,wh_finished_north_z10,production_lot_2026_00260,5479.0
fg_0060,wh_raw_south_z08,lot_fg_0060_02,12763.0
fg_0061,wh_cold_z09,lot_fg_0061_01,8104.0
fg_0061,wh_finished_south_z01,production_lot_2026_00061,2211.0
fg_0061,wh_finished_south_z01,production_lot_2026_00261,5615.0
fg_0061,wh_raw_south_z09,lot_fg_0061_01,12864.0
fg_0062,wh_finished_north_z02,production_lot_2026_00062,2347.0
fg_0062,wh_finished_north_z02,production_lot_2026_00262,5751.0
fg_0063,wh_finished_south_z03,production_lot_2026_00063,2483.0
fg_0063,wh_finished_south_z03,production_lot_2026_00263,5887.0
fg_0063,wh_raw_south_z05,lot_fg_0063_01,13538.0
fg_0064,wh_finished_north_z04,production_lot_2026_00064,2619.0
fg_0064,wh_finished_north_z04,production_lot_2026_00264,6023.0
fg_0064,wh_raw_south_z06,lot_fg_0064_02,13639.0
fg_0065,wh_finished_south_z05,production_lot_2026_00065,2755.0
fg_0065,wh_finished_south_z05,production_lot_2026_00265,6159.0
fg_0065,wh_raw_south_z07,lot_fg_0065_01,13740.0
fg_0066,wh_finished_north_z06,production_lot_2026_00066,2891.0
fg_0066,wh_finished_north_z06,production_lot_2026_00266,6295.0
fg_0067,wh_finished_south_z03,lot_fg_0067_01,19174.0
fg_0067,wh_finished_south_z07,production_lot_2026_00067,3027.0
fg_0067,wh_finished_south_z07,production_lot_2026_00267,6431.0
fg_0068,wh_finished_north_z08,production_lot_2026_00068,3163.0
fg_0068,wh_finished_north_z08,production_lot_2026_00268,6567.0
fg_0068,wh_finished_south_z04,lot_fg_0068_02,19275.0
fg_0069,wh_finished_south_z05,lot_fg_0069_01,19376.0
fg_0069,wh_finished_south_z09,production_lot_2026_00069,3316.0
fg_0069,wh_finished_south_z09,production_lot_2026_00269,6703.0
fg_0070,wh_finished_north_z10,production_lot_2026_00070,3452.0
fg_0070,wh_finished_north_z10,production_lot_2026_00270,6839.0
fg_0071,wh_cold_z01,lot_fg_0071_01,12810.0
fg_0071,wh_finished_south_z01,production_lot_2026_00071,1870.0
fg_0071,wh_finished_south_z01,production_lot_2026_00271,6975.0
fg_0072,wh_cold_z02,lot_fg_0072_02,12911.0
fg_0072,wh_finished_north_z02,production_lot_2026_00072,1971.0
fg_0072,wh_finished_north_z02,production_lot_2026_00272,7111.0
fg_0073,wh_cold_z03,lot_fg_0073_01,13012.0
fg_0073,wh_finished_south_z03,production_lot_2026_00073,2072.0
fg_0073,wh_finished_south_z03,production_lot_2026_00273,7264.0
fg_0074,wh_finished_north_z04,production_lot_2026_00074,2173.0
fg_0074,wh_finished_north_z04,production_lot_2026_00274,7400.0
fg_0075,wh_cold_z09,lot_fg_0075_01,13686.0
fg_0075,wh_finished_south_z05,production_lot_2026_00075,2274.0
fg_0075,wh_finished_south_z05,production_lot_2026_00275,7536.0
fg_0076,wh_cold_z10,lot_fg_0076_02,13787.0
fg_0076,wh_finished_north_z06,production_lot_2026_00076,2375.0
fg_0076,wh_finished_north_z06,production_lot_2026_00276,7672.0
fg_0077,wh_cold_z01,lot_fg_0077_01,13888.0
fg_0077,wh_finished_south_z07,production_lot_2026_00077,2476.0
fg_0077,wh_finished_south_z07,production_lot_2026_00277,7808.0
fg_0078,wh_finished_north_z08,production_lot_2026_00078,2577.0
fg_0078,wh_finished_north_z08,production_lot_2026_00278,7944.0
fg_0079,wh_finished_south_z09,production_lot_2026_00079,2678.0
fg_0079,wh_finished_south_z09,production_lot_2026_00279,1878.0
fg_0079,wh_raw_south_z07,lot_fg_0079_01,19322.0
fg_0080,wh_finished_north_z10,production_lot_2026_00080,2779.0
fg_0080,wh_finished_north_z10,production_lot_2026_00280,1979.0
fg_0080,wh_raw_south_z08,lot_fg_0080_02,19423.0
fg_0081,wh_finished_south_z01,production_lot_2026_00081,2880.0
fg_0081,wh_finished_south_z01,production_lot_2026_00281,2080.0
fg_0081,wh_raw_south_z09,lot_fg_0081_01,19524.0
fg_0082,wh_finished_north_z02,production_lot_2026_00082,2981.0
fg_0082,wh_finished_north_z02,production_lot_2026_00282,2181.0
fg_0083,wh_finished_south_z03,production_lot_2026_00083,3082.0
fg_0083,wh_finished_south_z03,production_lot_2026_00283,2282.0
fg_0083,wh_finished_south_z05,lot_fg_0083_01,12958.0
fg_0084,wh_finished_north_z04,production_lot_2026_00084,3183.0
fg_0084,wh_finished_north_z04,production_lot_2026_00284,2383.0
fg_0084,wh_finished_south_z06,lot_fg_0084_02,13059.0
fg_0085,wh_finished_south_z05,production_lot_2026_00085,3284.0
fg_0085,wh_finished_south_z05,production_lot_2026_00285,2484.0
fg_0085,wh_finished_south_z07,lot_fg_0085_01,13160.0
fg_0086,wh_finished_north_z06,production_lot_2026_00086,3385.0
fg_0086,wh_finished_north_z06,production_lot_2026_00286,2585.0
fg_0087,wh_finished_south_z03,lot_fg_0087_01,13834.0
fg_0087,wh_finished_south_z07,production_lot_2026_00087,3486.0
fg_0087,wh_finished_south_z07,production_lot_2026_00287,2686.0
fg_0088,wh_finished_north_z08,production_lot_2026_00088,3587.0
fg_0088,wh_finished_north_z08,production_lot_2026_00288,2787.0
fg_0088,wh_finished_south_z04,lot_fg_0088_02,13935.0
fg_0089,wh_finished_south_z05,lot_fg_0089_01,14036.0
fg_0089,wh_finished_south_z09,production_lot_2026_00089,3688.0
fg_0089,wh_finished_south_z09,production_lot_2026_00289,2888.0
fg_0090,wh_finished_north_z10,production_lot_2026_00090,3789.0
fg_0090,wh_finished_north_z10,production_lot_2026_00290,2989.0
fg_0091,wh_cold_z01,lot_fg_0091_01,19470.0
fg_0091,wh_finished_south_z01,production_lot_2026_00091,3890.0
fg_0091,wh_finished_south_z01,production_lot_2026_00291,3090.0
fg_0092,wh_cold_z02,lot_fg_0092_02,19571.0
fg_0092,wh_finished_north_z02,production_lot_2026_00092,3991.0
fg_0092,wh_finished_north_z02,production_lot_2026_00292,3191.0
fg_0093,wh_cold_z03,lot_fg_0093_01,19672.0
fg_0093,wh_finished_south_z03,production_lot_2026_00093,4092.0
fg_0093,wh_finished_south_z03,production_lot_2026_00293,2001.0
fg_0094,wh_finished_north_z04,production_lot_2026_00094,4193.0
fg_0094,wh_finished_north_z04,production_lot_2026_00294,2137.0
fg_0095,wh_finished_south_z05,production_lot_2026_00095,4294.0
fg_0095,wh_finished_south_z05,production_lot_2026_00295,2273.0
fg_0095,wh_raw_south_z09,lot_fg_0095_01,13106.0
fg_0096,wh_finished_north_z06,production_lot_2026_00096,4395.0
fg_0096,wh_finished_north_z06,production_lot_2026_00296,2409.0
fg_0096,wh_raw_south_z10,lot_fg_0096_02,13207.0
fg_0097,wh_finished_south_z07,production_lot_2026_00097,4496.0
fg_0097,wh_finished_south_z07,production_lot_2026_00297,2545.0
fg_0097,wh_raw_south_z01,lot_fg_0097_01,13308.0
fg_0098,wh_finished_north_z08,production_lot_2026_00098,4597.0
fg_0098,wh_finished_north_z08,production_lot_2026_00298,2681.0
fg_0099,wh_finished_south_z09,production_lot_2026_00099,4698.0
fg_0099,wh_finished_south_z09,production_lot_2026_00299,2817.0
fg_0099,wh_raw_south_z07,lot_fg_0099_01,13982.0
fg_0100,wh_finished_north_z10,production_lot_2026_00100,4799.0
fg_0100,wh_finished_north_z10,production_lot_2026_00300,2953.0
fg_0100,wh_raw_south_z08,lot_fg_0100_02,14083.0
fg_0101,wh_finished_south_z01,production_lot_2026_00101,4900.0
fg_0101,wh_raw_south_z09,lot_fg_0101_01,14184.0
fg_0102,wh_finished_north_z02,production_lot_2026_00102,5001.0
fg_0103,wh_finished_south_z03,production_lot_2026_00103,5102.0
fg_0103,wh_finished_south_z05,lot_fg_0103_01,19618.0
fg_0104,wh_finished_north_z04,production_lot_2026_00104,5203.0
fg_0104,wh_finished_south_z06,lot_fg_0104_02,19719.0
fg_0105,wh_finished_south_z05,production_lot_2026_00105,5304.0
fg_0105,wh_finished_south_z07,lot_fg_0105_01,19820.0
fg_0106,wh_finished_north_z06,production_lot_2026_00106,5405.0
fg_0107,wh_cold_z03,lot_fg_0107_01,13254.0
fg_0107,wh_finished_south_z07,production_lot_2026_00107,5506.0
fg_0108,wh_cold_z04,lot_fg_0108_02,13355.0
fg_0108,wh_finished_north_z08,production_lot_2026_00108,5607.0
fg_0109,wh_cold_z05,lot_fg_0109_01,13456.0
fg_0109,wh_finished_south_z09,production_lot_2026_00109,5708.0
fg_0110,wh_finished_north_z10,production_lot_2026_00110,5809.0
fg_0111,wh_cold_z01,lot_fg_0111_01,14130.0
fg_0111,wh_finished_south_z01,production_lot_2026_00111,5910.0
fg_0112,wh_cold_z02,lot_fg_0112_02,14231.0
fg_0112,wh_finished_north_z02,production_lot_2026_00112,6011.0
fg_0113,wh_cold_z03,lot_fg_0113_01,14332.0
fg_0113,wh_finished_south_z03,production_lot_2026_00113,6112.0
fg_0114,wh_finished_north_z04,production_lot_2026_00114,6213.0
fg_0115,wh_finished_south_z05,production_lot_2026_00115,6314.0
fg_0115,wh_raw_south_z09,lot_fg_0115_01,19766.0
fg_0116,wh_finished_north_z06,production_lot_2026_00116,6415.0
fg_0116,wh_raw_south_z10,lot_fg_0116_02,19867.0
fg_0117,wh_finished_south_z07,production_lot_2026_00117,6516.0
fg_0117,wh_raw_south_z01,lot_fg_0117_01,19968.0
fg_0118,wh_finished_north_z08,production_lot_2026_00118,2014.0
fg_0119,wh_finished_south_z07,lot_fg_0119_01,13402.0
fg_0119,wh_finished_south_z09,production_lot_2026_00119,2150.0
fg_0120,wh_finished_north_z10,production_lot_2026_00120,2303.0
fg_0120,wh_finished_south_z08,lot_fg_0120_02,13503.0
fg_0121,wh_finished_south_z01,production_lot_2026_00121,2439.0
fg_0121,wh_finished_south_z09,lot_fg_0121_01,13604.0
fg_0122,wh_finished_north_z02,production_lot_2026_00122,2575.0
fg_0123,wh_finished_south_z03,production_lot_2026_00123,2711.0
fg_0123,wh_finished_south_z05,lot_fg_0123_01,14278.0
fg_0124,wh_finished_north_z04,production_lot_2026_00124,2847.0
fg_0124,wh_finished_south_z06,lot_fg_0124_02,14379.0
fg_0125,wh_finished_south_z05,production_lot_2026_00125,2983.0
fg_0125,wh_finished_south_z07,lot_fg_0125_01,14480.0
fg_0126,wh_finished_north_z06,production_lot_2026_00126,3119.0
fg_0127,wh_cold_z03,lot_fg_0127_01,19914.0
fg_0127,wh_finished_south_z07,production_lot_2026_00127,3255.0
fg_0128,wh_cold_z04,lot_fg_0128_02,8015.0
fg_0128,wh_finished_north_z08,production_lot_2026_00128,3391.0
fg_0129,wh_cold_z05,lot_fg_0129_01,8116.0
fg_0129,wh_finished_south_z09,production_lot_2026_00129,3527.0
fg_0130,wh_finished_north_z10,production_lot_2026_00130,3663.0
fg_0131,wh_finished_south_z01,production_lot_2026_00131,3799.0
fg_0131,wh_raw_south_z01,lot_fg_0131_01,13550.0
fg_0132,wh_finished_north_z02,production_lot_2026_00132,3935.0
fg_0132,wh_raw_south_z02,lot_fg_0132_02,13651.0
fg_0133,wh_finished_south_z03,production_lot_2026_00133,4071.0
fg_0133,wh_raw_south_z03,lot_fg_0133_01,13752.0
fg_0134,wh_finished_north_z04,production_lot_2026_00134,4207.0
fg_0135,wh_finished_south_z05,production_lot_2026_00135,4343.0
fg_0135,wh_raw_south_z09,lot_fg_0135_01,14426.0
fg_0136,wh_finished_north_z06,production_lot_2026_00136,4479.0
fg_0136,wh_raw_south_z10,lot_fg_0136_02,14527.0
fg_0137,wh_finished_south_z07,production_lot_2026_00137,4632.0
fg_0137,wh_raw_south_z01,lot_fg_0137_01,14628.0
fg_0138,wh_finished_north_z08,production_lot_2026_00138,4768.0
fg_0139,wh_finished_south_z07,lot_fg_0139_01,8062.0
fg_0139,wh_finished_south_z09,production_lot_2026_00139,4904.0
fg_0140,wh_finished_north_z10,production_lot_2026_00140,1839.0
fg_0140,wh_finished_south_z08,lot_fg_0140_02,8163.0
fg_0141,wh_finished_south_z01,production_lot_2026_00141,1940.0
fg_0141,wh_finished_south_z09,lot_fg_0141_01,8264.0
fg_0142,wh_finished_north_z02,production_lot_2026_00142,2041.0
fg_0143,wh_cold_z05,lot_fg_0143_01,13698.0
fg_0143,wh_finished_south_z03,production_lot_2026_00143,2142.0
fg_0144,wh_cold_z06,lot_fg_0144_02,13799.0
fg_0144,wh_finished_north_z04,production_lot_2026_00144,2243.0
fg_0145,wh_cold_z07,lot_fg_0145_01,13900.0
fg_0145,wh_finished_south_z05,production_lot_2026_00145,2344.0
fg_0146,wh_finished_north_z06,production_lot_2026_00146,2445.0
fg_0147,wh_cold_z03,lot_fg_0147_01,14574.0
fg_0147,wh_finished_south_z07,production_lot_2026_00147,2546.0
fg_0148,wh_cold_z04,lot_fg_0148_02,14675.0
fg_0148,wh_finished_north_z08,production_lot_2026_00148,2647.0
fg_0149,wh_cold_z05,lot_fg_0149_01,14776.0
fg_0149,wh_finished_south_z09,production_lot_2026_00149,2748.0
fg_0150,wh_finished_north_z10,production_lot_2026_00150,2849.0
fg_0151,wh_finished_south_z01,production_lot_2026_00151,2950.0
fg_0151,wh_raw_south_z01,lot_fg_0151_01,8210.0
fg_0152,wh_finished_north_z02,production_lot_2026_00152,3051.0
fg_0152,wh_raw_south_z02,lot_fg_0152_02,8311.0
fg_0153,wh_finished_south_z03,production_lot_2026_00153,3152.0
fg_0153,wh_raw_south_z03,lot_fg_0153_01,8412.0
fg_0154,wh_finished_north_z04,production_lot_2026_00154,3253.0
fg_0155,wh_finished_south_z05,production_lot_2026_00155,3354.0
fg_0155,wh_finished_south_z09,lot_fg_0155_01,13846.0
fg_0156,wh_finished_north_z06,production_lot_2026_00156,3455.0
fg_0156,wh_finished_south_z10,lot_fg_0156_02,13947.0
fg_0157,wh_finished_south_z01,lot_fg_0157_01,14048.0
fg_0157,wh_finished_south_z07,production_lot_2026_00157,3556.0
fg_0158,wh_finished_north_z08,production_lot_2026_00158,3657.0
fg_0159,wh_finished_south_z07,lot_fg_0159_01,14722.0
fg_0159,wh_finished_south_z09,production_lot_2026_00159,3758.0
fg_0160,wh_finished_north_z10,production_lot_2026_00160,3859.0
fg_0160,wh_finished_south_z08,lot_fg_0160_02,14823.0
fg_0161,wh_finished_south_z01,production_lot_2026_00161,3960.0
fg_0161,wh_finished_south_z09,lot_fg_0161_01,14924.0
fg_0162,wh_finished_north_z02,production_lot_2026_00162,4061.0
fg_0163,wh_cold_z05,lot_fg_0163_01,8358.0
fg_0163,wh_finished_south_z03,production_lot_2026_00163,4162.0
fg_0164,wh_cold_z06,lot_fg_0164_02,8459.0
fg_0164,wh_finished_north_z04,production_lot_2026_00164,4263.0
fg_0165,wh_cold_z07,lot_fg_0165_01,8560.0
fg_0165,wh_finished_south_z05,production_lot_2026_00165,4364.0
fg_0166,wh_finished_north_z06,production_lot_2026_00166,4465.0
fg_0167,wh_finished_south_z07,production_lot_2026_00167,4566.0
fg_0167,wh_raw_south_z03,lot_fg_0167_01,13994.0
fg_0168,wh_finished_north_z08,production_lot_2026_00168,4667.0
fg_0168,wh_raw_south_z04,lot_fg_0168_02,14095.0
fg_0169,wh_finished_south_z09,production_lot_2026_00169,4768.0
fg_0169,wh_raw_south_z05,lot_fg_0169_01,14196.0
fg_0170,wh_finished_north_z10,production_lot_2026_00170,4869.0
fg_0171,wh_finished_south_z01,production_lot_2026_00171,4970.0
fg_0171,wh_raw_south_z01,lot_fg_0171_01,14870.0
fg_0172,wh_finished_north_z02,production_lot_2026_00172,5071.0
fg_0172,wh_raw_south_z02,lot_fg_0172_02,14971.0
fg_0173,wh_finished_south_z03,production_lot_2026_00173,5172.0
fg_0173,wh_raw_south_z03,lot_fg_0173_01,15072.0
fg_0174,wh_finished_north_z04,production_lot_2026_00174,5273.0
fg_0175,wh_finished_south_z05,production_lot_2026_00175,5374.0
fg_0175,wh_finished_south_z09,lot_fg_0175_01,8506.0
fg_0176,wh_finished_north_z06,production_lot_2026_00176,5475.0
fg_0176,wh_finished_south_z10,lot_fg_0176_02,8607.0
fg_0177,wh_finished_south_z01,lot_fg_0177_01,8708.0
fg_0177,wh_finished_south_z07,production_lot_2026_00177,2106.0
fg_0178,wh_finished_north_z08,production_lot_2026_00178,2242.0
fg_0179,wh_cold_z07,lot_fg_0179_01,14142.0
fg_0179,wh_finished_south_z09,production_lot_2026_00179,2378.0
fg_0180,wh_cold_z08,lot_fg_0180_02,14243.0
fg_0180,wh_finished_north_z10,production_lot_2026_00180,2514.0
fg_0181,wh_cold_z09,lot_fg_0181_01,14344.0
fg_0181,wh_finished_south_z01,production_lot_2026_00181,2650.0
fg_0182,wh_finished_north_z02,production_lot_2026_00182,2786.0
fg_0183,wh_cold_z05,lot_fg_0183_01,15018.0
fg_0183,wh_finished_south_z03,production_lot_2026_00183,2922.0
fg_0184,wh_cold_z06,lot_fg_0184_02,15119.0
fg_0184,wh_finished_north_z04,production_lot_2026_00184,3058.0
fg_0185,wh_cold_z07,lot_fg_0185_01,15220.0
fg_0185,wh_finished_south_z05,production_lot_2026_00185,3194.0
fg_0186,wh_finished_north_z06,production_lot_2026_00186,3330.0
fg_0187,wh_finished_south_z07,production_lot_2026_00187,3466.0
fg_0187,wh_raw_south_z03,lot_fg_0187_01,8654.0
fg_0188,wh_finished_north_z08,production_lot_2026_00188,3619.0
fg_0188,wh_raw_south_z04,lot_fg_0188_02,8755.0
fg_0189,wh_finished_south_z09,production_lot_2026_00189,3755.0
fg_0189,wh_raw_south_z05,lot_fg_0189_01,8856.0
fg_0190,wh_finished_north_z10,production_lot_2026_00190,3891.0
fg_0191,wh_finished_south_z01,lot_fg_0191_01,14290.0
fg_0191,wh_finished_south_z01,production_lot_2026_00191,4027.0
fg_0192,wh_finished_north_z02,production_lot_2026_00192,4163.0
fg_0192,wh_finished_south_z02,lot_fg_0192_02,14391.0
fg_0193,wh_finished_south_z03,lot_fg_0193_01,14492.0
fg_0193,wh_finished_south_z03,production_lot_2026_00193,4299.0
fg_0194,wh_finished_north_z04,production_lot_2026_00194,4435.0
fg_0195,wh_finished_south_z05,production_lot_2026_00195,4571.0
fg_0195,wh_finished_south_z09,lot_fg_0195_01,15166.0
fg_0196,wh_finished_north_z06,production_lot_2026_00196,4707.0
fg_0196,wh_finished_south_z10,lot_fg_0196_02,15267.0
fg_0197,wh_finished_south_z01,lot_fg_0197_01,15368.0
fg_0197,wh_finished_south_z07,production_lot_2026_00197,4843.0
fg_0198,wh_finished_north_z08,production_lot_2026_00198,4979.0
fg_0199,wh_cold_z07,lot_fg_0199_01,8802.0
fg_0199,wh_finished_south_z09,production_lot_2026_00199,5115.0
fg_0200,wh_cold_z08,lot_fg_0200_02,8903.0
fg_0200,wh_finished_north_z10,production_lot_2026_00200,5251.0
rm_0001,wh_cold_z09,lot_rm_0001_01,8921.0
rm_0003,wh_raw_south_z05,lot_rm_0003_01,14411.0
rm_0004,wh_raw_south_z06,lot_rm_0004_02,14539.0
rm_0005,wh_raw_south_z07,lot_rm_0005_01,14640.0
rm_0007,wh_finished_south_z03,lot_rm_0007_01,8074.0
rm_0007,wh_raw_south_z03,lot_rm_0007_01,15314.0
rm_0008,wh_finished_south_z04,lot_rm_0008_02,8175.0
rm_0008,wh_raw_south_z04,lot_rm_0008_02,15387.0
rm_0009,wh_finished_south_z05,lot_rm_0009_01,8276.0
rm_0009,wh_raw_south_z05,lot_rm_0009_01,15485.0
rm_0011,wh_finished_south_z01,lot_rm_0011_01,8950.0
rm_0012,wh_finished_south_z02,lot_rm_0012_02,9051.0
rm_0013,wh_finished_south_z03,lot_rm_0013_01,9152.0
rm_0015,wh_cold_z09,lot_rm_0015_01,14550.0
rm_0016,wh_cold_z10,lot_rm_0016_02,14616.0
rm_0017,wh_cold_z01,lot_rm_0017_01,14705.0
rm_0019,wh_cold_z07,lot_rm_0019_01,15379.0
rm_0019,wh_raw_south_z07,lot_rm_0019_01,8222.0
rm_0020,wh_cold_z08,lot_rm_0020_02,15508.0
rm_0020,wh_raw_south_z08,lot_rm_0020_02,8323.0
rm_0021,wh_cold_z09,lot_rm_0021_01,15617.0
rm_0021,wh_raw_south_z09,lot_rm_0021_01,8328.0
rm_0023,wh_raw_south_z05,lot_rm_0023_01,8994.0
rm_0024,wh_raw_south_z06,lot_rm_0024_02,9083.0
rm_0025,wh_raw_south_z07,lot_rm_0025_01,9300.0
rm_0027,wh_finished_south_z03,lot_rm_0027_01,14734.0
rm_0028,wh_finished_south_z04,lot_rm_0028_02,14823.0
rm_0029,wh_finished_south_z05,lot_rm_0029_01,14921.0
rm_0031,wh_cold_z01,lot_rm_0031_01,8323.0
rm_0031,wh_finished_south_z01,lot_rm_0031_01,15598.0
rm_0032,wh_cold_z02,lot_rm_0032_02,8471.0
rm_0032,wh_finished_south_z02,lot_rm_0032_02,15684.0
rm_0033,wh_cold_z03,lot_rm_0033_01,8572.0
rm_0033,wh_finished_south_z03,lot_rm_0033_01,15797.0
rm_0035,wh_cold_z09,lot_rm_0035_01,9235.0
rm_0036,wh_cold_z10,lot_rm_0036_02,9347.0
rm_0037,wh_cold_z01,lot_rm_0037_01,9388.0
rm_0037,wh_finished_north_z09,lot_rm_0037_01,23.0
rm_0037,wh_packaging_z05,lot_rm_0037_01,19.0
rm_0037,wh_packaging_z07,lot_rm_0037_01,11.0
rm_0037,wh_raw_north_z03,lot_rm_0037_01,7.0
rm_0039,wh_raw_south_z07,lot_rm_0039_01,14810.0
rm_0040,wh_finished_north_z07,lot_rm_0040_02,11.0
rm_0040,wh_packaging_z03,lot_rm_0040_02,7.0
rm_0040,wh_raw_north_z01,lot_rm_0040_02,15.0
rm_0040,wh_raw_north_z09,lot_rm_0040_02,23.0
rm_0040,wh_raw_south_z08,lot_rm_0040_02,14849.0
rm_0041,wh_raw_south_z09,lot_rm_0041_01,15084.0
rm_0043,wh_finished_south_z05,lot_rm_0043_01,8518.0
rm_0043,wh_raw_south_z05,lot_rm_0043_01,15758.0
rm_0044,wh_finished_north_z01,lot_rm_0044_02,15.0
rm_0044,wh_finished_north_z03,lot_rm_0044_02,14.0
rm_0044,wh_finished_north_z05,lot_rm_0044_02,19.0
rm_0044,wh_finished_south_z06,lot_rm_0044_02,8567.0
rm_0044,wh_packaging_z01,lot_rm_0044_02,15.0
rm_0044,wh_packaging_z09,lot_rm_0044_02,23.0
rm_0044,wh_raw_north_z05,lot_rm_0044_02,19.0
rm_0044,wh_raw_north_z07,lot_rm_0044_02,11.0
rm_0044,wh_raw_south_z06,lot_rm_0044_02,15795.0
rm_0045,wh_finished_south_z07,lot_rm_0045_01,8720.0
rm_0045,wh_raw_south_z07,lot_rm_0045_01,15916.0
rm_0047,wh_finished_south_z03,lot_rm_0047_01,9394.0
rm_0048,wh_finished_south_z04,lot_rm_0048_02,9495.0
rm_0049,wh_finished_south_z05,,9596.0
rm_0051,wh_cold_z01,,15019.0
rm_0052,wh_cold_z02,,15091.0
rm_0053,wh_cold_z03,,15153.0
rm_0055,wh_cold_z09,,15870.0
rm_0055,wh_raw_south_z09,,8558.0
rm_0056,wh_cold_z10,,15968.0
rm_0056,wh_raw_south_z10,,8767.0
rm_0057,wh_cold_z01,,16060.0
rm_0057,wh_raw_south_z01,,8868.0
rm_0059,wh_raw_south_z07,,9542.0
rm_0060,wh_raw_south_z08,,9555.0
rm_0061,wh_raw_south_z09,,9647.0
rm_0063,wh_finished_south_z05,,15178.0
rm_0064,wh_finished_south_z06,,15279.0
rm_0065,wh_finished_south_z07,lot_rm_0065_01,15364.0
rm_0067,wh_cold_z03,lot_rm_0067_01,8766.0
rm_0067,wh_finished_south_z03,lot_rm_0067_01,16054.0
rm_0068,wh_cold_z04,lot_rm_0068_02,8904.0
rm_0068,wh_finished_south_z04,lot_rm_0068_02,16139.0
rm_0069,wh_cold_z05,lot_rm_0069_01,9016.0
rm_0069,wh_finished_south_z05,lot_rm_0069_01,16221.0
rm_0071,wh_cold_z01,lot_rm_0071_01,9690.0
rm_0072,wh_cold_z02,lot_rm_0072_02,9791.0
rm_0073,wh_cold_z03,lot_rm_0073_01,9892.0
rm_0075,wh_raw_south_z09,lot_rm_0075_01,15326.0
rm_0076,wh_raw_south_z10,lot_rm_0076_02,15335.0
rm_0077,wh_raw_south_z01,lot_rm_0077_01,15470.0
rm_0079,wh_finished_south_z07,lot_rm_0079_01,8962.0
rm_0079,wh_raw_south_z07,lot_rm_0079_01,16155.0
rm_0080,wh_finished_south_z08,lot_rm_0080_02,9063.0
rm_0080,wh_raw_south_z08,lot_rm_0080_02,16303.0
rm_0081,wh_finished_south_z09,lot_rm_0081_01,9132.0
rm_0081,wh_raw_south_z09,lot_rm_0081_01,16404.0
rm_0083,wh_finished_south_z05,lot_rm_0083_01,9838.0
rm_0084,wh_finished_south_z06,lot_rm_0084_02,9907.0
rm_0085,wh_finished_south_z07,lot_rm_0085_01,9973.0
rm_0087,wh_cold_z03,lot_rm_0087_01,15435.0
rm_0088,wh_cold_z04,lot_rm_0088_02,15575.0
rm_0089,wh_cold_z05,lot_rm_0089_01,15676.0
rm_0091,wh_cold_z01,lot_rm_0091_01,16339.0
rm_0091,wh_raw_south_z01,lot_rm_0091_01,9050.0
rm_0092,wh_cold_z02,lot_rm_0092_02,16411.0
rm_0092,wh_raw_south_z02,lot_rm_0092_02,9145.0
rm_0093,wh_cold_z03,lot_rm_0093_01,16509.0
rm_0093,wh_raw_south_z03,lot_rm_0093_01,9312.0
rm_0095,wh_raw_south_z09,lot_rm_0095_01,9986.0
rm_0096,wh_raw_south_z10,lot_rm_0096_02,10087.0
rm_0097,wh_raw_south_z01,lot_rm_0097_01,10188.0
rm_0099,wh_finished_south_z07,lot_rm_0099_01,15603.0
rm_0100,wh_finished_south_z08,lot_rm_0100_02,15723.0
rm_0101,wh_finished_south_z09,lot_rm_0101_01,15792.0
rm_0103,wh_cold_z05,lot_rm_0103_01,9258.0
rm_0103,wh_finished_south_z05,lot_rm_0103_01,16479.0
rm_0104,wh_cold_z06,lot_rm_0104_02,9359.0
rm_0104,wh_finished_south_z06,lot_rm_0104_02,16567.0
rm_0105,wh_cold_z07,lot_rm_0105_01,9460.0
rm_0105,wh_finished_south_z07,lot_rm_0105_01,16645.0
rm_0107,wh_cold_z03,lot_rm_0107_01,10134.0
rm_0108,wh_cold_z04,lot_rm_0108_02,10235.0
rm_0109,wh_cold_z05,lot_rm_0109_01,10336.0
rm_0111,wh_raw_south_z01,lot_rm_0111_01,15770.0
rm_0112,wh_raw_south_z02,lot_rm_0112_02,15871.0
rm_0113,wh_raw_south_z03,,15924.0
rm_0115,wh_finished_south_z09,,9351.0
rm_0115,wh_raw_south_z09,,16598.0
rm_0116,wh_finished_south_z10,,9464.0
rm_0116,wh_raw_south_z10,,16736.0
rm_0117,wh_finished_south_z01,,9537.0
rm_0117,wh_raw_south_z01,,16848.0
rm_0119,wh_finished_south_z07,,10227.0
rm_0120,wh_finished_north_z01,,15.0
rm_0120,wh_finished_north_z09,,23.0
rm_0120,wh_finished_south_z08,,10256.0
rm_0120,wh_packaging_z07,,11.0
rm_0120,wh_raw_north_z03,,7.0
rm_0121,wh_finished_south_z09,,10437.0
rm_0123,wh_cold_z05,,15826.0
rm_0123,wh_finished_north_z07,,11.0
rm_0123,wh_packaging_z03,,7.0
rm_0123,wh_packaging_z05,,19.0
rm_0123,wh_raw_north_z01,,15.0
rm_0124,wh_cold_z06,,15976.0
rm_0125,wh_cold_z07,,16120.0
rm_0127,wh_cold_z03,,16734.0
rm_0127,wh_finished_north_z03,,7.0
rm_0127,wh_finished_north_z05,,19.0
rm_0127,wh_packaging_z01,,15.0
rm_0127,wh_packaging_z09,,23.0
rm_0127,wh_raw_north_z05,,19.0
rm_0127,wh_raw_north_z07,,22.0
rm_0127,wh_raw_north_z09,,23.0
rm_0127,wh_raw_south_z03,,9486.0
rm_0128,wh_cold_z04,,16895.0
rm_0128,wh_raw_south_z04,,9655.0
rm_0129,wh_cold_z05,lot_rm_0129_01,16996.0
rm_0129,wh_raw_south_z05,lot_rm_0129_01,9756.0
rm_0131,wh_raw_south_z01,lot_rm_0131_01,10430.0
rm_0132,wh_raw_south_z02,lot_rm_0132_02,10531.0
rm_0133,wh_raw_south_z03,lot_rm_0133_01,10632.0
rm_0135,wh_finished_south_z09,lot_rm_0135_01,16011.0
rm_0136,wh_finished_south_z10,lot_rm_0136_02,16144.0
rm_0137,wh_finished_south_z01,lot_rm_0137_01,16268.0
rm_0139,wh_cold_z07,lot_rm_0139_01,9702.0
rm_0139,wh_finished_south_z07,lot_rm_0139_01,16899.0
rm_0140,wh_cold_z08,lot_rm_0140_02,9803.0
rm_0140,wh_finished_south_z08,lot_rm_0140_02,17020.0
rm_0141,wh_cold_z09,lot_rm_0141_01,9904.0
rm_0141,wh_finished_south_z09,lot_rm_0141_01,17108.0
rm_0143,wh_cold_z05,lot_rm_0143_01,10578.0
rm_0144,wh_cold_z06,lot_rm_0144_02,10679.0
rm_0145,wh_cold_z07,lot_rm_0145_01,10780.0
rm_0147,wh_raw_south_z03,lot_rm_0147_01,16203.0
rm_0148,wh_raw_south_z04,lot_rm_0148_02,16315.0
rm_0149,wh_raw_south_z05,lot_rm_0149_01,16416.0
rm_0151,wh_finished_south_z01,lot_rm_0151_01,9803.0
rm_0151,wh_raw_south_z01,lot_rm_0151_01,17090.0
rm_0152,wh_finished_south_z02,lot_rm_0152_02,9888.0
rm_0152,wh_raw_south_z02,lot_rm_0152_02,17191.0
rm_0153,wh_finished_south_z03,lot_rm_0153_01,10001.0
rm_0153,wh_raw_south_z03,lot_rm_0153_01,17292.0
rm_0155,wh_finished_south_z09,lot_rm_0155_01,10651.0
rm_0156,wh_finished_south_z10,lot_rm_0156_02,10764.0
rm_0157,wh_finished_south_z01,lot_rm_0157_01,10901.0
rm_0159,wh_cold_z07,lot_rm_0159_01,16362.0
rm_0160,wh_cold_z08,lot_rm_0160_02,16463.0
rm_0161,wh_cold_z09,lot_rm_0161_01,16564.0
rm_0163,wh_cold_z05,lot_rm_0163_01,17238.0
rm_0163,wh_raw_south_z05,lot_rm_0163_01,9998.0
rm_0164,wh_cold_z06,lot_rm_0164_02,17339.0
rm_0164,wh_raw_south_z06,lot_rm_0164_02,10099.0
rm_0165,wh_cold_z07,lot_rm_0165_01,17440.0
rm_0165,wh_raw_south_z07,lot_rm_0165_01,10200.0
rm_0167,wh_raw_south_z03,lot_rm_0167_01,10874.0
rm_0168,wh_raw_south_z04,lot_rm_0168_02,10975.0
rm_0169,wh_raw_south_z05,lot_rm_0169_01,11076.0
rm_0171,wh_finished_south_z01,lot_rm_0171_01,16474.0
rm_0172,wh_finished_south_z02,lot_rm_0172_02,16572.0
rm_0173,wh_finished_south_z03,lot_rm_0173_01,16712.0
rm_0175,wh_cold_z09,lot_rm_0175_01,10146.0
rm_0175,wh_finished_south_z09,lot_rm_0175_01,17347.0
rm_0176,wh_cold_z10,lot_rm_0176_02,10247.0
rm_0176,wh_finished_south_z10,lot_rm_0176_02,17487.0
rm_0177,wh_cold_z01,,10348.0
rm_0177,wh_finished_south_z01,,17588.0
rm_0179,wh_cold_z07,,11022.0
rm_0180,wh_cold_z08,,11123.0
rm_0181,wh_cold_z09,,11224.0
rm_0183,wh_raw_south_z05,,16658.0
rm_0184,wh_raw_south_z06,,16759.0
rm_0185,wh_raw_south_z07,,16860.0
rm_0187,wh_finished_south_z03,,10267.0
rm_0187,wh_raw_south_z03,,17534.0
rm_0188,wh_finished_south_z04,,10355.0
rm_0188,wh_raw_south_z04,,17635.0
rm_0189,wh_finished_south_z05,,10425.0
rm_0189,wh_raw_south_z05,,17736.0
rm_0191,wh_finished_south_z01,,11130.0
rm_0192,wh_finished_south_z02,,11188.0
rm_0193,wh_finished_south_z03,lot_rm_0193_01,11301.0
rm_0195,wh_cold_z09,lot_rm_0195_01,16806.0
rm_0196,wh_cold_z10,lot_rm_0196_02,16895.0
rm_0197,wh_cold_z01,lot_rm_0197_01,16925.0
rm_0197,wh_finished_north_z07,lot_rm_0197_01,11.0
rm_0197,wh_finished_north_z09,lot_rm_0197_01,23.0
rm_0197,wh_packaging_z05,lot_rm_0197_01,19.0
rm_0197,wh_raw_north_z01,lot_rm_0197_01,15.0
rm_0199,wh_cold_z07,lot_rm_0199_01,17682.0
rm_0199,wh_raw_south_z07,lot_rm_0199_01,10442.0
rm_0200,wh_cold_z08,lot_rm_0200_02,17759.0
rm_0200,wh_raw_south_z08,lot_rm_0200_02,10543.0
rm_0201,wh_cold_z09,lot_rm_0201_01,17816.0
rm_0201,wh_finished_north_z03,lot_rm_0201_01,7.0
rm_0201,wh_finished_north_z05,lot_rm_0201_01,19.0
rm_0201,wh_packaging_z01,lot_rm_0201_01,15.0
rm_0201,wh_packaging_z03,lot_rm_0201_01,7.0
rm_0201,wh_packaging_z09,lot_rm_0201_01,23.0
rm_0201,wh_raw_north_z07,lot_rm_0201_01,11.0
rm_0201,wh_raw_north_z09,lot_rm_0201_01,23.0
rm_0201,wh_raw_south_z09,lot_rm_0201_01,10580.0
rm_0203,wh_finished_north_z01,lot_rm_0203_01,15.0
rm_0203,wh_packaging_z07,lot_rm_0203_01,11.0
rm_0203,wh_raw_north_z03,lot_rm_0203_01,7.0
rm_0203,wh_raw_north_z05,lot_rm_0203_01,19.0
rm_0203,wh_raw_south_z05,lot_rm_0203_01,11266.0
rm_0204,wh_raw_south_z06,lot_rm_0204_02,11419.0
rm_0205,wh_raw_south_z07,lot_rm_0205_01,11520.0
rm_0207,wh_finished_south_z03,lot_rm_0207_01,16954.0
rm_0208,wh_finished_south_z04,lot_rm_0208_02,17015.0
rm_0209,wh_finished_south_z05,lot_rm_0209_01,17113.0
rm_0211,wh_cold_z01,lot_rm_0211_01,10590.0
rm_0211,wh_finished_south_z01,lot_rm_0211_01,17790.0
rm_0212,wh_cold_z02,lot_rm_0212_02,10691.0
rm_0212,wh_finished_south_z02,lot_rm_0212_02,17888.0
rm_0213,wh_cold_z03,lot_rm_0213_01,10780.0
rm_0213,wh_finished_south_z03,lot_rm_0213_01,18032.0
rm_0215,wh_cold_z09,lot_rm_0215_01,11466.0
rm_0216,wh_cold_z10,lot_rm_0216_02,11567.0
rm_0217,wh_cold_z01,lot_rm_0217_01,11668.0
rm_0219,wh_raw_south_z07,lot_rm_0219_01,17102.0
rm_0220,wh_raw_south_z08,lot_rm_0220_02,17183.0
rm_0221,wh_raw_south_z09,lot_rm_0221_01,17281.0
rm_0223,wh_finished_south_z05,lot_rm_0223_01,10679.0
rm_0223,wh_raw_south_z05,lot_rm_0223_01,17978.0
rm_0224,wh_finished_south_z06,lot_rm_0224_02,10808.0
rm_0224,wh_raw_south_z06,lot_rm_0224_02,18079.0
rm_0225,wh_finished_south_z07,lot_rm_0225_01,10940.0
rm_0225,wh_raw_south_z07,lot_rm_0225_01,18180.0
rm_0227,wh_finished_south_z03,lot_rm_0227_01,11583.0
rm_0228,wh_finished_south_z04,lot_rm_0228_02,11715.0
rm_0229,wh_finished_south_z05,lot_rm_0229_01,11816.0
rm_0231,wh_cold_z01,lot_rm_0231_01,17226.0
rm_0232,wh_cold_z02,lot_rm_0232_02,17324.0
rm_0233,wh_cold_z03,lot_rm_0233_01,17436.0
rm_0235,wh_cold_z09,lot_rm_0235_01,18126.0
rm_0235,wh_raw_south_z09,lot_rm_0235_01,10886.0
rm_0236,wh_cold_z10,lot_rm_0236_02,18215.0
rm_0236,wh_raw_south_z10,lot_rm_0236_02,10987.0
rm_0237,wh_cold_z01,lot_rm_0237_01,18285.0
rm_0237,wh_raw_south_z01,lot_rm_0237_01,11088.0
rm_0239,wh_raw_south_z07,lot_rm_0239_01,11762.0
rm_0240,wh_raw_south_z08,lot_rm_0240_02,11863.0
rm_0241,wh_raw_south_z09,,11944.0
rm_0243,wh_finished_south_z05,,17398.0
rm_0244,wh_finished_south_z06,,17499.0
rm_0245,wh_finished_south_z07,,17600.0
rm_0247,wh_cold_z03,,11019.0
rm_0247,wh_finished_south_z03,,18274.0
rm_0248,wh_cold_z04,,11135.0
rm_0248,wh_finished_south_z04,,18375.0
rm_0249,wh_cold_z05,,11236.0
rm_0249,wh_finished_south_z05,,18476.0
rm_0251,wh_cold_z01,,11898.0
rm_0252,wh_cold_z02,,11996.0
rm_0253,wh_cold_z03,,12068.0
rm_0255,wh_raw_south_z09,,17546.0
rm_0256,wh_raw_south_z10,,17647.0
rm_0257,wh_raw_south_z01,lot_rm_0257_01,17668.0
rm_0259,wh_finished_south_z07,lot_rm_0259_01,11182.0
rm_0259,wh_raw_south_z07,lot_rm_0259_01,18402.0
rm_0260,wh_finished_south_z08,lot_rm_0260_02,11283.0
rm_0260,wh_raw_south_z08,lot_rm_0260_02,18500.0
rm_0261,wh_finished_south_z09,lot_rm_0261_01,11384.0
rm_0261,wh_raw_south_z09,lot_rm_0261_01,18624.0
rm_0263,wh_finished_south_z05,lot_rm_0263_01,12058.0
rm_0264,wh_finished_south_z06,lot_rm_0264_02,12159.0
rm_0265,wh_finished_south_z07,lot_rm_0265_01,12260.0
rm_0267,wh_cold_z03,lot_rm_0267_01,17663.0
rm_0268,wh_cold_z04,lot_rm_0268_02,17752.0
rm_0269,wh_cold_z05,lot_rm_0269_01,17821.0
rm_0271,wh_cold_z01,lot_rm_0271_01,18515.0
rm_0271,wh_raw_south_z01,lot_rm_0271_01,11330.0
rm_0272,wh_cold_z02,lot_rm_0272_02,18644.0
rm_0272,wh_raw_south_z02,lot_rm_0272_02,11411.0
rm_0273,wh_cold_z03,lot_rm_0273_01,18756.0
rm_0273,wh_raw_south_z03,lot_rm_0273_01,11509.0
rm_0275,wh_raw_south_z09,lot_rm_0275_01,12183.0
rm_0276,wh_raw_south_z10,lot_rm_0276_02,12307.0
rm_0277,wh_finished_north_z01,lot_rm_0277_01,15.0
rm_0277,wh_packaging_z07,lot_rm_0277_01,11.0
rm_0277,wh_packaging_z09,lot_rm_0277_01,23.0
rm_0277,wh_raw_north_z05,lot_rm_0277_01,19.0
rm_0277,wh_raw_south_z01,lot_rm_0277_01,12340.0
rm_0279,wh_finished_south_z07,lot_rm_0279_01,17842.0
rm_0280,wh_finished_north_z09,lot_rm_0280_02,23.0
rm_0280,wh_finished_south_z08,lot_rm_0280_02,17879.0
rm_0280,wh_packaging_z05,lot_rm_0280_02,19.0
rm_0280,wh_raw_north_z01,lot_rm_0280_02,15.0
rm_0280,wh_raw_north_z03,lot_rm_0280_02,7.0
rm_0281,wh_finished_south_z09,lot_rm_0281_01,18044.0
rm_0283,wh_cold_z05,lot_rm_0283_01,11462.0
rm_0283,wh_finished_south_z05,lot_rm_0283_01,18718.0
rm_0284,wh_cold_z06,lot_rm_0284_02,11468.0
rm_0284,wh_finished_north_z03,lot_rm_0284_02,7.0
rm_0284,wh_finished_north_z05,lot_rm_0284_02,19.0
rm_0284,wh_finished_north_z07,lot_rm_0284_02,11.0
rm_0284,wh_finished_south_z06,lot_rm_0284_02,18786.0
rm_0284,wh_packaging_z01,lot_rm_0284_02,15.0
rm_0284,wh_packaging_z03,lot_rm_0284_02,7.0
rm_0284,wh_raw_north_z07,lot_rm_0284_02,11.0
rm_0284,wh_raw_north_z09,lot_rm_0284_02,23.0
rm_0285,wh_cold_z07,lot_rm_0285_01,11645.0
rm_0285,wh_finished_south_z07,lot_rm_0285_01,18920.0
rm_0287,wh_cold_z03,lot_rm_0287_01,12307.0
rm_0288,wh_cold_z04,lot_rm_0288_02,12439.0
rm_0289,wh_cold_z05,lot_rm_0289_01,12505.0
rm_0291,wh_raw_south_z01,lot_rm_0291_01,17901.0
rm_0292,wh_raw_south_z02,lot_rm_0292_02,18091.0
rm_0293,wh_raw_south_z03,lot_rm_0293_01,18192.0
rm_0295,wh_finished_south_z09,lot_rm_0295_01,11626.0
rm_0295,wh_raw_south_z09,lot_rm_0295_01,18866.0
rm_0296,wh_finished_south_z10,lot_rm_0296_02,11727.0
rm_0296,wh_raw_south_z10,lot_rm_0296_02,18895.0
rm_0297,wh_finished_south_z01,lot_rm_0297_01,11828.0
rm_0297,wh_raw_south_z01,lot_rm_0297_01,18987.0
rm_0299,wh_finished_south_z07,lot_rm_0299_01,12502.0
rm_0300,wh_finished_south_z08,lot_rm_0300_02,12603.0
rm_0301,wh_finished_south_z09,lot_rm_0301_01,12704.0
rm_0303,wh_cold_z05,lot_rm_0303_01,18091.0
rm_0304,wh_cold_z06,lot_rm_0304_02,18223.0
rm_0305,wh_cold_z07,,18289.0
rm_0307,wh_cold_z03,,18963.0
rm_0307,wh_raw_south_z03,,11774.0
rm_0308,wh_cold_z04,,19052.0
rm_0308,wh_raw_south_z04,,11875.0
rm_0309,wh_cold_z05,,19141.0
rm_0309,wh_raw_south_z05,,11952.0
rm_0311,wh_raw_south_z01,,12626.0
rm_0312,wh_raw_south_z02,,12724.0
rm_0313,wh_raw_south_z03,,12852.0
rm_0315,wh_finished_south_z09,,18286.0
rm_0316,wh_finished_south_z10,,18387.0
rm_0317,wh_finished_south_z01,,18488.0
rm_0319,wh_cold_z07,,11878.0
rm_0319,wh_finished_south_z07,,19162.0
rm_0320,wh_cold_z08,,11976.0
rm_0320,wh_finished_south_z08,,19263.0
