transfer_code,source_warehouse_code,destination_warehouse_code,status,idempotency_key,posted_at,notes
transfer_2026_00001,wh_finished_south,wh_raw_north,draft,transfer_2026_00001,2026-01-01T13:00:00+07:00,Điều chuyển cân đối tồn kho.
transfer_2026_00002,wh_raw_south,wh_finished_south,pending,transfer_2026_00002,2026-04-08T13:00:00+07:00,Điều chuyển cân đối tồn kho.
transfer_2026_00003,wh_finished_south,wh_finished_north,posted,transfer_2026_00003,2026-07-15T13:00:00+07:00,Điều chuyển cân đối tồn kho.
transfer_2026_00004,wh_cold,wh_packaging,cancelled,transfer_2026_00004,2026-01-22T13:00:00+07:00,Điều chuyển cân đối tồn kho.
transfer_2026_00005,wh_finished_south,wh_packaging,draft,transfer_2026_00005,2026-04-05T13:00:00+07:00,Điều chuyển cân đối tồn kho.
transfer_2026_00006,wh_cold,wh_raw_south,pending,transfer_2026_00006,2026-07-12T13:00:00+07:00,Điều chuyển cân đối tồn kho.
transfer_2026_00007,wh_raw_south,wh_raw_north,posted,transfer_2026_00007,2026-01-19T13:00:00+07:00,Điều chuyển cân đối tồn kho.
transfer_2026_00008,wh_cold,wh_finished_south,cancelled,transfer_2026_00008,2026-04-02T13:00:00+07:00,Điều chuyển cân đối tồn kho.
transfer_2026_00009,wh_raw_south,wh_finished_north,draft,transfer_2026_00009,2026-07-09T13:00:00+07:00,Điều chuyển cân đối tồn kho.
transfer_2026_00010,wh_finished_south,wh_cold,pending,transfer_2026_00010,2026-01-16T13:00:00+07:00,Điều chuyển cân đối tồn kho.
transfer_2026_00011,wh_raw_south,wh_packaging,posted,transfer_2026_00011,2026-04-23T13:00:00+07:00,Điều chuyển cân đối tồn kho.
transfer_2026_00012,wh_finished_south,wh_raw_south,cancelled,transfer_2026_00012,2026-07-06T13:00:00+07:00,Điều chuyển cân đối tồn kho.
transfer_2026_00013,wh_cold,wh_raw_north,draft,transfer_2026_00013,2026-01-13T13:00:00+07:00,Điều chuyển cân đối tồn kho.
transfer_2026_00014,wh_finished_south,wh_finished_north,pending,transfer_2026_00014,2026-04-20T13:00:00+07:00,Điều chuyển cân đối tồn kho.
transfer_2026_00015,wh_cold,wh_finished_north,posted,transfer_2026_00015,2026-07-03T13:00:00+07:00,Điều chuyển cân đối tồn kho.
transfer_2026_00016,wh_raw_south,wh_cold,cancelled,transfer_2026_00016,2026-01-10T13:00:00+07:00,Điều chuyển cân đối tồn kho.
transfer_2026_00017,wh_raw_south,wh_packaging,draft,transfer_2026_00017,2026-04-17T13:00:00+07:00,Điều chuyển cân đối tồn kho.
transfer_2026_00018,wh_cold,wh_raw_south,pending,transfer_2026_00018,2026-07-24T13:00:00+07:00,Điều chuyển cân đối tồn kho.
transfer_2026_00019,wh_raw_south,wh_raw_north,posted,transfer_2026_00019,2026-01-07T13:00:00+07:00,Điều chuyển cân đối tồn kho.
transfer_2026_00020,wh_finished_south,wh_finished_north,cancelled,transfer_2026_00020,2026-04-14T13:00:00+07:00,Điều chuyển cân đối tồn kho.
transfer_2026_00021,wh_raw_south,wh_finished_north,draft,transfer_2026_00021,2026-07-21T13:00:00+07:00,Điều chuyển cân đối tồn kho.
transfer_2026_00022,wh_finished_south,wh_cold,pending,transfer_2026_00022,2026-01-04T13:00:00+07:00,Điều chuyển cân đối tồn kho.
transfer_2026_00023,wh_cold,wh_packaging,posted,transfer_2026_00023,2026-04-11T13:00:00+07:00,Điều chuyển cân đối tồn kho.
transfer_2026_00024,wh_finished_south,wh_raw_south,cancelled,transfer_2026_00024,2026-07-18T13:00:00+07:00,Điều chuyển cân đối tồn kho.
transfer_2026_00025,wh_cold,wh_raw_north,draft,transfer_2026_00025,2026-01-01T13:00:00+07:00,Điều chuyển cân đối tồn kho.
transfer_2026_00026,wh_raw_south,wh_finished_south,pending,transfer_2026_00026,2026-04-08T13:00:00+07:00,Điều chuyển cân đối tồn kho.
transfer_2026_00027,wh_cold,wh_finished_north,posted,transfer_2026_00027,2026-07-15T13:00:00+07:00,Điều chuyển cân đối tồn kho.
transfer_2026_00028,wh_raw_south,wh_cold,cancelled,transfer_2026_00028,2026-01-22T13:00:00+07:00,Điều chuyển cân đối tồn kho.
transfer_2026_00029,wh_finished_south,wh_packaging,draft,transfer_2026_00029,2026-04-05T13:00:00+07:00,Điều chuyển cân đối tồn kho.
transfer_2026_00030,wh_raw_south,wh_raw_north,pending,transfer_2026_00030,2026-07-12T13:00:00+07:00,Điều chuyển cân đối tồn kho.
transfer_2026_00031,wh_finished_south,wh_raw_north,posted,transfer_2026_00031,2026-01-19T13:00:00+07:00,Điều chuyển cân đối tồn kho.
transfer_2026_00032,wh_cold,wh_finished_south,cancelled,transfer_2026_00032,2026-04-02T13:00:00+07:00,Điều chuyển cân đối tồn kho.
transfer_2026_00033,wh_finished_south,wh_finished_north,draft,transfer_2026_00033,2026-07-09T13:00:00+07:00,Điều chuyển cân đối tồn kho.
transfer_2026_00034,wh_raw_south,wh_cold,pending,transfer_2026_00034,2026-01-16T13:00:00+07:00,Điều chuyển cân đối tồn kho.
transfer_2026_00035,wh_cold,wh_packaging,posted,transfer_2026_00035,2026-04-23T13:00:00+07:00,Điều chuyển cân đối tồn kho.
transfer_2026_00036,wh_raw_south,wh_raw_north,cancelled,transfer_2026_00036,2026-07-06T13:00:00+07:00,Điều chuyển cân đối tồn kho.
transfer_2026_00037,wh_finished_south,wh_raw_north,draft,transfer_2026_00037,2026-01-13T13:00:00+07:00,Điều chuyển cân đối tồn kho.
transfer_2026_00038,wh_raw_south,wh_finished_south,pending,transfer_2026_00038,2026-04-20T13:00:00+07:00,Điều chuyển cân đối tồn kho.
transfer_2026_00039,wh_finished_south,wh_finished_north,posted,transfer_2026_00039,2026-07-03T13:00:00+07:00,Điều chuyển cân đối tồn kho.
transfer_2026_00040,wh_cold,wh_packaging,cancelled,transfer_2026_00040,2026-01-10T13:00:00+07:00,Điều chuyển cân đối tồn kho.
transfer_2026_00041,wh_finished_south,wh_packaging,draft,transfer_2026_00041,2026-04-17T13:00:00+07:00,Điều chuyển cân đối tồn kho.
transfer_2026_00042,wh_cold,wh_raw_south,pending,transfer_2026_00042,2026-07-24T13:00:00+07:00,Điều chuyển cân đối tồn kho.
transfer_2026_00043,wh_raw_south,wh_raw_north,posted,transfer_2026_00043,2026-01-07T13:00:00+07:00,Điều chuyển cân đối tồn kho.
transfer_2026_00044,wh_cold,wh_finished_south,cancelled,transfer_2026_00044,2026-04-14T13:00:00+07:00,Điều chuyển cân đối tồn kho.
transfer_2026_00045,wh_raw_south,wh_finished_north,draft,transfer_2026_00045,2026-07-21T13:00:00+07:00,Điều chuyển cân đối tồn kho.
transfer_2026_00046,wh_finished_south,wh_cold,pending,transfer_2026_00046,2026-01-04T13:00:00+07:00,Điều chuyển cân đối tồn kho.
transfer_2026_00047,wh_raw_south,wh_packaging,posted,transfer_2026_00047,2026-04-11T13:00:00+07:00,Điều chuyển cân đối tồn kho.
transfer_2026_00048,wh_finished_south,wh_raw_south,cancelled,transfer_2026_00048,2026-07-18T13:00:00+07:00,Điều chuyển cân đối tồn kho.
transfer_2026_00049,wh_raw_south,wh_raw_north,draft,transfer_2026_00049,2026-01-01T13:00:00+07:00,Điều chuyển cân đối tồn kho.
transfer_2026_00050,wh_cold,wh_finished_south,pending,transfer_2026_00050,2026-04-08T13:00:00+07:00,Điều chuyển cân đối tồn kho.
transfer_2026_00051,wh_raw_south,wh_finished_north,posted,transfer_2026_00051,2026-07-15T13:00:00+07:00,Điều chuyển cân đối tồn kho.
transfer_2026_00052,wh_finished_south,wh_cold,cancelled,transfer_2026_00052,2026-01-22T13:00:00+07:00,Điều chuyển cân đối tồn kho.
transfer_2026_00053,wh_raw_south,wh_packaging,draft,transfer_2026_00053,2026-04-05T13:00:00+07:00,Điều chuyển cân đối tồn kho.
transfer_2026_00054,wh_finished_south,wh_raw_south,pending,transfer_2026_00054,2026-07-12T13:00:00+07:00,Điều chuyển cân đối tồn kho.
transfer_2026_00055,wh_cold,wh_raw_north,posted,transfer_2026_00055,2026-01-19T13:00:00+07:00,Điều chuyển cân đối tồn kho.
transfer_2026_00056,wh_finished_south,wh_finished_north,cancelled,transfer_2026_00056,2026-04-02T13:00:00+07:00,Điều chuyển cân đối tồn kho.
transfer_2026_00057,wh_cold,wh_finished_north,draft,transfer_2026_00057,2026-07-09T13:00:00+07:00,Điều chuyển cân đối tồn kho.
transfer_2026_00058,wh_raw_south,wh_cold,pending,transfer_2026_00058,2026-01-16T13:00:00+07:00,Điều chuyển cân đối tồn kho.
transfer_2026_00059,wh_cold,wh_packaging,posted,transfer_2026_00059,2026-04-23T13:00:00+07:00,Điều chuyển cân đối tồn kho.
transfer_2026_00060,wh_raw_south,wh_raw_north,cancelled,transfer_2026_00060,2026-07-06T13:00:00+07:00,Điều chuyển cân đối tồn kho.
transfer_2026_00061,wh_finished_south,wh_raw_north,draft,transfer_2026_00061,2026-01-13T13:00:00+07:00,Điều chuyển cân đối tồn kho.
transfer_2026_00062,wh_raw_south,wh_finished_south,pending,transfer_2026_00062,2026-04-20T13:00:00+07:00,Điều chuyển cân đối tồn kho.
transfer_2026_00063,wh_finished_south,wh_finished_north,posted,transfer_2026_00063,2026-07-03T13:00:00+07:00,Điều chuyển cân đối tồn kho.
transfer_2026_00064,wh_cold,wh_packaging,cancelled,transfer_2026_00064,2026-01-10T13:00:00+07:00,Điều chuyển cân đối tồn kho.
transfer_2026_00065,wh_finished_south,wh_packaging,draft,transfer_2026_00065,2026-04-17T13:00:00+07:00,Điều chuyển cân đối tồn kho.
transfer_2026_00066,wh_raw_south,wh_raw_north,pending,transfer_2026_00066,2026-07-24T13:00:00+07:00,Điều chuyển cân đối tồn kho.
transfer_2026_00067,wh_finished_south,wh_raw_north,posted,transfer_2026_00067,2026-01-07T13:00:00+07:00,Điều chuyển cân đối tồn kho.
transfer_2026_00068,wh_cold,wh_finished_south,cancelled,transfer_2026_00068,2026-04-14T13:00:00+07:00,Điều chuyển cân đối tồn kho.
transfer_2026_00069,wh_finished_south,wh_finished_north,draft,transfer_2026_00069,2026-07-21T13:00:00+07:00,Điều chuyển cân đối tồn kho.
transfer_2026_00070,wh_cold,wh_packaging,pending,transfer_2026_00070,2026-01-04T13:00:00+07:00,Điều chuyển cân đối tồn kho.
transfer_2026_00071,wh_raw_south,wh_packaging,posted,transfer_2026_00071,2026-04-11T13:00:00+07:00,Điều chuyển cân đối tồn kho.
transfer_2026_00072,wh_cold,wh_raw_south,cancelled,transfer_2026_00072,2026-07-18T13:00:00+07:00,Điều chuyển cân đối tồn kho.
transfer_2026_00073,wh_raw_south,wh_raw_north,draft,transfer_2026_00073,2026-01-01T13:00:00+07:00,Điều chuyển cân đối tồn kho.
transfer_2026_00074,wh_finished_south,wh_finished_north,pending,transfer_2026_00074,2026-04-08T13:00:00+07:00,Điều chuyển cân đối tồn kho.
transfer_2026_00075,wh_raw_south,wh_finished_north,posted,transfer_2026_00075,2026-07-15T13:00:00+07:00,Điều chuyển cân đối tồn kho.
transfer_2026_00076,wh_finished_south,wh_cold,cancelled,transfer_2026_00076,2026-01-22T13:00:00+07:00,Điều chuyển cân đối tồn kho.
transfer_2026_00077,wh_cold,wh_packaging,draft,transfer_2026_00077,2026-04-05T13:00:00+07:00,Điều chuyển cân đối tồn kho.
transfer_2026_00078,wh_finished_south,wh_raw_south,pending,transfer_2026_00078,2026-07-12T13:00:00+07:00,Điều chuyển cân đối tồn kho.
transfer_2026_00079,wh_cold,wh_raw_north,posted,transfer_2026_00079,2026-01-19T13:00:00+07:00,Điều chuyển cân đối tồn kho.
transfer_2026_00080,wh_raw_south,wh_finished_south,cancelled,transfer_2026_00080,2026-04-02T13:00:00+07:00,Điều chuyển cân đối tồn kho.
transfer_2026_00081,wh_raw_south,wh_finished_north,draft,transfer_2026_00081,2026-07-09T13:00:00+07:00,Điều chuyển cân đối tồn kho.
transfer_2026_00082,wh_cold,wh_packaging,pending,transfer_2026_00082,2026-01-16T13:00:00+07:00,Điều chuyển cân đối tồn kho.
transfer_2026_00083,wh_raw_south,wh_packaging,posted,transfer_2026_00083,2026-04-23T13:00:00+07:00,Điều chuyển cân đối tồn kho.
transfer_2026_00084,wh_finished_south,wh_raw_south,cancelled,transfer_2026_00084,2026-07-06T13:00:00+07:00,Điều chuyển cân đối tồn kho.
transfer_2026_00085,wh_raw_south,wh_raw_north,draft,transfer_2026_00085,2026-01-13T13:00:00+07:00,Điều chuyển cân đối tồn kho.
transfer_2026_00086,wh_finished_south,wh_finished_north,pending,transfer_2026_00086,2026-04-20T13:00:00+07:00,Điều chuyển cân đối tồn kho.
transfer_2026_00087,wh_cold,wh_finished_north,posted,transfer_2026_00087,2026-07-03T13:00:00+07:00,Điều chuyển cân đối tồn kho.
transfer_2026_00088,wh_finished_south,wh_cold,cancelled,transfer_2026_00088,2026-01-10T13:00:00+07:00,Điều chuyển cân đối tồn kho.
transfer_2026_00089,wh_cold,wh_packaging,draft,transfer_2026_00089,2026-04-17T13:00:00+07:00,Điều chuyển cân đối tồn kho.
transfer_2026_00090,wh_raw_south,wh_raw_north,pending,transfer_2026_00090,2026-07-24T13:00:00+07:00,Điều chuyển cân đối tồn kho.
transfer_2026_00091,wh_cold,wh_raw_north,posted,transfer_2026_00091,2026-01-07T13:00:00+07:00,Điều chuyển cân đối tồn kho.
transfer_2026_00092,wh_raw_south,wh_finished_south,cancelled,transfer_2026_00092,2026-04-14T13:00:00+07:00,Điều chuyển cân đối tồn kho.
transfer_2026_00093,wh_finished_south,wh_finished_north,draft,transfer_2026_00093,2026-07-21T13:00:00+07:00,Điều chuyển cân đối tồn kho.
transfer_2026_00094,wh_raw_south,wh_cold,pending,transfer_2026_00094,2026-01-04T13:00:00+07:00,Điều chuyển cân đối tồn kho.
transfer_2026_00095,wh_finished_south,wh_packaging,posted,transfer_2026_00095,2026-04-11T13:00:00+07:00,Điều chuyển cân đối tồn kho.
transfer_2026_00096,wh_cold,wh_raw_south,cancelled,transfer_2026_00096,2026-07-18T13:00:00+07:00,Điều chuyển cân đối tồn kho.
transfer_2026_00097,wh_finished_south,wh_raw_north,draft,transfer_2026_00097,2026-01-01T13:00:00+07:00,Điều chuyển cân đối tồn kho.
transfer_2026_00098,wh_raw_south,wh_finished_south,pending,transfer_2026_00098,2026-04-08T13:00:00+07:00,Điều chuyển cân đối tồn kho.
transfer_2026_00099,wh_cold,wh_finished_north,posted,transfer_2026_00099,2026-07-15T13:00:00+07:00,Điều chuyển cân đối tồn kho.
transfer_2026_00100,wh_raw_south,wh_cold,cancelled,transfer_2026_00100,2026-01-22T13:00:00+07:00,Điều chuyển cân đối tồn kho.
transfer_2026_00101,wh_finished_south,wh_packaging,draft,transfer_2026_00101,2026-04-05T13:00:00+07:00,Điều chuyển cân đối tồn kho.
transfer_2026_00102,wh_raw_south,wh_raw_north,pending,transfer_2026_00102,2026-07-12T13:00:00+07:00,Điều chuyển cân đối tồn kho.
transfer_2026_00103,wh_finished_south,wh_raw_north,posted,transfer_2026_00103,2026-01-19T13:00:00+07:00,Điều chuyển cân đối tồn kho.
transfer_2026_00104,wh_cold,wh_finished_south,cancelled,transfer_2026_00104,2026-04-02T13:00:00+07:00,Điều chuyển cân đối tồn kho.
transfer_2026_00105,wh_finished_south,wh_finished_north,draft,transfer_2026_00105,2026-07-09T13:00:00+07:00,Điều chuyển cân đối tồn kho.
transfer_2026_00106,wh_cold,wh_packaging,pending,transfer_2026_00106,2026-01-16T13:00:00+07:00,Điều chuyển cân đối tồn kho.
transfer_2026_00107,wh_raw_south,wh_packaging,posted,transfer_2026_00107,2026-04-23T13:00:00+07:00,Điều chuyển cân đối tồn kho.
transfer_2026_00108,wh_cold,wh_raw_south,cancelled,transfer_2026_00108,2026-07-06T13:00:00+07:00,Điều chuyển cân đối tồn kho.
transfer_2026_00109,wh_raw_south,wh_raw_north,draft,transfer_2026_00109,2026-01-13T13:00:00+07:00,Điều chuyển cân đối tồn kho.
transfer_2026_00110,wh_finished_south,wh_finished_north,pending,transfer_2026_00110,2026-04-20T13:00:00+07:00,Điều chuyển cân đối tồn kho.
transfer_2026_00111,wh_raw_south,wh_finished_north,posted,transfer_2026_00111,2026-07-03T13:00:00+07:00,Điều chuyển cân đối tồn kho.
transfer_2026_00112,wh_finished_south,wh_cold,cancelled,transfer_2026_00112,2026-01-10T13:00:00+07:00,Điều chuyển cân đối tồn kho.
transfer_2026_00113,wh_raw_south,wh_packaging,draft,transfer_2026_00113,2026-04-17T13:00:00+07:00,Điều chuyển cân đối tồn kho.
transfer_2026_00114,wh_cold,wh_raw_south,pending,transfer_2026_00114,2026-07-24T13:00:00+07:00,Điều chuyển cân đối tồn kho.
transfer_2026_00115,wh_raw_south,wh_raw_north,posted,transfer_2026_00115,2026-01-07T13:00:00+07:00,Điều chuyển cân đối tồn kho.
transfer_2026_00116,wh_finished_south,wh_finished_north,cancelled,transfer_2026_00116,2026-04-14T13:00:00+07:00,Điều chuyển cân đối tồn kho.
transfer_2026_00117,wh_raw_south,wh_finished_north,draft,transfer_2026_00117,2026-07-21T13:00:00+07:00,Điều chuyển cân đối tồn kho.
transfer_2026_00118,wh_finished_south,wh_cold,pending,transfer_2026_00118,2026-01-04T13:00:00+07:00,Điều chuyển cân đối tồn kho.
transfer_2026_00119,wh_cold,wh_packaging,posted,transfer_2026_00119,2026-04-11T13:00:00+07:00,Điều chuyển cân đối tồn kho.
transfer_2026_00120,wh_finished_south,wh_raw_south,cancelled,transfer_2026_00120,2026-07-18T13:00:00+07:00,Điều chuyển cân đối tồn kho.
transfer_2026_00121,wh_cold,wh_raw_north,draft,transfer_2026_00121,2026-01-01T13:00:00+07:00,Điều chuyển cân đối tồn kho.
transfer_2026_00122,wh_raw_south,wh_finished_south,pending,transfer_2026_00122,2026-04-08T13:00:00+07:00,Điều chuyển cân đối tồn kho.
transfer_2026_00123,wh_cold,wh_finished_north,posted,transfer_2026_00123,2026-07-15T13:00:00+07:00,Điều chuyển cân đối tồn kho.
transfer_2026_00124,wh_raw_south,wh_cold,cancelled,transfer_2026_00124,2026-01-22T13:00:00+07:00,Điều chuyển cân đối tồn kho.
transfer_2026_00125,wh_finished_south,wh_packaging,draft,transfer_2026_00125,2026-04-05T13:00:00+07:00,Điều chuyển cân đối tồn kho.
transfer_2026_00126,wh_raw_south,wh_raw_north,pending,transfer_2026_00126,2026-07-12T13:00:00+07:00,Điều chuyển cân đối tồn kho.
transfer_2026_00127,wh_finished_south,wh_raw_north,posted,transfer_2026_00127,2026-01-19T13:00:00+07:00,Điều chuyển cân đối tồn kho.
transfer_2026_00128,wh_cold,wh_finished_south,cancelled,transfer_2026_00128,2026-04-02T13:00:00+07:00,Điều chuyển cân đối tồn kho.
transfer_2026_00129,wh_finished_south,wh_finished_north,draft,transfer_2026_00129,2026-07-09T13:00:00+07:00,Điều chuyển cân đối tồn kho.
transfer_2026_00130,wh_raw_south,wh_cold,pending,transfer_2026_00130,2026-01-16T13:00:00+07:00,Điều chuyển cân đối tồn kho.
transfer_2026_00131,wh_finished_south,wh_packaging,posted,transfer_2026_00131,2026-04-23T13:00:00+07:00,Điều chuyển cân đối tồn kho.
transfer_2026_00132,wh_cold,wh_raw_south,cancelled,transfer_2026_00132,2026-07-06T13:00:00+07:00,Điều chuyển cân đối tồn kho.
transfer_2026_00133,wh_finished_south,wh_raw_north,draft,transfer_2026_00133,2026-01-13T13:00:00+07:00,Điều chuyển cân đối tồn kho.
transfer_2026_00134,wh_cold,wh_finished_south,pending,transfer_2026_00134,2026-04-20T13:00:00+07:00,Điều chuyển cân đối tồn kho.
transfer_2026_00135,wh_raw_south,wh_finished_north,posted,transfer_2026_00135,2026-07-03T13:00:00+07:00,Điều chuyển cân đối tồn kho.
transfer_2026_00136,wh_cold,wh_packaging,cancelled,transfer_2026_00136,2026-01-10T13:00:00+07:00,Điều chuyển cân đối tồn kho.
transfer_2026_00137,wh_raw_south,wh_packaging,draft,transfer_2026_00137,2026-04-17T13:00:00+07:00,Điều chuyển cân đối tồn kho.
transfer_2026_00138,wh_finished_south,wh_raw_south,pending,transfer_2026_00138,2026-07-24T13:00:00+07:00,Điều chuyển cân đối tồn kho.
transfer_2026_00139,wh_raw_south,wh_raw_north,posted,transfer_2026_00139,2026-01-07T13:00:00+07:00,Điều chuyển cân đối tồn kho.
transfer_2026_00140,wh_finished_south,wh_finished_north,cancelled,transfer_2026_00140,2026-04-14T13:00:00+07:00,Điều chuyển cân đối tồn kho.
transfer_2026_00141,wh_cold,wh_finished_north,draft,transfer_2026_00141,2026-07-21T13:00:00+07:00,Điều chuyển cân đối tồn kho.
transfer_2026_00142,wh_finished_south,wh_cold,pending,transfer_2026_00142,2026-01-04T13:00:00+07:00,Điều chuyển cân đối tồn kho.
transfer_2026_00143,wh_cold,wh_packaging,posted,transfer_2026_00143,2026-04-11T13:00:00+07:00,Điều chuyển cân đối tồn kho.
transfer_2026_00144,wh_raw_south,wh_raw_north,cancelled,transfer_2026_00144,2026-07-18T13:00:00+07:00,Điều chuyển cân đối tồn kho.
transfer_2026_00145,wh_raw_south,wh_raw_north,draft,transfer_2026_00145,2026-01-01T13:00:00+07:00,Điều chuyển cân đối tồn kho.
transfer_2026_00146,wh_cold,wh_finished_south,pending,transfer_2026_00146,2026-04-08T13:00:00+07:00,Điều chuyển cân đối tồn kho.
transfer_2026_00147,wh_raw_south,wh_finished_north,posted,transfer_2026_00147,2026-07-15T13:00:00+07:00,Điều chuyển cân đối tồn kho.
transfer_2026_00148,wh_finished_south,wh_cold,cancelled,transfer_2026_00148,2026-01-22T13:00:00+07:00,Điều chuyển cân đối tồn kho.
transfer_2026_00149,wh_raw_south,wh_packaging,draft,transfer_2026_00149,2026-04-05T13:00:00+07:00,Điều chuyển cân đối tồn kho.
transfer_2026_00150,wh_finished_south,wh_raw_south,pending,transfer_2026_00150,2026-07-12T13:00:00+07:00,Điều chuyển cân đối tồn kho.
transfer_2026_00151,wh_cold,wh_raw_north,posted,transfer_2026_00151,2026-01-19T13:00:00+07:00,Điều chuyển cân đối tồn kho.
transfer_2026_00152,wh_finished_south,wh_finished_north,cancelled,transfer_2026_00152,2026-04-02T13:00:00+07:00,Điều chuyển cân đối tồn kho.
transfer_2026_00153,wh_cold,wh_finished_north,draft,transfer_2026_00153,2026-07-09T13:00:00+07:00,Điều chuyển cân đối tồn kho.
transfer_2026_00154,wh_raw_south,wh_cold,pending,transfer_2026_00154,2026-01-16T13:00:00+07:00,Điều chuyển cân đối tồn kho.
transfer_2026_00155,wh_cold,wh_packaging,posted,transfer_2026_00155,2026-04-23T13:00:00+07:00,Điều chuyển cân đối tồn kho.
transfer_2026_00156,wh_raw_south,wh_raw_north,cancelled,transfer_2026_00156,2026-07-06T13:00:00+07:00,Điều chuyển cân đối tồn kho.
transfer_2026_00157,wh_finished_south,wh_raw_north,draft,transfer_2026_00157,2026-01-13T13:00:00+07:00,Điều chuyển cân đối tồn kho.
transfer_2026_00158,wh_raw_south,wh_finished_south,pending,transfer_2026_00158,2026-04-20T13:00:00+07:00,Điều chuyển cân đối tồn kho.
transfer_2026_00159,wh_finished_south,wh_finished_north,posted,transfer_2026_00159,2026-07-03T13:00:00+07:00,Điều chuyển cân đối tồn kho.
transfer_2026_00160,wh_cold,wh_packaging,cancelled,transfer_2026_00160,2026-01-10T13:00:00+07:00,Điều chuyển cân đối tồn kho.
transfer_2026_00161,wh_finished_south,wh_packaging,draft,transfer_2026_00161,2026-04-17T13:00:00+07:00,Điều chuyển cân đối tồn kho.
transfer_2026_00162,wh_raw_south,wh_raw_north,pending,transfer_2026_00162,2026-07-24T13:00:00+07:00,Điều chuyển cân đối tồn kho.
transfer_2026_00163,wh_cold,wh_raw_north,posted,transfer_2026_00163,2026-01-07T13:00:00+07:00,Điều chuyển cân đối tồn kho.
transfer_2026_00164,wh_raw_south,wh_finished_south,cancelled,transfer_2026_00164,2026-04-14T13:00:00+07:00,Điều chuyển cân đối tồn kho.
transfer_2026_00165,wh_finished_south,wh_finished_north,draft,transfer_2026_00165,2026-07-21T13:00:00+07:00,Điều chuyển cân đối tồn kho.
transfer_2026_00166,wh_raw_south,wh_cold,pending,transfer_2026_00166,2026-01-04T13:00:00+07:00,Điều chuyển cân đối tồn kho.
transfer_2026_00167,wh_finished_south,wh_packaging,posted,transfer_2026_00167,2026-04-11T13:00:00+07:00,Điều chuyển cân đối tồn kho.
transfer_2026_00168,wh_cold,wh_raw_south,cancelled,transfer_2026_00168,2026-07-18T13:00:00+07:00,Điều chuyển cân đối tồn kho.
transfer_2026_00169,wh_finished_south,wh_raw_north,draft,transfer_2026_00169,2026-01-01T13:00:00+07:00,Điều chuyển cân đối tồn kho.
transfer_2026_00170,wh_cold,wh_finished_south,pending,transfer_2026_00170,2026-04-08T13:00:00+07:00,Điều chuyển cân đối tồn kho.
transfer_2026_00171,wh_raw_south,wh_finished_north,posted,transfer_2026_00171,2026-07-15T13:00:00+07:00,Điều chuyển cân đối tồn kho.
transfer_2026_00172,wh_cold,wh_packaging,cancelled,transfer_2026_00172,2026-01-22T13:00:00+07:00,Điều chuyển cân đối tồn kho.
transfer_2026_00173,wh_raw_south,wh_packaging,draft,transfer_2026_00173,2026-04-05T13:00:00+07:00,Điều chuyển cân đối tồn kho.
transfer_2026_00174,wh_finished_south,wh_raw_south,pending,transfer_2026_00174,2026-07-12T13:00:00+07:00,Điều chuyển cân đối tồn kho.
transfer_2026_00175,wh_raw_south,wh_raw_north,posted,transfer_2026_00175,2026-01-19T13:00:00+07:00,Điều chuyển cân đối tồn kho.
transfer_2026_00176,wh_finished_south,wh_finished_north,cancelled,transfer_2026_00176,2026-04-02T13:00:00+07:00,Điều chuyển cân đối tồn kho.
transfer_2026_00177,wh_raw_south,wh_finished_north,draft,transfer_2026_00177,2026-07-09T13:00:00+07:00,Điều chuyển cân đối tồn kho.
transfer_2026_00178,wh_cold,wh_packaging,pending,transfer_2026_00178,2026-01-16T13:00:00+07:00,Điều chuyển cân đối tồn kho.
transfer_2026_00179,wh_raw_south,wh_packaging,posted,transfer_2026_00179,2026-04-23T13:00:00+07:00,Điều chuyển cân đối tồn kho.
transfer_2026_00180,wh_finished_south,wh_raw_south,cancelled,transfer_2026_00180,2026-07-06T13:00:00+07:00,Điều chuyển cân đối tồn kho.
transfer_2026_00181,wh_raw_south,wh_raw_north,draft,transfer_2026_00181,2026-01-13T13:00:00+07:00,Điều chuyển cân đối tồn kho.
transfer_2026_00182,wh_finished_south,wh_finished_north,pending,transfer_2026_00182,2026-04-20T13:00:00+07:00,Điều chuyển cân đối tồn kho.
transfer_2026_00183,wh_cold,wh_finished_north,posted,transfer_2026_00183,2026-07-03T13:00:00+07:00,Điều chuyển cân đối tồn kho.
transfer_2026_00184,wh_finished_south,wh_cold,cancelled,transfer_2026_00184,2026-01-10T13:00:00+07:00,Điều chuyển cân đối tồn kho.
transfer_2026_00185,wh_cold,wh_packaging,draft,transfer_2026_00185,2026-04-17T13:00:00+07:00,Điều chuyển cân đối tồn kho.
transfer_2026_00186,wh_raw_south,wh_raw_north,pending,transfer_2026_00186,2026-07-24T13:00:00+07:00,Điều chuyển cân đối tồn kho.
transfer_2026_00187,wh_cold,wh_raw_north,posted,transfer_2026_00187,2026-01-07T13:00:00+07:00,Điều chuyển cân đối tồn kho.
transfer_2026_00188,wh_raw_south,wh_finished_south,cancelled,transfer_2026_00188,2026-04-14T13:00:00+07:00,Điều chuyển cân đối tồn kho.
transfer_2026_00189,wh_finished_south,wh_finished_north,draft,transfer_2026_00189,2026-07-21T13:00:00+07:00,Điều chuyển cân đối tồn kho.
transfer_2026_00190,wh_raw_south,wh_cold,pending,transfer_2026_00190,2026-01-04T13:00:00+07:00,Điều chuyển cân đối tồn kho.
transfer_2026_00191,wh_finished_south,wh_packaging,posted,transfer_2026_00191,2026-04-11T13:00:00+07:00,Điều chuyển cân đối tồn kho.
transfer_2026_00192,wh_cold,wh_raw_south,cancelled,transfer_2026_00192,2026-07-18T13:00:00+07:00,Điều chuyển cân đối tồn kho.
transfer_2026_00193,wh_finished_south,wh_raw_north,draft,transfer_2026_00193,2026-01-01T13:00:00+07:00,Điều chuyển cân đối tồn kho.
transfer_2026_00194,wh_raw_south,wh_finished_south,pending,transfer_2026_00194,2026-04-08T13:00:00+07:00,Điều chuyển cân đối tồn kho.
transfer_2026_00195,wh_finished_south,wh_finished_north,posted,transfer_2026_00195,2026-07-15T13:00:00+07:00,Điều chuyển cân đối tồn kho.
transfer_2026_00196,wh_cold,wh_packaging,cancelled,transfer_2026_00196,2026-01-22T13:00:00+07:00,Điều chuyển cân đối tồn kho.
transfer_2026_00197,wh_finished_south,wh_packaging,draft,transfer_2026_00197,2026-04-05T13:00:00+07:00,Điều chuyển cân đối tồn kho.
transfer_2026_00198,wh_cold,wh_raw_south,pending,transfer_2026_00198,2026-07-12T13:00:00+07:00,Điều chuyển cân đối tồn kho.
transfer_2026_00199,wh_raw_south,wh_raw_north,posted,transfer_2026_00199,2026-01-19T13:00:00+07:00,Điều chuyển cân đối tồn kho.
transfer_2026_00200,wh_cold,wh_finished_south,cancelled,transfer_2026_00200,2026-04-02T13:00:00+07:00,Điều chuyển cân đối tồn kho.
transfer_2026_00201,wh_raw_south,wh_finished_north,draft,transfer_2026_00201,2026-07-09T13:00:00+07:00,Điều chuyển cân đối tồn kho.
transfer_2026_00202,wh_finished_south,wh_cold,pending,transfer_2026_00202,2026-01-16T13:00:00+07:00,Điều chuyển cân đối tồn kho.
transfer_2026_00203,wh_raw_south,wh_packaging,posted,transfer_2026_00203,2026-04-23T13:00:00+07:00,Điều chuyển cân đối tồn kho.
transfer_2026_00204,wh_finished_south,wh_raw_south,cancelled,transfer_2026_00204,2026-07-06T13:00:00+07:00,Điều chuyển cân đối tồn kho.
transfer_2026_00205,wh_cold,wh_raw_north,draft,transfer_2026_00205,2026-01-13T13:00:00+07:00,Điều chuyển cân đối tồn kho.
transfer_2026_00206,wh_finished_south,wh_finished_north,pending,transfer_2026_00206,2026-04-20T13:00:00+07:00,Điều chuyển cân đối tồn kho.
transfer_2026_00207,wh_cold,wh_finished_north,posted,transfer_2026_00207,2026-07-03T13:00:00+07:00,Điều chuyển cân đối tồn kho.
transfer_2026_00208,wh_raw_south,wh_cold,cancelled,transfer_2026_00208,2026-01-10T13:00:00+07:00,Điều chuyển cân đối tồn kho.
transfer_2026_00209,wh_raw_south,wh_packaging,draft,transfer_2026_00209,2026-04-17T13:00:00+07:00,Điều chuyển cân đối tồn kho.
transfer_2026_00210,wh_cold,wh_raw_south,pending,transfer_2026_00210,2026-07-24T13:00:00+07:00,Điều chuyển cân đối tồn kho.
transfer_2026_00211,wh_raw_south,wh_raw_north,posted,transfer_2026_00211,2026-01-07T13:00:00+07:00,Điều chuyển cân đối tồn kho.
transfer_2026_00212,wh_finished_south,wh_finished_north,cancelled,transfer_2026_00212,2026-04-14T13:00:00+07:00,Điều chuyển cân đối tồn kho.
transfer_2026_00213,wh_raw_south,wh_finished_north,draft,transfer_2026_00213,2026-07-21T13:00:00+07:00,Điều chuyển cân đối tồn kho.
transfer_2026_00214,wh_finished_south,wh_cold,pending,transfer_2026_00214,2026-01-04T13:00:00+07:00,Điều chuyển cân đối tồn kho.
transfer_2026_00215,wh_cold,wh_packaging,posted,transfer_2026_00215,2026-04-11T13:00:00+07:00,Điều chuyển cân đối tồn kho.
transfer_2026_00216,wh_finished_south,wh_raw_south,cancelled,transfer_2026_00216,2026-07-18T13:00:00+07:00,Điều chuyển cân đối tồn kho.
transfer_2026_00217,wh_cold,wh_raw_north,draft,transfer_2026_00217,2026-01-01T13:00:00+07:00,Điều chuyển cân đối tồn kho.
transfer_2026_00218,wh_raw_south,wh_finished_south,pending,transfer_2026_00218,2026-04-08T13:00:00+07:00,Điều chuyển cân đối tồn kho.
transfer_2026_00219,wh_cold,wh_finished_north,posted,transfer_2026_00219,2026-07-15T13:00:00+07:00,Điều chuyển cân đối tồn kho.
transfer_2026_00220,wh_raw_south,wh_cold,cancelled,transfer_2026_00220,2026-01-22T13:00:00+07:00,Điều chuyển cân đối tồn kho.
transfer_2026_00221,wh_finished_south,wh_packaging,draft,transfer_2026_00221,2026-04-05T13:00:00+07:00,Điều chuyển cân đối tồn kho.
transfer_2026_00222,wh_raw_south,wh_raw_north,pending,transfer_2026_00222,2026-07-12T13:00:00+07:00,Điều chuyển cân đối tồn kho.
transfer_2026_00223,wh_finished_south,wh_raw_north,posted,transfer_2026_00223,2026-01-19T13:00:00+07:00,Điều chuyển cân đối tồn kho.
transfer_2026_00224,wh_cold,wh_finished_south,cancelled,transfer_2026_00224,2026-04-02T13:00:00+07:00,Điều chuyển cân đối tồn kho.
transfer_2026_00225,wh_finished_south,wh_finished_north,draft,transfer_2026_00225,2026-07-09T13:00:00+07:00,Điều chuyển cân đối tồn kho.
transfer_2026_00226,wh_raw_south,wh_cold,pending,transfer_2026_00226,2026-01-16T13:00:00+07:00,Điều chuyển cân đối tồn kho.
transfer_2026_00227,wh_cold,wh_packaging,posted,transfer_2026_00227,2026-04-23T13:00:00+07:00,Điều chuyển cân đối tồn kho.
transfer_2026_00228,wh_raw_south,wh_raw_north,cancelled,transfer_2026_00228,2026-07-06T13:00:00+07:00,Điều chuyển cân đối tồn kho.
transfer_2026_00229,wh_finished_south,wh_raw_north,draft,transfer_2026_00229,2026-01-13T13:00:00+07:00,Điều chuyển cân đối tồn kho.
transfer_2026_00230,wh_raw_south,wh_finished_south,pending,transfer_2026_00230,2026-04-20T13:00:00+07:00,Điều chuyển cân đối tồn kho.
transfer_2026_00231,wh_finished_south,wh_finished_north,posted,transfer_2026_00231,2026-07-03T13:00:00+07:00,Điều chuyển cân đối tồn kho.
transfer_2026_00232,wh_cold,wh_packaging,cancelled,transfer_2026_00232,2026-01-10T13:00:00+07:00,Điều chuyển cân đối tồn kho.
transfer_2026_00233,wh_finished_south,wh_packaging,draft,transfer_2026_00233,2026-04-17T13:00:00+07:00,Điều chuyển cân đối tồn kho.
transfer_2026_00234,wh_cold,wh_raw_south,pending,transfer_2026_00234,2026-07-24T13:00:00+07:00,Điều chuyển cân đối tồn kho.
transfer_2026_00235,wh_raw_south,wh_raw_north,posted,transfer_2026_00235,2026-01-07T13:00:00+07:00,Điều chuyển cân đối tồn kho.
transfer_2026_00236,wh_cold,wh_finished_south,cancelled,transfer_2026_00236,2026-04-14T13:00:00+07:00,Điều chuyển cân đối tồn kho.
transfer_2026_00237,wh_raw_south,wh_finished_north,draft,transfer_2026_00237,2026-07-21T13:00:00+07:00,Điều chuyển cân đối tồn kho.
transfer_2026_00238,wh_finished_south,wh_cold,pending,transfer_2026_00238,2026-01-04T13:00:00+07:00,Điều chuyển cân đối tồn kho.
transfer_2026_00239,wh_raw_south,wh_packaging,posted,transfer_2026_00239,2026-04-11T13:00:00+07:00,Điều chuyển cân đối tồn kho.
transfer_2026_00240,wh_finished_south,wh_raw_south,cancelled,transfer_2026_00240,2026-07-18T13:00:00+07:00,Điều chuyển cân đối tồn kho.
transfer_2026_00241,wh_raw_south,wh_raw_north,draft,transfer_2026_00241,2026-01-01T13:00:00+07:00,Điều chuyển cân đối tồn kho.
transfer_2026_00242,wh_cold,wh_finished_south,pending,transfer_2026_00242,2026-04-08T13:00:00+07:00,Điều chuyển cân đối tồn kho.
transfer_2026_00243,wh_raw_south,wh_finished_north,posted,transfer_2026_00243,2026-07-15T13:00:00+07:00,Điều chuyển cân đối tồn kho.
transfer_2026_00244,wh_finished_south,wh_cold,cancelled,transfer_2026_00244,2026-01-22T13:00:00+07:00,Điều chuyển cân đối tồn kho.
transfer_2026_00245,wh_raw_south,wh_packaging,draft,transfer_2026_00245,2026-04-05T13:00:00+07:00,Điều chuyển cân đối tồn kho.
transfer_2026_00246,wh_finished_south,wh_raw_south,pending,transfer_2026_00246,2026-07-12T13:00:00+07:00,Điều chuyển cân đối tồn kho.
transfer_2026_00247,wh_cold,wh_raw_north,posted,transfer_2026_00247,2026-01-19T13:00:00+07:00,Điều chuyển cân đối tồn kho.
transfer_2026_00248,wh_finished_south,wh_finished_north,cancelled,transfer_2026_00248,2026-04-02T13:00:00+07:00,Điều chuyển cân đối tồn kho.
transfer_2026_00249,wh_cold,wh_finished_north,draft,transfer_2026_00249,2026-07-09T13:00:00+07:00,Điều chuyển cân đối tồn kho.
transfer_2026_00250,wh_raw_south,wh_cold,pending,transfer_2026_00250,2026-01-16T13:00:00+07:00,Điều chuyển cân đối tồn kho.
transfer_2026_state_draft,wh_finished_south,wh_raw_north,draft,transfer_state_draft,,Phiếu điều chuyển ở trạng thái draft.
transfer_2026_state_pending,wh_finished_south,wh_raw_north,pending,transfer_state_pending,,Phiếu điều chuyển ở trạng thái pending.
transfer_2026_state_cancelled,wh_finished_south,wh_raw_north,cancelled,transfer_state_cancelled,,Phiếu điều chuyển ở trạng thái cancelled.
