product_name,product_category,brand,source_url
Sữa tươi tiệt trùng Green Farm Rất ít đường,Sữa tươi tiệt trùng,Green Farm,https://www.vinamilk.com.vn/products/sua-dau-nanh-vinamilk-super-soy-gap-doi-canxi
Sữa tươi tiệt trùng Green Farm Organic,Sữa tươi tiệt trùng,Green Farm,https://www.vinamilk.com.vn/products/sua-dau-nanh-vinamilk-super-soy-gap-doi-canxi
Sữa tươi tiệt trùng Green Farm Cao đạm ít béo,Sữa tươi tiệt trùng,Green Farm,https://www.vinamilk.com.vn/products/sua-dau-nanh-vinamilk-super-soy-gap-doi-canxi
Sữa tươi tiệt trùng 100% Ít đường,Sữa tươi tiệt trùng,Vinamilk 100%,https://partners.vinamilk.com.vn/collections/all-products
Sữa tươi tiệt trùng 100% Không đường,Sữa tươi tiệt trùng,Vinamilk 100%,https://new.vinamilk.com.vn/collections/sua-tuoi
Sữa hạt 9 loại hạt Ít đường,Sữa hạt,Vinamilk,https://www.vinamilk.com.vn/products/sua-dau-nanh-vinamilk-super-soy-gap-doi-canxi
Sữa đậu nành Hạnh nhân Ít đường,Sữa đậu nành,Vinamilk,https://partners.vinamilk.com.vn/collections/all-products
Sữa đậu nành Sữa tươi Ít đường,Sữa đậu nành,Vinamilk,https://www.vinamilk.com.vn/products/sua-bot-pedia-kenji-1
Sữa bột CanxiPro,Sữa bột người lớn,CanxiPro,https://www.vinamilk.com.vn/products/sua-dau-nanh-vinamilk-super-soy-gap-doi-canxi
Sữa chua uống SuSu Hương Dâu,Sữa chua uống,SuSu,https://www.vinamilk.com.vn/vi/tin-tuc-su-kien/2556/khuyen-dung-susu-va-hero-mua-cang-nhieu-qua-cang-to
Sữa chua uống SuSu Hương Cam,Sữa chua uống,SuSu,https://www.vinamilk.com.vn/cong-bo-san-pham/wp-content/uploads/cbsp/pa-000001-tcbsp-09-ncpt-24-final.pdf
Sữa chua uống SuSu Hương Táo Nho,Sữa chua uống,SuSu,https://www.vinamilk.com.vn/vi/tin-tuc-su-kien/2556/khuyen-dung-susu-va-hero-mua-cang-nhieu-qua-cang-to
Sữa chua uống SuSu Hương Việt Quất Chuối,Sữa chua uống,SuSu,https://www.vinamilk.com.vn/vi/tin-tuc-su-kien/2556/khuyen-dung-susu-va-hero-mua-cang-nhieu-qua-cang-to
Sữa trái cây Hero Hương Dâu,Sữa trái cây,Hero,https://new.vinamilk.com.vn/collections/sua-trai-cay
Sữa trái cây Hero Hương Kẹo Nho,Sữa trái cây,Hero,https://new.vinamilk.com.vn/collections/sua-trai-cay
Sữa trái cây Hero Hương Cam,Sữa trái cây,Hero,https://new.vinamilk.com.vn/collections/sua-trai-cay
Sữa trái cây Hero Hương Dưa Hấu,Sữa trái cây,Hero,https://new.vinamilk.com.vn/collections/sua-trai-cay
Sữa trái cây SuSu Thạch Hương Kẹo Bông,Sữa trái cây có thạch,SuSu,https://new.vinamilk.com.vn/collections/sua-trai-cay
Sữa trái cây SuSu Thạch Hương Marshmallow Kiwi,Sữa trái cây có thạch,SuSu,https://new.vinamilk.com.vn/collections/sua-trai-cay
Nước ép Cam Đào Collagen,Nước ép,Vinamilk,https://partners.vinamilk.com.vn/collections/all-products
Nước ép Cam,Nước ép,Vinamilk,https://www.vinamilk.com.vn/products/sua-bot-pedia-kenji-1
Nước ép Táo,Nước ép,Vinamilk,https://new.vinamilk.com.vn/collections/nuoc-giai-khat
Nước dừa tươi,Nước dừa,Vinamilk,https://new.vinamilk.com.vn/collections/nuoc-giai-khat
Nước dừa tắc,Nước dừa,Vinamilk,https://www.vinamilk.com.vn/products/sua-bot-pedia-kenji-1
Nước tinh khiết ICY Premium,Nước tinh khiết,ICY,https://new.vinamilk.com.vn/collections/nuoc-giai-khat
Sữa đặc Ông Thọ Nhãn đỏ,Sữa đặc,Ông Thọ,https://www.vinamilk.com.vn/products/sua-bot-pedia-kenji-1
Sữa bột Dielac Grow Plus 2,Sữa bột trẻ em,Dielac Grow Plus,https://livestream.vinamilk.com.vn/
Sữa uống dinh dưỡng Dielac Grow Plus,Sữa uống dinh dưỡng,Dielac Grow Plus,https://livestream.vinamilk.com.vn/
Sữa bột Optimum Gold 4,Sữa bột trẻ em,Optimum Gold,https://livestream.vinamilk.com.vn/
Sữa uống dinh dưỡng Optimum Gold,Sữa uống dinh dưỡng,Optimum Gold,https://livestream.vinamilk.com.vn/
Sữa bột Vinamilk ColosGold 3,Sữa bột trẻ em,ColosGold,https://livestream.vinamilk.com.vn/
Sữa uống dinh dưỡng Vinamilk ColosGold,Sữa uống dinh dưỡng,ColosGold,https://livestream.vinamilk.com.vn/
Sữa bột YokoGold 1,Sữa bột trẻ em,YokoGold,https://www.vinamilk.com.vn/products/sua-bot-pedia-kenji-1
Bột ăn dặm RiDielac Gold,Bột dinh dưỡng,RiDielac Gold,https://livestream.vinamilk.com.vn/
Kem hộp Vinamilk Dừa,Kem,Vinamilk,https://www.vinamilk.com.vn/products/sua-bot-pedia-kenji-1
Kem hộp Vinamilk Gelato Dừa,Kem,Vinamilk Gelato,https://www.vinamilk.com.vn/products/sua-bot-pedia-kenji-1
Sữa chua ăn Vinamilk Có đường,Sữa chua ăn,Vinamilk,https://partners.vinamilk.com.vn/collections/all-products
Sữa chua ăn Vinamilk Không đường,Sữa chua ăn,Vinamilk,https://partners.vinamilk.com.vn/collections/all-products
Sữa chua uống Probi,Sữa chua uống,Probi,https://partners.vinamilk.com.vn/collections/all-products
Phô mai Vinamilk,Phô mai,Vinamilk,https://www.vinamilk.com.vn/static/uploads/bc_thuong_nien/1398182024-7e25ebe2588a7b30e90438bd67863da4777dfe4bbb6d919cb6a6b9c98867b980.pdf
